row_index,sample_id,temperature,temperature_index,replicate_index,chain_index,chain_id,seed,initial_state,production_sweep_number,sample_index_within_chain,split_name,energy_per_spin,signed_magnetisation,absolute_magnetisation,acceptance_fraction
0,d25_t00_r00_s000,1.5,0,0,0,ising2d_t00_r00_seed25000,25000,up,40,0,train,-1.92,0.98,0.98,0.014250000000000004
1,d25_t00_r00_s001,1.5,0,0,0,ising2d_t00_r00_seed25000,25000,up,80,1,train,-1.96,0.99,0.99,0.015750000000000004
2,d25_t00_r00_s002,1.5,0,0,0,ising2d_t00_r00_seed25000,25000,up,120,2,train,-1.85,0.96,0.96,0.014500000000000002
3,d25_t00_r00_s003,1.5,0,0,0,ising2d_t00_r00_seed25000,25000,up,160,3,train,-1.93,0.98,0.98,0.014500000000000004
4,d25_t00_r00_s004,1.5,0,0,0,ising2d_t00_r00_seed25000,25000,up,200,4,train,-1.96,0.99,0.99,0.015000000000000003
5,d25_t00_r00_s005,1.5,0,0,0,ising2d_t00_r00_seed25000,25000,up,240,5,train,-1.93,0.98,0.98,0.012500000000000006
6,d25_t00_r00_s006,1.5,0,0,0,ising2d_t00_r00_seed25000,25000,up,280,6,train,-1.98,0.995,0.995,0.012562500000000004
7,d25_t00_r00_s007,1.5,0,0,0,ising2d_t00_r00_seed25000,25000,up,320,7,train,-1.98,0.995,0.995,0.013250000000000003
8,d25_t00_r00_s008,1.5,0,0,0,ising2d_t00_r00_seed25000,25000,up,360,8,train,-1.94,0.985,0.985,0.014625000000000003
9,d25_t00_r00_s009,1.5,0,0,0,ising2d_t00_r00_seed25000,25000,up,400,9,train,-1.94,0.98,0.98,0.011562500000000007
10,d25_t00_r00_s010,1.5,0,0,0,ising2d_t00_r00_seed25000,25000,up,440,10,train,-1.92,0.98,0.98,0.014250000000000004
11,d25_t00_r00_s011,1.5,0,0,0,ising2d_t00_r00_seed25000,25000,up,480,11,train,-2.0,1.0,1.0,0.010875000000000006
12,d25_t00_r00_s012,1.5,0,0,0,ising2d_t00_r00_seed25000,25000,up,520,12,train,-1.93,0.98,0.98,0.012125000000000007
13,d25_t00_r00_s013,1.5,0,0,0,ising2d_t00_r00_seed25000,25000,up,560,13,train,-1.97,0.99,0.99,0.017000000000000008
14,d25_t00_r00_s014,1.5,0,0,0,ising2d_t00_r00_seed25000,25000,up,600,14,train,-1.94,0.985,0.985,0.012687500000000004
15,d25_t00_r00_s015,1.5,0,0,0,ising2d_t00_r00_seed25000,25000,up,640,15,train,-1.94,0.985,0.985,0.012000000000000007
16,d25_t00_r00_s016,1.5,0,0,0,ising2d_t00_r00_seed25000,25000,up,680,16,train,-1.96,0.99,0.99,0.015312500000000003
17,d25_t00_r00_s017,1.5,0,0,0,ising2d_t00_r00_seed25000,25000,up,720,17,train,-1.9,0.965,0.965,0.011312500000000005
18,d25_t00_r00_s018,1.5,0,0,0,ising2d_t00_r00_seed25000,25000,up,760,18,train,-1.94,0.985,0.985,0.015624999999999997
19,d25_t00_r00_s019,1.5,0,0,0,ising2d_t00_r00_seed25000,25000,up,800,19,train,-1.9,0.97,0.97,0.013562500000000009
20,d25_t00_r00_s020,1.5,0,0,0,ising2d_t00_r00_seed25000,25000,up,840,20,train,-1.96,0.985,0.985,0.011812500000000007
21,d25_t00_r00_s021,1.5,0,0,0,ising2d_t00_r00_seed25000,25000,up,880,21,train,-1.9,0.97,0.97,0.014437500000000006
22,d25_t00_r00_s022,1.5,0,0,0,ising2d_t00_r00_seed25000,25000,up,920,22,train,-1.91,0.975,0.975,0.0141875
23,d25_t00_r00_s023,1.5,0,0,0,ising2d_t00_r00_seed25000,25000,up,960,23,train,-1.94,0.985,0.985,0.017499999999999998
24,d25_t00_r00_s024,1.5,0,0,0,ising2d_t00_r00_seed25000,25000,up,1000,24,train,-1.98,0.995,0.995,0.013875000000000002
25,d25_t00_r00_s025,1.5,0,0,0,ising2d_t00_r00_seed25000,25000,up,1040,25,train,-1.91,0.975,0.975,0.010500000000000006
26,d25_t00_r00_s026,1.5,0,0,0,ising2d_t00_r00_seed25000,25000,up,1080,26,train,-1.93,0.98,0.98,0.012812500000000008
27,d25_t00_r00_s027,1.5,0,0,0,ising2d_t00_r00_seed25000,25000,up,1120,27,train,-1.93,0.98,0.98,0.014625000000000003
28,d25_t00_r00_s028,1.5,0,0,0,ising2d_t00_r00_seed25000,25000,up,1160,28,train,-1.98,0.995,0.995,0.014062500000000002
29,d25_t00_r00_s029,1.5,0,0,0,ising2d_t00_r00_seed25000,25000,up,1200,29,train,-1.92,0.97,0.97,0.011062500000000005
30,d25_t00_r00_s030,1.5,0,0,0,ising2d_t00_r00_seed25000,25000,up,1240,30,train,-1.94,0.985,0.985,0.012812500000000004
31,d25_t00_r00_s031,1.5,0,0,0,ising2d_t00_r00_seed25000,25000,up,1280,31,train,-1.92,0.98,0.98,0.0175625
32,d25_t00_r00_s032,1.5,0,0,0,ising2d_t00_r00_seed25000,25000,up,1320,32,train,-1.95,0.985,0.985,0.011687500000000005
33,d25_t00_r00_s033,1.5,0,0,0,ising2d_t00_r00_seed25000,25000,up,1360,33,train,-1.98,0.995,0.995,0.013875000000000004
34,d25_t00_r00_s034,1.5,0,0,0,ising2d_t00_r00_seed25000,25000,up,1400,34,train,-1.98,0.995,0.995,0.012000000000000007
35,d25_t00_r00_s035,1.5,0,0,0,ising2d_t00_r00_seed25000,25000,up,1440,35,train,-1.97,0.99,0.99,0.011187500000000006
36,d25_t00_r00_s036,1.5,0,0,0,ising2d_t00_r00_seed25000,25000,up,1480,36,train,-1.93,0.98,0.98,0.017500000000000005
37,d25_t00_r00_s037,1.5,0,0,0,ising2d_t00_r00_seed25000,25000,up,1520,37,train,-1.98,0.995,0.995,0.013062500000000005
38,d25_t00_r00_s038,1.5,0,0,0,ising2d_t00_r00_seed25000,25000,up,1560,38,train,-2.0,1.0,1.0,0.012312500000000007
39,d25_t00_r00_s039,1.5,0,0,0,ising2d_t00_r00_seed25000,25000,up,1600,39,train,-1.96,0.99,0.99,0.013125000000000006
40,d25_t00_r00_s040,1.5,0,0,0,ising2d_t00_r00_seed25000,25000,up,1640,40,train,-1.93,0.98,0.98,0.011500000000000007
41,d25_t00_r00_s041,1.5,0,0,0,ising2d_t00_r00_seed25000,25000,up,1680,41,train,-1.92,0.975,0.975,0.010437500000000006
42,d25_t00_r00_s042,1.5,0,0,0,ising2d_t00_r00_seed25000,25000,up,1720,42,train,-1.96,0.99,0.99,0.012187500000000007
43,d25_t00_r00_s043,1.5,0,0,0,ising2d_t00_r00_seed25000,25000,up,1760,43,train,-1.98,0.995,0.995,0.013687500000000002
44,d25_t00_r00_s044,1.5,0,0,0,ising2d_t00_r00_seed25000,25000,up,1800,44,train,-2.0,1.0,1.0,0.011437500000000007
45,d25_t00_r00_s045,1.5,0,0,0,ising2d_t00_r00_seed25000,25000,up,1840,45,train,-1.98,0.995,0.995,0.014187499999999997
46,d25_t00_r00_s046,1.5,0,0,0,ising2d_t00_r00_seed25000,25000,up,1880,46,train,-1.97,0.99,0.99,0.011062500000000003
47,d25_t00_r00_s047,1.5,0,0,0,ising2d_t00_r00_seed25000,25000,up,1920,47,train,-1.94,0.98,0.98,0.013875000000000007
48,d25_t00_r00_s048,1.5,0,0,0,ising2d_t00_r00_seed25000,25000,up,1960,48,train,-1.91,0.975,0.975,0.014187500000000002
49,d25_t00_r00_s049,1.5,0,0,0,ising2d_t00_r00_seed25000,25000,up,2000,49,train,-1.93,0.98,0.98,0.011437500000000007
50,d25_t00_r01_s000,1.5,0,1,1,ising2d_t00_r01_seed25018,25018,down,40,0,train,-1.96,-0.99,0.99,0.009250000000000003
51,d25_t00_r01_s001,1.5,0,1,1,ising2d_t00_r01_seed25018,25018,down,80,1,train,-1.94,-0.985,0.985,0.011187500000000005
52,d25_t00_r01_s002,1.5,0,1,1,ising2d_t00_r01_seed25018,25018,down,120,2,train,-1.85,-0.96,0.96,0.014812500000000001
53,d25_t00_r01_s003,1.5,0,1,1,ising2d_t00_r01_seed25018,25018,down,160,3,train,-1.95,-0.985,0.985,0.014687500000000006
54,d25_t00_r01_s004,1.5,0,1,1,ising2d_t00_r01_seed25018,25018,down,200,4,train,-1.92,-0.975,0.975,0.010500000000000006
55,d25_t00_r01_s005,1.5,0,1,1,ising2d_t00_r01_seed25018,25018,down,240,5,train,-1.96,-0.99,0.99,0.012937500000000005
56,d25_t00_r01_s006,1.5,0,1,1,ising2d_t00_r01_seed25018,25018,down,280,6,train,-1.94,-0.985,0.985,0.013312500000000005
57,d25_t00_r01_s007,1.5,0,1,1,ising2d_t00_r01_seed25018,25018,down,320,7,train,-1.95,-0.985,0.985,0.017625000000000002
58,d25_t00_r01_s008,1.5,0,1,1,ising2d_t00_r01_seed25018,25018,down,360,8,train,-1.98,-0.995,0.995,0.009625000000000005
59,d25_t00_r01_s009,1.5,0,1,1,ising2d_t00_r01_seed25018,25018,down,400,9,train,-1.96,-0.99,0.99,0.0139375
60,d25_t00_r01_s010,1.5,0,1,1,ising2d_t00_r01_seed25018,25018,down,440,10,train,-1.98,-0.995,0.995,0.009812500000000005
61,d25_t00_r01_s011,1.5,0,1,1,ising2d_t00_r01_seed25018,25018,down,480,11,train,-1.98,-0.995,0.995,0.012000000000000007
62,d25_t00_r01_s012,1.5,0,1,1,ising2d_t00_r01_seed25018,25018,down,520,12,train,-1.96,-0.99,0.99,0.014812500000000001
63,d25_t00_r01_s013,1.5,0,1,1,ising2d_t00_r01_seed25018,25018,down,560,13,train,-1.93,-0.98,0.98,0.011375000000000005
64,d25_t00_r01_s014,1.5,0,1,1,ising2d_t00_r01_seed25018,25018,down,600,14,train,-1.93,-0.98,0.98,0.015000000000000005
65,d25_t00_r01_s015,1.5,0,1,1,ising2d_t00_r01_seed25018,25018,down,640,15,train,-1.94,-0.985,0.985,0.014937500000000003
66,d25_t00_r01_s016,1.5,0,1,1,ising2d_t00_r01_seed25018,25018,down,680,16,train,-1.96,-0.99,0.99,0.009812500000000005
67,d25_t00_r01_s017,1.5,0,1,1,ising2d_t00_r01_seed25018,25018,down,720,17,train,-2.0,-1.0,1.0,0.013375000000000003
68,d25_t00_r01_s018,1.5,0,1,1,ising2d_t00_r01_seed25018,25018,down,760,18,train,-1.92,-0.98,0.98,0.012625000000000006
69,d25_t00_r01_s019,1.5,0,1,1,ising2d_t00_r01_seed25018,25018,down,800,19,train,-1.9,-0.975,0.975,0.013812500000000002
70,d25_t00_r01_s020,1.5,0,1,1,ising2d_t00_r01_seed25018,25018,down,840,20,train,-1.94,-0.985,0.985,0.013875000000000004
71,d25_t00_r01_s021,1.5,0,1,1,ising2d_t00_r01_seed25018,25018,down,880,21,train,-1.9,-0.975,0.975,0.010625000000000006
72,d25_t00_r01_s022,1.5,0,1,1,ising2d_t00_r01_seed25018,25018,down,920,22,train,-1.92,-0.98,0.98,0.017687500000000002
73,d25_t00_r01_s023,1.5,0,1,1,ising2d_t00_r01_seed25018,25018,down,960,23,train,-1.91,-0.965,0.965,0.015187500000000007
74,d25_t00_r01_s024,1.5,0,1,1,ising2d_t00_r01_seed25018,25018,down,1000,24,train,-2.0,-1.0,1.0,0.013187500000000005
75,d25_t00_r01_s025,1.5,0,1,1,ising2d_t00_r01_seed25018,25018,down,1040,25,train,-1.91,-0.975,0.975,0.012437500000000006
76,d25_t00_r01_s026,1.5,0,1,1,ising2d_t00_r01_seed25018,25018,down,1080,26,train,-1.91,-0.975,0.975,0.015250000000000003
77,d25_t00_r01_s027,1.5,0,1,1,ising2d_t00_r01_seed25018,25018,down,1120,27,train,-2.0,-1.0,1.0,0.011312500000000007
78,d25_t00_r01_s028,1.5,0,1,1,ising2d_t00_r01_seed25018,25018,down,1160,28,train,-2.0,-1.0,1.0,0.015375000000000003
79,d25_t00_r01_s029,1.5,0,1,1,ising2d_t00_r01_seed25018,25018,down,1200,29,train,-1.96,-0.99,0.99,0.013000000000000003
80,d25_t00_r01_s030,1.5,0,1,1,ising2d_t00_r01_seed25018,25018,down,1240,30,train,-1.96,-0.99,0.99,0.012375000000000006
81,d25_t00_r01_s031,1.5,0,1,1,ising2d_t00_r01_seed25018,25018,down,1280,31,train,-1.92,-0.98,0.98,0.011875000000000007
82,d25_t00_r01_s032,1.5,0,1,1,ising2d_t00_r01_seed25018,25018,down,1320,32,train,-1.96,-0.99,0.99,0.016624999999999997
83,d25_t00_r01_s033,1.5,0,1,1,ising2d_t00_r01_seed25018,25018,down,1360,33,train,-2.0,-1.0,1.0,0.012250000000000007
84,d25_t00_r01_s034,1.5,0,1,1,ising2d_t00_r01_seed25018,25018,down,1400,34,train,-1.98,-0.995,0.995,0.013312500000000008
85,d25_t00_r01_s035,1.5,0,1,1,ising2d_t00_r01_seed25018,25018,down,1440,35,train,-1.94,-0.985,0.985,0.013000000000000003
86,d25_t00_r01_s036,1.5,0,1,1,ising2d_t00_r01_seed25018,25018,down,1480,36,train,-2.0,-1.0,1.0,0.0144375
87,d25_t00_r01_s037,1.5,0,1,1,ising2d_t00_r01_seed25018,25018,down,1520,37,train,-1.96,-0.99,0.99,0.014500000000000002
88,d25_t00_r01_s038,1.5,0,1,1,ising2d_t00_r01_seed25018,25018,down,1560,38,train,-1.94,-0.985,0.985,0.014687499999999997
89,d25_t00_r01_s039,1.5,0,1,1,ising2d_t00_r01_seed25018,25018,down,1600,39,train,-1.96,-0.99,0.99,0.0140625
90,d25_t00_r01_s040,1.5,0,1,1,ising2d_t00_r01_seed25018,25018,down,1640,40,train,-1.91,-0.975,0.975,0.015437500000000003
91,d25_t00_r01_s041,1.5,0,1,1,ising2d_t00_r01_seed25018,25018,down,1680,41,train,-1.94,-0.985,0.985,0.009250000000000005
92,d25_t00_r01_s042,1.5,0,1,1,ising2d_t00_r01_seed25018,25018,down,1720,42,train,-1.86,-0.96,0.96,0.013937500000000005
93,d25_t00_r01_s043,1.5,0,1,1,ising2d_t00_r01_seed25018,25018,down,1760,43,train,-1.94,-0.985,0.985,0.013437500000000005
94,d25_t00_r01_s044,1.5,0,1,1,ising2d_t00_r01_seed25018,25018,down,1800,44,train,-1.96,-0.99,0.99,0.013812500000000002
95,d25_t00_r01_s045,1.5,0,1,1,ising2d_t00_r01_seed25018,25018,down,1840,45,train,-1.93,-0.975,0.975,0.0139375
96,d25_t00_r01_s046,1.5,0,1,1,ising2d_t00_r01_seed25018,25018,down,1880,46,train,-1.96,-0.99,0.99,0.014437500000000006
97,d25_t00_r01_s047,1.5,0,1,1,ising2d_t00_r01_seed25018,25018,down,1920,47,train,-1.98,-0.995,0.995,0.015937499999999997
98,d25_t00_r01_s048,1.5,0,1,1,ising2d_t00_r01_seed25018,25018,down,1960,48,train,-1.94,-0.985,0.985,0.014375000000000004
99,d25_t00_r01_s049,1.5,0,1,1,ising2d_t00_r01_seed25018,25018,down,2000,49,train,-1.96,-0.99,0.99,0.011687500000000003
100,d25_t00_r02_s000,1.5,0,2,2,ising2d_t00_r02_seed25036,25036,up,40,0,validation,-1.89,0.965,0.965,0.015
101,d25_t00_r02_s001,1.5,0,2,2,ising2d_t00_r02_seed25036,25036,up,80,1,validation,-1.92,0.98,0.98,0.014687500000000003
102,d25_t00_r02_s002,1.5,0,2,2,ising2d_t00_r02_seed25036,25036,up,120,2,validation,-1.87,0.965,0.965,0.011437500000000007
103,d25_t00_r02_s003,1.5,0,2,2,ising2d_t00_r02_seed25036,25036,up,160,3,validation,-1.98,0.995,0.995,0.01525
104,d25_t00_r02_s004,1.5,0,2,2,ising2d_t00_r02_seed25036,25036,up,200,4,validation,-2.0,1.0,1.0,0.013187500000000005
105,d25_t00_r02_s005,1.5,0,2,2,ising2d_t00_r02_seed25036,25036,up,240,5,validation,-1.93,0.975,0.975,0.015062500000000003
106,d25_t00_r02_s006,1.5,0,2,2,ising2d_t00_r02_seed25036,25036,up,280,6,validation,-1.95,0.985,0.985,0.016874999999999998
107,d25_t00_r02_s007,1.5,0,2,2,ising2d_t00_r02_seed25036,25036,up,320,7,validation,-1.87,0.96,0.96,0.016187500000000004
108,d25_t00_r02_s008,1.5,0,2,2,ising2d_t00_r02_seed25036,25036,up,360,8,validation,-1.96,0.99,0.99,0.011625000000000005
109,d25_t00_r02_s009,1.5,0,2,2,ising2d_t00_r02_seed25036,25036,up,400,9,validation,-1.98,0.995,0.995,0.016437499999999997
110,d25_t00_r02_s010,1.5,0,2,2,ising2d_t00_r02_seed25036,25036,up,440,10,validation,-2.0,1.0,1.0,0.013812500000000002
111,d25_t00_r02_s011,1.5,0,2,2,ising2d_t00_r02_seed25036,25036,up,480,11,validation,-1.95,0.985,0.985,0.010562500000000006
112,d25_t00_r02_s012,1.5,0,2,2,ising2d_t00_r02_seed25036,25036,up,520,12,validation,-1.94,0.985,0.985,0.011500000000000007
113,d25_t00_r02_s013,1.5,0,2,2,ising2d_t00_r02_seed25036,25036,up,560,13,validation,-1.96,0.99,0.99,0.007812500000000003
114,d25_t00_r02_s014,1.5,0,2,2,ising2d_t00_r02_seed25036,25036,up,600,14,validation,-1.92,0.975,0.975,0.013687500000000005
115,d25_t00_r02_s015,1.5,0,2,2,ising2d_t00_r02_seed25036,25036,up,640,15,validation,-1.96,0.99,0.99,0.012812500000000004
116,d25_t00_r02_s016,1.5,0,2,2,ising2d_t00_r02_seed25036,25036,up,680,16,validation,-1.95,0.985,0.985,0.012562500000000004
117,d25_t00_r02_s017,1.5,0,2,2,ising2d_t00_r02_seed25036,25036,up,720,17,validation,-1.96,0.99,0.99,0.011312500000000007
118,d25_t00_r02_s018,1.5,0,2,2,ising2d_t00_r02_seed25036,25036,up,760,18,validation,-1.93,0.98,0.98,0.012750000000000006
119,d25_t00_r02_s019,1.5,0,2,2,ising2d_t00_r02_seed25036,25036,up,800,19,validation,-1.96,0.99,0.99,0.013250000000000001
120,d25_t00_r02_s020,1.5,0,2,2,ising2d_t00_r02_seed25036,25036,up,840,20,validation,-1.91,0.975,0.975,0.013312500000000001
121,d25_t00_r02_s021,1.5,0,2,2,ising2d_t00_r02_seed25036,25036,up,880,21,validation,-1.94,0.985,0.985,0.012375000000000006
122,d25_t00_r02_s022,1.5,0,2,2,ising2d_t00_r02_seed25036,25036,up,920,22,validation,-1.94,0.985,0.985,0.011500000000000007
123,d25_t00_r02_s023,1.5,0,2,2,ising2d_t00_r02_seed25036,25036,up,960,23,validation,-1.96,0.99,0.99,0.015187500000000001
124,d25_t00_r02_s024,1.5,0,2,2,ising2d_t00_r02_seed25036,25036,up,1000,24,validation,-1.96,0.99,0.99,0.013375000000000007
125,d25_t00_r02_s025,1.5,0,2,2,ising2d_t00_r02_seed25036,25036,up,1040,25,validation,-1.94,0.98,0.98,0.014000000000000004
126,d25_t00_r02_s026,1.5,0,2,2,ising2d_t00_r02_seed25036,25036,up,1080,26,validation,-2.0,1.0,1.0,0.015500000000000005
127,d25_t00_r02_s027,1.5,0,2,2,ising2d_t00_r02_seed25036,25036,up,1120,27,validation,-1.9,0.975,0.975,0.0174375
128,d25_t00_r02_s028,1.5,0,2,2,ising2d_t00_r02_seed25036,25036,up,1160,28,validation,-1.92,0.98,0.98,0.015187500000000003
129,d25_t00_r02_s029,1.5,0,2,2,ising2d_t00_r02_seed25036,25036,up,1200,29,validation,-1.98,0.995,0.995,0.013937500000000002
130,d25_t00_r02_s030,1.5,0,2,2,ising2d_t00_r02_seed25036,25036,up,1240,30,validation,-1.95,0.985,0.985,0.016624999999999994
131,d25_t00_r02_s031,1.5,0,2,2,ising2d_t00_r02_seed25036,25036,up,1280,31,validation,-1.91,0.975,0.975,0.016375000000000008
132,d25_t00_r02_s032,1.5,0,2,2,ising2d_t00_r02_seed25036,25036,up,1320,32,validation,-1.97,0.99,0.99,0.015687499999999997
133,d25_t00_r02_s033,1.5,0,2,2,ising2d_t00_r02_seed25036,25036,up,1360,33,validation,-1.94,0.985,0.985,0.013187500000000008
134,d25_t00_r02_s034,1.5,0,2,2,ising2d_t00_r02_seed25036,25036,up,1400,34,validation,-1.92,0.98,0.98,0.013187500000000001
135,d25_t00_r02_s035,1.5,0,2,2,ising2d_t00_r02_seed25036,25036,up,1440,35,validation,-1.94,0.975,0.975,0.010687500000000003
136,d25_t00_r02_s036,1.5,0,2,2,ising2d_t00_r02_seed25036,25036,up,1480,36,validation,-1.96,0.99,0.99,0.014187500000000002
137,d25_t00_r02_s037,1.5,0,2,2,ising2d_t00_r02_seed25036,25036,up,1520,37,validation,-1.96,0.99,0.99,0.01475
138,d25_t00_r02_s038,1.5,0,2,2,ising2d_t00_r02_seed25036,25036,up,1560,38,validation,-1.96,0.99,0.99,0.012500000000000006
139,d25_t00_r02_s039,1.5,0,2,2,ising2d_t00_r02_seed25036,25036,up,1600,39,validation,-1.94,0.985,0.985,0.011812500000000005
140,d25_t00_r02_s040,1.5,0,2,2,ising2d_t00_r02_seed25036,25036,up,1640,40,validation,-1.98,0.995,0.995,0.014500000000000008
141,d25_t00_r02_s041,1.5,0,2,2,ising2d_t00_r02_seed25036,25036,up,1680,41,validation,-1.98,0.995,0.995,0.014500000000000004
142,d25_t00_r02_s042,1.5,0,2,2,ising2d_t00_r02_seed25036,25036,up,1720,42,validation,-1.96,0.99,0.99,0.012312500000000006
143,d25_t00_r02_s043,1.5,0,2,2,ising2d_t00_r02_seed25036,25036,up,1760,43,validation,-1.98,0.995,0.995,0.010437500000000002
144,d25_t00_r02_s044,1.5,0,2,2,ising2d_t00_r02_seed25036,25036,up,1800,44,validation,-1.94,0.98,0.98,0.011437500000000005
145,d25_t00_r02_s045,1.5,0,2,2,ising2d_t00_r02_seed25036,25036,up,1840,45,validation,-1.96,0.99,0.99,0.01787499999999999
146,d25_t00_r02_s046,1.5,0,2,2,ising2d_t00_r02_seed25036,25036,up,1880,46,validation,-1.97,0.99,0.99,0.015624999999999997
147,d25_t00_r02_s047,1.5,0,2,2,ising2d_t00_r02_seed25036,25036,up,1920,47,validation,-1.94,0.985,0.985,0.015062500000000001
148,d25_t00_r02_s048,1.5,0,2,2,ising2d_t00_r02_seed25036,25036,up,1960,48,validation,-1.94,0.985,0.985,0.012625000000000003
149,d25_t00_r02_s049,1.5,0,2,2,ising2d_t00_r02_seed25036,25036,up,2000,49,validation,-1.85,0.96,0.96,0.018062500000000006
150,d25_t00_r03_s000,1.5,0,3,3,ising2d_t00_r03_seed25054,25054,down,40,0,validation,-1.96,-0.99,0.99,0.012812500000000004
151,d25_t00_r03_s001,1.5,0,3,3,ising2d_t00_r03_seed25054,25054,down,80,1,validation,-1.93,-0.98,0.98,0.010750000000000006
152,d25_t00_r03_s002,1.5,0,3,3,ising2d_t00_r03_seed25054,25054,down,120,2,validation,-1.97,-0.99,0.99,0.012000000000000005
153,d25_t00_r03_s003,1.5,0,3,3,ising2d_t00_r03_seed25054,25054,down,160,3,validation,-1.93,-0.98,0.98,0.014250000000000004
154,d25_t00_r03_s004,1.5,0,3,3,ising2d_t00_r03_seed25054,25054,down,200,4,validation,-1.94,-0.985,0.985,0.013312500000000001
155,d25_t00_r03_s005,1.5,0,3,3,ising2d_t00_r03_seed25054,25054,down,240,5,validation,-1.98,-0.995,0.995,0.012375000000000008
156,d25_t00_r03_s006,1.5,0,3,3,ising2d_t00_r03_seed25054,25054,down,280,6,validation,-1.98,-0.995,0.995,0.012125000000000007
157,d25_t00_r03_s007,1.5,0,3,3,ising2d_t00_r03_seed25054,25054,down,320,7,validation,-2.0,-1.0,1.0,0.011062500000000003
158,d25_t00_r03_s008,1.5,0,3,3,ising2d_t00_r03_seed25054,25054,down,360,8,validation,-1.98,-0.995,0.995,0.011687500000000005
159,d25_t00_r03_s009,1.5,0,3,3,ising2d_t00_r03_seed25054,25054,down,400,9,validation,-1.96,-0.99,0.99,0.011437500000000007
160,d25_t00_r03_s010,1.5,0,3,3,ising2d_t00_r03_seed25054,25054,down,440,10,validation,-1.94,-0.985,0.985,0.012437500000000008
161,d25_t00_r03_s011,1.5,0,3,3,ising2d_t00_r03_seed25054,25054,down,480,11,validation,-1.96,-0.99,0.99,0.011687500000000007
162,d25_t00_r03_s012,1.5,0,3,3,ising2d_t00_r03_seed25054,25054,down,520,12,validation,-1.98,-0.995,0.995,0.009812500000000005
163,d25_t00_r03_s013,1.5,0,3,3,ising2d_t00_r03_seed25054,25054,down,560,13,validation,-1.96,-0.99,0.99,0.010687500000000006
164,d25_t00_r03_s014,1.5,0,3,3,ising2d_t00_r03_seed25054,25054,down,600,14,validation,-1.94,-0.985,0.985,0.0106875
165,d25_t00_r03_s015,1.5,0,3,3,ising2d_t00_r03_seed25054,25054,down,640,15,validation,-1.94,-0.985,0.985,0.012750000000000008
166,d25_t00_r03_s016,1.5,0,3,3,ising2d_t00_r03_seed25054,25054,down,680,16,validation,-1.98,-0.995,0.995,0.013500000000000009
167,d25_t00_r03_s017,1.5,0,3,3,ising2d_t00_r03_seed25054,25054,down,720,17,validation,-1.96,-0.99,0.99,0.012562500000000004
168,d25_t00_r03_s018,1.5,0,3,3,ising2d_t00_r03_seed25054,25054,down,760,18,validation,-1.96,-0.99,0.99,0.012875000000000006
169,d25_t00_r03_s019,1.5,0,3,3,ising2d_t00_r03_seed25054,25054,down,800,19,validation,-1.98,-0.995,0.995,0.012812500000000001
170,d25_t00_r03_s020,1.5,0,3,3,ising2d_t00_r03_seed25054,25054,down,840,20,validation,-1.93,-0.98,0.98,0.015062500000000003
171,d25_t00_r03_s021,1.5,0,3,3,ising2d_t00_r03_seed25054,25054,down,880,21,validation,-1.91,-0.97,0.97,0.013250000000000007
172,d25_t00_r03_s022,1.5,0,3,3,ising2d_t00_r03_seed25054,25054,down,920,22,validation,-1.96,-0.99,0.99,0.014250000000000004
173,d25_t00_r03_s023,1.5,0,3,3,ising2d_t00_r03_seed25054,25054,down,960,23,validation,-1.96,-0.99,0.99,0.013250000000000003
174,d25_t00_r03_s024,1.5,0,3,3,ising2d_t00_r03_seed25054,25054,down,1000,24,validation,-1.96,-0.99,0.99,0.012625000000000006
175,d25_t00_r03_s025,1.5,0,3,3,ising2d_t00_r03_seed25054,25054,down,1040,25,validation,-1.94,-0.985,0.985,0.014187500000000002
176,d25_t00_r03_s026,1.5,0,3,3,ising2d_t00_r03_seed25054,25054,down,1080,26,validation,-1.9,-0.97,0.97,0.015062500000000006
177,d25_t00_r03_s027,1.5,0,3,3,ising2d_t00_r03_seed25054,25054,down,1120,27,validation,-1.9,-0.97,0.97,0.014125000000000009
178,d25_t00_r03_s028,1.5,0,3,3,ising2d_t00_r03_seed25054,25054,down,1160,28,validation,-1.91,-0.975,0.975,0.019937499999999997
179,d25_t00_r03_s029,1.5,0,3,3,ising2d_t00_r03_seed25054,25054,down,1200,29,validation,-1.94,-0.985,0.985,0.014250000000000004
180,d25_t00_r03_s030,1.5,0,3,3,ising2d_t00_r03_seed25054,25054,down,1240,30,validation,-1.94,-0.985,0.985,0.014125000000000002
181,d25_t00_r03_s031,1.5,0,3,3,ising2d_t00_r03_seed25054,25054,down,1280,31,validation,-1.94,-0.985,0.985,0.01625
182,d25_t00_r03_s032,1.5,0,3,3,ising2d_t00_r03_seed25054,25054,down,1320,32,validation,-1.93,-0.98,0.98,0.016687499999999997
183,d25_t00_r03_s033,1.5,0,3,3,ising2d_t00_r03_seed25054,25054,down,1360,33,validation,-1.93,-0.98,0.98,0.016
184,d25_t00_r03_s034,1.5,0,3,3,ising2d_t00_r03_seed25054,25054,down,1400,34,validation,-1.96,-0.99,0.99,0.012000000000000005
185,d25_t00_r03_s035,1.5,0,3,3,ising2d_t00_r03_seed25054,25054,down,1440,35,validation,-1.96,-0.99,0.99,0.019124999999999996
186,d25_t00_r03_s036,1.5,0,3,3,ising2d_t00_r03_seed25054,25054,down,1480,36,validation,-1.96,-0.99,0.99,0.013000000000000006
187,d25_t00_r03_s037,1.5,0,3,3,ising2d_t00_r03_seed25054,25054,down,1520,37,validation,-1.95,-0.985,0.985,0.013312500000000005
188,d25_t00_r03_s038,1.5,0,3,3,ising2d_t00_r03_seed25054,25054,down,1560,38,validation,-1.96,-0.99,0.99,0.016312499999999994
189,d25_t00_r03_s039,1.5,0,3,3,ising2d_t00_r03_seed25054,25054,down,1600,39,validation,-1.96,-0.99,0.99,0.011125000000000006
190,d25_t00_r03_s040,1.5,0,3,3,ising2d_t00_r03_seed25054,25054,down,1640,40,validation,-1.96,-0.99,0.99,0.013000000000000006
191,d25_t00_r03_s041,1.5,0,3,3,ising2d_t00_r03_seed25054,25054,down,1680,41,validation,-1.98,-0.995,0.995,0.014812500000000003
192,d25_t00_r03_s042,1.5,0,3,3,ising2d_t00_r03_seed25054,25054,down,1720,42,validation,-1.9,-0.975,0.975,0.012375000000000008
193,d25_t00_r03_s043,1.5,0,3,3,ising2d_t00_r03_seed25054,25054,down,1760,43,validation,-1.96,-0.99,0.99,0.012187500000000007
194,d25_t00_r03_s044,1.5,0,3,3,ising2d_t00_r03_seed25054,25054,down,1800,44,validation,-1.93,-0.98,0.98,0.013000000000000003
195,d25_t00_r03_s045,1.5,0,3,3,ising2d_t00_r03_seed25054,25054,down,1840,45,validation,-2.0,-1.0,1.0,0.014500000000000004
196,d25_t00_r03_s046,1.5,0,3,3,ising2d_t00_r03_seed25054,25054,down,1880,46,validation,-1.94,-0.985,0.985,0.012687500000000008
197,d25_t00_r03_s047,1.5,0,3,3,ising2d_t00_r03_seed25054,25054,down,1920,47,validation,-1.98,-0.995,0.995,0.013625000000000002
198,d25_t00_r03_s048,1.5,0,3,3,ising2d_t00_r03_seed25054,25054,down,1960,48,validation,-1.98,-0.995,0.995,0.015125000000000005
199,d25_t00_r03_s049,1.5,0,3,3,ising2d_t00_r03_seed25054,25054,down,2000,49,validation,-1.96,-0.99,0.99,0.011437500000000007
200,d25_t00_r04_s000,1.5,0,4,4,ising2d_t00_r04_seed25072,25072,up,40,0,test,-1.88,0.935,0.935,0.01443750000000001
201,d25_t00_r04_s001,1.5,0,4,4,ising2d_t00_r04_seed25072,25072,up,80,1,test,-1.98,0.995,0.995,0.012250000000000004
202,d25_t00_r04_s002,1.5,0,4,4,ising2d_t00_r04_seed25072,25072,up,120,2,test,-1.94,0.98,0.98,0.020062500000000004
203,d25_t00_r04_s003,1.5,0,4,4,ising2d_t00_r04_seed25072,25072,up,160,3,test,-1.94,0.985,0.985,0.017937500000000002
204,d25_t00_r04_s004,1.5,0,4,4,ising2d_t00_r04_seed25072,25072,up,200,4,test,-1.91,0.975,0.975,0.012250000000000004
205,d25_t00_r04_s005,1.5,0,4,4,ising2d_t00_r04_seed25072,25072,up,240,5,test,-1.91,0.96,0.96,0.012062500000000006
206,d25_t00_r04_s006,1.5,0,4,4,ising2d_t00_r04_seed25072,25072,up,280,6,test,-1.92,0.98,0.98,0.012625000000000006
207,d25_t00_r04_s007,1.5,0,4,4,ising2d_t00_r04_seed25072,25072,up,320,7,test,-2.0,1.0,1.0,0.014250000000000002
208,d25_t00_r04_s008,1.5,0,4,4,ising2d_t00_r04_seed25072,25072,up,360,8,test,-1.98,0.995,0.995,0.017062499999999998
209,d25_t00_r04_s009,1.5,0,4,4,ising2d_t00_r04_seed25072,25072,up,400,9,test,-1.92,0.975,0.975,0.011375000000000007
210,d25_t00_r04_s010,1.5,0,4,4,ising2d_t00_r04_seed25072,25072,up,440,10,test,-1.98,0.995,0.995,0.011000000000000005
211,d25_t00_r04_s011,1.5,0,4,4,ising2d_t00_r04_seed25072,25072,up,480,11,test,-1.96,0.99,0.99,0.012437500000000008
212,d25_t00_r04_s012,1.5,0,4,4,ising2d_t00_r04_seed25072,25072,up,520,12,test,-1.98,0.995,0.995,0.015187499999999998
213,d25_t00_r04_s013,1.5,0,4,4,ising2d_t00_r04_seed25072,25072,up,560,13,test,-2.0,1.0,1.0,0.0171875
214,d25_t00_r04_s014,1.5,0,4,4,ising2d_t00_r04_seed25072,25072,up,600,14,test,-1.95,0.985,0.985,0.012937500000000001
215,d25_t00_r04_s015,1.5,0,4,4,ising2d_t00_r04_seed25072,25072,up,640,15,test,-1.97,0.99,0.99,0.014812499999999998
216,d25_t00_r04_s016,1.5,0,4,4,ising2d_t00_r04_seed25072,25072,up,680,16,test,-1.94,0.985,0.985,0.0134375
217,d25_t00_r04_s017,1.5,0,4,4,ising2d_t00_r04_seed25072,25072,up,720,17,test,-1.98,0.995,0.995,0.013000000000000003
218,d25_t00_r04_s018,1.5,0,4,4,ising2d_t00_r04_seed25072,25072,up,760,18,test,-2.0,1.0,1.0,0.011437500000000007
219,d25_t00_r04_s019,1.5,0,4,4,ising2d_t00_r04_seed25072,25072,up,800,19,test,-1.92,0.98,0.98,0.013625000000000003
220,d25_t00_r04_s020,1.5,0,4,4,ising2d_t00_r04_seed25072,25072,up,840,20,test,-1.93,0.98,0.98,0.015375
221,d25_t00_r04_s021,1.5,0,4,4,ising2d_t00_r04_seed25072,25072,up,880,21,test,-1.94,0.985,0.985,0.0156875
222,d25_t00_r04_s022,1.5,0,4,4,ising2d_t00_r04_seed25072,25072,up,920,22,test,-1.98,0.995,0.995,0.015625000000000003
223,d25_t00_r04_s023,1.5,0,4,4,ising2d_t00_r04_seed25072,25072,up,960,23,test,-1.92,0.98,0.98,0.017562499999999998
224,d25_t00_r04_s024,1.5,0,4,4,ising2d_t00_r04_seed25072,25072,up,1000,24,test,-1.89,0.97,0.97,0.011375000000000007
225,d25_t00_r04_s025,1.5,0,4,4,ising2d_t00_r04_seed25072,25072,up,1040,25,test,-1.92,0.98,0.98,0.014375000000000002
226,d25_t00_r04_s026,1.5,0,4,4,ising2d_t00_r04_seed25072,25072,up,1080,26,test,-1.94,0.985,0.985,0.010937500000000006
227,d25_t00_r04_s027,1.5,0,4,4,ising2d_t00_r04_seed25072,25072,up,1120,27,test,-1.97,0.99,0.99,0.011062500000000006
228,d25_t00_r04_s028,1.5,0,4,4,ising2d_t00_r04_seed25072,25072,up,1160,28,test,-2.0,1.0,1.0,0.015999999999999993
229,d25_t00_r04_s029,1.5,0,4,4,ising2d_t00_r04_seed25072,25072,up,1200,29,test,-1.92,0.98,0.98,0.015500000000000009
230,d25_t00_r04_s030,1.5,0,4,4,ising2d_t00_r04_seed25072,25072,up,1240,30,test,-1.98,0.995,0.995,0.013562500000000005
231,d25_t00_r04_s031,1.5,0,4,4,ising2d_t00_r04_seed25072,25072,up,1280,31,test,-1.98,0.995,0.995,0.011000000000000005
232,d25_t00_r04_s032,1.5,0,4,4,ising2d_t00_r04_seed25072,25072,up,1320,32,test,-1.98,0.995,0.995,0.013875000000000004
233,d25_t00_r04_s033,1.5,0,4,4,ising2d_t00_r04_seed25072,25072,up,1360,33,test,-1.94,0.98,0.98,0.010937500000000005
234,d25_t00_r04_s034,1.5,0,4,4,ising2d_t00_r04_seed25072,25072,up,1400,34,test,-1.98,0.995,0.995,0.012687500000000008
235,d25_t00_r04_s035,1.5,0,4,4,ising2d_t00_r04_seed25072,25072,up,1440,35,test,-1.92,0.98,0.98,0.017187500000000005
236,d25_t00_r04_s036,1.5,0,4,4,ising2d_t00_r04_seed25072,25072,up,1480,36,test,-1.95,0.985,0.985,0.0165625
237,d25_t00_r04_s037,1.5,0,4,4,ising2d_t00_r04_seed25072,25072,up,1520,37,test,-1.88,0.96,0.96,0.012687500000000008
238,d25_t00_r04_s038,1.5,0,4,4,ising2d_t00_r04_seed25072,25072,up,1560,38,test,-1.96,0.99,0.99,0.014875000000000003
239,d25_t00_r04_s039,1.5,0,4,4,ising2d_t00_r04_seed25072,25072,up,1600,39,test,-1.92,0.975,0.975,0.012187500000000007
240,d25_t00_r04_s040,1.5,0,4,4,ising2d_t00_r04_seed25072,25072,up,1640,40,test,-1.94,0.985,0.985,0.018249999999999995
241,d25_t00_r04_s041,1.5,0,4,4,ising2d_t00_r04_seed25072,25072,up,1680,41,test,-1.92,0.98,0.98,0.0141875
242,d25_t00_r04_s042,1.5,0,4,4,ising2d_t00_r04_seed25072,25072,up,1720,42,test,-1.91,0.975,0.975,0.0171875
243,d25_t00_r04_s043,1.5,0,4,4,ising2d_t00_r04_seed25072,25072,up,1760,43,test,-1.95,0.985,0.985,0.014624999999999999
244,d25_t00_r04_s044,1.5,0,4,4,ising2d_t00_r04_seed25072,25072,up,1800,44,test,-2.0,1.0,1.0,0.013062500000000005
245,d25_t00_r04_s045,1.5,0,4,4,ising2d_t00_r04_seed25072,25072,up,1840,45,test,-2.0,1.0,1.0,0.010375000000000006
246,d25_t00_r04_s046,1.5,0,4,4,ising2d_t00_r04_seed25072,25072,up,1880,46,test,-1.98,0.995,0.995,0.010437500000000006
247,d25_t00_r04_s047,1.5,0,4,4,ising2d_t00_r04_seed25072,25072,up,1920,47,test,-1.98,0.995,0.995,0.010125000000000006
248,d25_t00_r04_s048,1.5,0,4,4,ising2d_t00_r04_seed25072,25072,up,1960,48,test,-1.93,0.98,0.98,0.012687500000000004
249,d25_t00_r04_s049,1.5,0,4,4,ising2d_t00_r04_seed25072,25072,up,2000,49,test,-1.94,0.985,0.985,0.016062500000000004
250,d25_t00_r05_s000,1.5,0,5,5,ising2d_t00_r05_seed25090,25090,down,40,0,test,-1.94,-0.985,0.985,0.011125000000000006
251,d25_t00_r05_s001,1.5,0,5,5,ising2d_t00_r05_seed25090,25090,down,80,1,test,-1.92,-0.975,0.975,0.014250000000000002
252,d25_t00_r05_s002,1.5,0,5,5,ising2d_t00_r05_seed25090,25090,down,120,2,test,-1.96,-0.99,0.99,0.015062500000000006
253,d25_t00_r05_s003,1.5,0,5,5,ising2d_t00_r05_seed25090,25090,down,160,3,test,-1.96,-0.99,0.99,0.013375000000000007
254,d25_t00_r05_s004,1.5,0,5,5,ising2d_t00_r05_seed25090,25090,down,200,4,test,-1.89,-0.97,0.97,0.010875000000000006
255,d25_t00_r05_s005,1.5,0,5,5,ising2d_t00_r05_seed25090,25090,down,240,5,test,-1.97,-0.99,0.99,0.014625000000000008
256,d25_t00_r05_s006,1.5,0,5,5,ising2d_t00_r05_seed25090,25090,down,280,6,test,-1.96,-0.99,0.99,0.012000000000000007
257,d25_t00_r05_s007,1.5,0,5,5,ising2d_t00_r05_seed25090,25090,down,320,7,test,-2.0,-1.0,1.0,0.011000000000000005
258,d25_t00_r05_s008,1.5,0,5,5,ising2d_t00_r05_seed25090,25090,down,360,8,test,-1.96,-0.99,0.99,0.014375000000000002
259,d25_t00_r05_s009,1.5,0,5,5,ising2d_t00_r05_seed25090,25090,down,400,9,test,-1.91,-0.97,0.97,0.014000000000000004
260,d25_t00_r05_s010,1.5,0,5,5,ising2d_t00_r05_seed25090,25090,down,440,10,test,-1.91,-0.97,0.97,0.019125000000000007
261,d25_t00_r05_s011,1.5,0,5,5,ising2d_t00_r05_seed25090,25090,down,480,11,test,-1.89,-0.97,0.97,0.013000000000000006
262,d25_t00_r05_s012,1.5,0,5,5,ising2d_t00_r05_seed25090,25090,down,520,12,test,-1.96,-0.99,0.99,0.015875000000000004
263,d25_t00_r05_s013,1.5,0,5,5,ising2d_t00_r05_seed25090,25090,down,560,13,test,-1.98,-0.995,0.995,0.0134375
264,d25_t00_r05_s014,1.5,0,5,5,ising2d_t00_r05_seed25090,25090,down,600,14,test,-1.98,-0.995,0.995,0.011625000000000007
265,d25_t00_r05_s015,1.5,0,5,5,ising2d_t00_r05_seed25090,25090,down,640,15,test,-1.94,-0.985,0.985,0.012125000000000007
266,d25_t00_r05_s016,1.5,0,5,5,ising2d_t00_r05_seed25090,25090,down,680,16,test,-1.98,-0.995,0.995,0.012875000000000003
267,d25_t00_r05_s017,1.5,0,5,5,ising2d_t00_r05_seed25090,25090,down,720,17,test,-1.98,-0.995,0.995,0.014500000000000002
268,d25_t00_r05_s018,1.5,0,5,5,ising2d_t00_r05_seed25090,25090,down,760,18,test,-1.98,-0.995,0.995,0.013000000000000003
269,d25_t00_r05_s019,1.5,0,5,5,ising2d_t00_r05_seed25090,25090,down,800,19,test,-2.0,-1.0,1.0,0.011437500000000005
270,d25_t00_r05_s020,1.5,0,5,5,ising2d_t00_r05_seed25090,25090,down,840,20,test,-1.94,-0.985,0.985,0.011437500000000007
271,d25_t00_r05_s021,1.5,0,5,5,ising2d_t00_r05_seed25090,25090,down,880,21,test,-1.98,-0.995,0.995,0.013125000000000003
272,d25_t00_r05_s022,1.5,0,5,5,ising2d_t00_r05_seed25090,25090,down,920,22,test,-1.9,-0.97,0.97,0.012437500000000006
273,d25_t00_r05_s023,1.5,0,5,5,ising2d_t00_r05_seed25090,25090,down,960,23,test,-1.94,-0.985,0.985,0.013437500000000008
274,d25_t00_r05_s024,1.5,0,5,5,ising2d_t00_r05_seed25090,25090,down,1000,24,test,-1.88,-0.96,0.96,0.011687500000000007
275,d25_t00_r05_s025,1.5,0,5,5,ising2d_t00_r05_seed25090,25090,down,1040,25,test,-1.94,-0.985,0.985,0.013937500000000009
276,d25_t00_r05_s026,1.5,0,5,5,ising2d_t00_r05_seed25090,25090,down,1080,26,test,-1.94,-0.985,0.985,0.015000000000000005
277,d25_t00_r05_s027,1.5,0,5,5,ising2d_t00_r05_seed25090,25090,down,1120,27,test,-1.89,-0.97,0.97,0.013437500000000005
278,d25_t00_r05_s028,1.5,0,5,5,ising2d_t00_r05_seed25090,25090,down,1160,28,test,-1.95,-0.985,0.985,0.012312500000000006
279,d25_t00_r05_s029,1.5,0,5,5,ising2d_t00_r05_seed25090,25090,down,1200,29,test,-1.94,-0.985,0.985,0.012250000000000004
280,d25_t00_r05_s030,1.5,0,5,5,ising2d_t00_r05_seed25090,25090,down,1240,30,test,-1.98,-0.995,0.995,0.012125000000000007
281,d25_t00_r05_s031,1.5,0,5,5,ising2d_t00_r05_seed25090,25090,down,1280,31,test,-2.0,-1.0,1.0,0.012562500000000004
282,d25_t00_r05_s032,1.5,0,5,5,ising2d_t00_r05_seed25090,25090,down,1320,32,test,-1.96,-0.99,0.99,0.013250000000000003
283,d25_t00_r05_s033,1.5,0,5,5,ising2d_t00_r05_seed25090,25090,down,1360,33,test,-1.96,-0.99,0.99,0.010875000000000006
284,d25_t00_r05_s034,1.5,0,5,5,ising2d_t00_r05_seed25090,25090,down,1400,34,test,-1.94,-0.98,0.98,0.015375000000000003
285,d25_t00_r05_s035,1.5,0,5,5,ising2d_t00_r05_seed25090,25090,down,1440,35,test,-1.96,-0.99,0.99,0.011375000000000005
286,d25_t00_r05_s036,1.5,0,5,5,ising2d_t00_r05_seed25090,25090,down,1480,36,test,-1.91,-0.975,0.975,0.012937500000000005
287,d25_t00_r05_s037,1.5,0,5,5,ising2d_t00_r05_seed25090,25090,down,1520,37,test,-1.96,-0.99,0.99,0.018562500000000003
288,d25_t00_r05_s038,1.5,0,5,5,ising2d_t00_r05_seed25090,25090,down,1560,38,test,-1.97,-0.99,0.99,0.011625000000000007
289,d25_t00_r05_s039,1.5,0,5,5,ising2d_t00_r05_seed25090,25090,down,1600,39,test,-1.95,-0.985,0.985,0.011437500000000005
290,d25_t00_r05_s040,1.5,0,5,5,ising2d_t00_r05_seed25090,25090,down,1640,40,test,-1.94,-0.985,0.985,0.012500000000000006
291,d25_t00_r05_s041,1.5,0,5,5,ising2d_t00_r05_seed25090,25090,down,1680,41,test,-1.98,-0.995,0.995,0.011875000000000005
292,d25_t00_r05_s042,1.5,0,5,5,ising2d_t00_r05_seed25090,25090,down,1720,42,test,-1.91,-0.975,0.975,0.011000000000000005
293,d25_t00_r05_s043,1.5,0,5,5,ising2d_t00_r05_seed25090,25090,down,1760,43,test,-1.93,-0.98,0.98,0.013937500000000005
294,d25_t00_r05_s044,1.5,0,5,5,ising2d_t00_r05_seed25090,25090,down,1800,44,test,-1.94,-0.965,0.965,0.014062500000000006
295,d25_t00_r05_s045,1.5,0,5,5,ising2d_t00_r05_seed25090,25090,down,1840,45,test,-1.86,-0.96,0.96,0.012812500000000004
296,d25_t00_r05_s046,1.5,0,5,5,ising2d_t00_r05_seed25090,25090,down,1880,46,test,-1.98,-0.995,0.995,0.012937500000000005
297,d25_t00_r05_s047,1.5,0,5,5,ising2d_t00_r05_seed25090,25090,down,1920,47,test,-1.9,-0.97,0.97,0.011687500000000007
298,d25_t00_r05_s048,1.5,0,5,5,ising2d_t00_r05_seed25090,25090,down,1960,48,test,-1.94,-0.985,0.985,0.0164375
299,d25_t00_r05_s049,1.5,0,5,5,ising2d_t00_r05_seed25090,25090,down,2000,49,test,-1.98,-0.995,0.995,0.011375000000000007
300,d25_t01_r00_s000,1.7,1,0,6,ising2d_t01_r00_seed25001,25001,up,40,0,train,-1.94,0.985,0.985,0.023624999999999986
301,d25_t01_r00_s001,1.7,1,0,6,ising2d_t01_r00_seed25001,25001,up,80,1,train,-1.89,0.96,0.96,0.027437500000000004
302,d25_t01_r00_s002,1.7,1,0,6,ising2d_t01_r00_seed25001,25001,up,120,2,train,-1.94,0.985,0.985,0.03181249999999999
303,d25_t01_r00_s003,1.7,1,0,6,ising2d_t01_r00_seed25001,25001,up,160,3,train,-1.96,0.99,0.99,0.0316875
304,d25_t01_r00_s004,1.7,1,0,6,ising2d_t01_r00_seed25001,25001,up,200,4,train,-1.86,0.96,0.96,0.027249999999999996
305,d25_t01_r00_s005,1.7,1,0,6,ising2d_t01_r00_seed25001,25001,up,240,5,train,-1.86,0.96,0.96,0.034374999999999996
306,d25_t01_r00_s006,1.7,1,0,6,ising2d_t01_r00_seed25001,25001,up,280,6,train,-1.98,0.995,0.995,0.03356250000000001
307,d25_t01_r00_s007,1.7,1,0,6,ising2d_t01_r00_seed25001,25001,up,320,7,train,-1.94,0.985,0.985,0.027625
308,d25_t01_r00_s008,1.7,1,0,6,ising2d_t01_r00_seed25001,25001,up,360,8,train,-1.89,0.97,0.97,0.024437500000000004
309,d25_t01_r00_s009,1.7,1,0,6,ising2d_t01_r00_seed25001,25001,up,400,9,train,-1.88,0.96,0.96,0.024874999999999994
310,d25_t01_r00_s010,1.7,1,0,6,ising2d_t01_r00_seed25001,25001,up,440,10,train,-1.84,0.95,0.95,0.034875
311,d25_t01_r00_s011,1.7,1,0,6,ising2d_t01_r00_seed25001,25001,up,480,11,train,-1.89,0.97,0.97,0.031124999999999993
312,d25_t01_r00_s012,1.7,1,0,6,ising2d_t01_r00_seed25001,25001,up,520,12,train,-1.88,0.97,0.97,0.027874999999999994
313,d25_t01_r00_s013,1.7,1,0,6,ising2d_t01_r00_seed25001,25001,up,560,13,train,-1.87,0.955,0.955,0.0278125
314,d25_t01_r00_s014,1.7,1,0,6,ising2d_t01_r00_seed25001,25001,up,600,14,train,-1.84,0.945,0.945,0.022500000000000006
315,d25_t01_r00_s015,1.7,1,0,6,ising2d_t01_r00_seed25001,25001,up,640,15,train,-1.98,0.995,0.995,0.029249999999999998
316,d25_t01_r00_s016,1.7,1,0,6,ising2d_t01_r00_seed25001,25001,up,680,16,train,-1.98,0.995,0.995,0.021500000000000002
317,d25_t01_r00_s017,1.7,1,0,6,ising2d_t01_r00_seed25001,25001,up,720,17,train,-1.85,0.96,0.96,0.029187499999999998
318,d25_t01_r00_s018,1.7,1,0,6,ising2d_t01_r00_seed25001,25001,up,760,18,train,-1.91,0.975,0.975,0.03331249999999999
319,d25_t01_r00_s019,1.7,1,0,6,ising2d_t01_r00_seed25001,25001,up,800,19,train,-1.94,0.985,0.985,0.025
320,d25_t01_r00_s020,1.7,1,0,6,ising2d_t01_r00_seed25001,25001,up,840,20,train,-1.79,0.94,0.94,0.0243125
321,d25_t01_r00_s021,1.7,1,0,6,ising2d_t01_r00_seed25001,25001,up,880,21,train,-1.98,0.995,0.995,0.02568749999999999
322,d25_t01_r00_s022,1.7,1,0,6,ising2d_t01_r00_seed25001,25001,up,920,22,train,-1.86,0.965,0.965,0.027124999999999993
323,d25_t01_r00_s023,1.7,1,0,6,ising2d_t01_r00_seed25001,25001,up,960,23,train,-1.87,0.965,0.965,0.033624999999999995
324,d25_t01_r00_s024,1.7,1,0,6,ising2d_t01_r00_seed25001,25001,up,1000,24,train,-1.88,0.965,0.965,0.032499999999999994
325,d25_t01_r00_s025,1.7,1,0,6,ising2d_t01_r00_seed25001,25001,up,1040,25,train,-1.82,0.955,0.955,0.031875
326,d25_t01_r00_s026,1.7,1,0,6,ising2d_t01_r00_seed25001,25001,up,1080,26,train,-1.92,0.98,0.98,0.026812499999999996
327,d25_t01_r00_s027,1.7,1,0,6,ising2d_t01_r00_seed25001,25001,up,1120,27,train,-1.93,0.98,0.98,0.029125
328,d25_t01_r00_s028,1.7,1,0,6,ising2d_t01_r00_seed25001,25001,up,1160,28,train,-1.9,0.97,0.97,0.038374999999999986
329,d25_t01_r00_s029,1.7,1,0,6,ising2d_t01_r00_seed25001,25001,up,1200,29,train,-1.83,0.95,0.95,0.03525000000000001
330,d25_t01_r00_s030,1.7,1,0,6,ising2d_t01_r00_seed25001,25001,up,1240,30,train,-1.93,0.98,0.98,0.03462499999999999
331,d25_t01_r00_s031,1.7,1,0,6,ising2d_t01_r00_seed25001,25001,up,1280,31,train,-1.89,0.97,0.97,0.023875
332,d25_t01_r00_s032,1.7,1,0,6,ising2d_t01_r00_seed25001,25001,up,1320,32,train,-1.86,0.955,0.955,0.024812500000000005
333,d25_t01_r00_s033,1.7,1,0,6,ising2d_t01_r00_seed25001,25001,up,1360,33,train,-1.94,0.985,0.985,0.025625
334,d25_t01_r00_s034,1.7,1,0,6,ising2d_t01_r00_seed25001,25001,up,1400,34,train,-1.87,0.965,0.965,0.02075
335,d25_t01_r00_s035,1.7,1,0,6,ising2d_t01_r00_seed25001,25001,up,1440,35,train,-1.88,0.965,0.965,0.034625
336,d25_t01_r00_s036,1.7,1,0,6,ising2d_t01_r00_seed25001,25001,up,1480,36,train,-1.88,0.965,0.965,0.04537500000000001
337,d25_t01_r00_s037,1.7,1,0,6,ising2d_t01_r00_seed25001,25001,up,1520,37,train,-1.89,0.96,0.96,0.0258125
338,d25_t01_r00_s038,1.7,1,0,6,ising2d_t01_r00_seed25001,25001,up,1560,38,train,-1.9,0.975,0.975,0.023687500000000004
339,d25_t01_r00_s039,1.7,1,0,6,ising2d_t01_r00_seed25001,25001,up,1600,39,train,-1.94,0.985,0.985,0.029499999999999988
340,d25_t01_r00_s040,1.7,1,0,6,ising2d_t01_r00_seed25001,25001,up,1640,40,train,-1.98,0.995,0.995,0.028749999999999998
341,d25_t01_r00_s041,1.7,1,0,6,ising2d_t01_r00_seed25001,25001,up,1680,41,train,-1.87,0.96,0.96,0.024062499999999994
342,d25_t01_r00_s042,1.7,1,0,6,ising2d_t01_r00_seed25001,25001,up,1720,42,train,-1.94,0.98,0.98,0.025249999999999995
343,d25_t01_r00_s043,1.7,1,0,6,ising2d_t01_r00_seed25001,25001,up,1760,43,train,-1.84,0.945,0.945,0.033437499999999995
344,d25_t01_r00_s044,1.7,1,0,6,ising2d_t01_r00_seed25001,25001,up,1800,44,train,-1.92,0.975,0.975,0.033625
345,d25_t01_r00_s045,1.7,1,0,6,ising2d_t01_r00_seed25001,25001,up,1840,45,train,-1.91,0.975,0.975,0.027749999999999997
346,d25_t01_r00_s046,1.7,1,0,6,ising2d_t01_r00_seed25001,25001,up,1880,46,train,-1.98,0.995,0.995,0.03000000000000001
347,d25_t01_r00_s047,1.7,1,0,6,ising2d_t01_r00_seed25001,25001,up,1920,47,train,-1.94,0.985,0.985,0.026500000000000006
348,d25_t01_r00_s048,1.7,1,0,6,ising2d_t01_r00_seed25001,25001,up,1960,48,train,-1.92,0.97,0.97,0.028937499999999998
349,d25_t01_r00_s049,1.7,1,0,6,ising2d_t01_r00_seed25001,25001,up,2000,49,train,-1.87,0.965,0.965,0.028437500000000004
350,d25_t01_r01_s000,1.7,1,1,7,ising2d_t01_r01_seed25019,25019,down,40,0,train,-1.96,-0.99,0.99,0.027437500000000004
351,d25_t01_r01_s001,1.7,1,1,7,ising2d_t01_r01_seed25019,25019,down,80,1,train,-1.9,-0.975,0.975,0.030062499999999992
352,d25_t01_r01_s002,1.7,1,1,7,ising2d_t01_r01_seed25019,25019,down,120,2,train,-1.87,-0.95,0.95,0.028312499999999997
353,d25_t01_r01_s003,1.7,1,1,7,ising2d_t01_r01_seed25019,25019,down,160,3,train,-1.88,-0.965,0.965,0.03581250000000001
354,d25_t01_r01_s004,1.7,1,1,7,ising2d_t01_r01_seed25019,25019,down,200,4,train,-1.92,-0.98,0.98,0.027812499999999997
355,d25_t01_r01_s005,1.7,1,1,7,ising2d_t01_r01_seed25019,25019,down,240,5,train,-1.89,-0.97,0.97,0.022500000000000003
356,d25_t01_r01_s006,1.7,1,1,7,ising2d_t01_r01_seed25019,25019,down,280,6,train,-1.8,-0.94,0.94,0.022375
357,d25_t01_r01_s007,1.7,1,1,7,ising2d_t01_r01_seed25019,25019,down,320,7,train,-1.86,-0.96,0.96,0.029124999999999995
358,d25_t01_r01_s008,1.7,1,1,7,ising2d_t01_r01_seed25019,25019,down,360,8,train,-1.85,-0.96,0.96,0.035500000000000004
359,d25_t01_r01_s009,1.7,1,1,7,ising2d_t01_r01_seed25019,25019,down,400,9,train,-1.86,-0.96,0.96,0.032
360,d25_t01_r01_s010,1.7,1,1,7,ising2d_t01_r01_seed25019,25019,down,440,10,train,-1.86,-0.955,0.955,0.026937500000000003
361,d25_t01_r01_s011,1.7,1,1,7,ising2d_t01_r01_seed25019,25019,down,480,11,train,-1.9,-0.97,0.97,0.02568750000000001
362,d25_t01_r01_s012,1.7,1,1,7,ising2d_t01_r01_seed25019,25019,down,520,12,train,-1.92,-0.975,0.975,0.02756249999999999
363,d25_t01_r01_s013,1.7,1,1,7,ising2d_t01_r01_seed25019,25019,down,560,13,train,-1.96,-0.99,0.99,0.029437499999999995
364,d25_t01_r01_s014,1.7,1,1,7,ising2d_t01_r01_seed25019,25019,down,600,14,train,-1.92,-0.98,0.98,0.030624999999999996
365,d25_t01_r01_s015,1.7,1,1,7,ising2d_t01_r01_seed25019,25019,down,640,15,train,-1.96,-0.99,0.99,0.026500000000000006
366,d25_t01_r01_s016,1.7,1,1,7,ising2d_t01_r01_seed25019,25019,down,680,16,train,-1.91,-0.97,0.97,0.0195
367,d25_t01_r01_s017,1.7,1,1,7,ising2d_t01_r01_seed25019,25019,down,720,17,train,-1.88,-0.96,0.96,0.028875000000000005
368,d25_t01_r01_s018,1.7,1,1,7,ising2d_t01_r01_seed25019,25019,down,760,18,train,-1.9,-0.975,0.975,0.029062499999999998
369,d25_t01_r01_s019,1.7,1,1,7,ising2d_t01_r01_seed25019,25019,down,800,19,train,-1.92,-0.975,0.975,0.03375
370,d25_t01_r01_s020,1.7,1,1,7,ising2d_t01_r01_seed25019,25019,down,840,20,train,-1.9,-0.965,0.965,0.027375
371,d25_t01_r01_s021,1.7,1,1,7,ising2d_t01_r01_seed25019,25019,down,880,21,train,-1.94,-0.985,0.985,0.029875000000000002
372,d25_t01_r01_s022,1.7,1,1,7,ising2d_t01_r01_seed25019,25019,down,920,22,train,-1.84,-0.955,0.955,0.032625
373,d25_t01_r01_s023,1.7,1,1,7,ising2d_t01_r01_seed25019,25019,down,960,23,train,-1.89,-0.97,0.97,0.027437499999999993
374,d25_t01_r01_s024,1.7,1,1,7,ising2d_t01_r01_seed25019,25019,down,1000,24,train,-1.91,-0.975,0.975,0.026812500000000006
375,d25_t01_r01_s025,1.7,1,1,7,ising2d_t01_r01_seed25019,25019,down,1040,25,train,-1.87,-0.965,0.965,0.02874999999999999
376,d25_t01_r01_s026,1.7,1,1,7,ising2d_t01_r01_seed25019,25019,down,1080,26,train,-1.86,-0.96,0.96,0.030812500000000003
377,d25_t01_r01_s027,1.7,1,1,7,ising2d_t01_r01_seed25019,25019,down,1120,27,train,-1.9,-0.95,0.95,0.030375000000000006
378,d25_t01_r01_s028,1.7,1,1,7,ising2d_t01_r01_seed25019,25019,down,1160,28,train,-1.86,-0.96,0.96,0.03325000000000001
379,d25_t01_r01_s029,1.7,1,1,7,ising2d_t01_r01_seed25019,25019,down,1200,29,train,-1.94,-0.98,0.98,0.027250000000000003
380,d25_t01_r01_s030,1.7,1,1,7,ising2d_t01_r01_seed25019,25019,down,1240,30,train,-1.92,-0.98,0.98,0.026499999999999996
381,d25_t01_r01_s031,1.7,1,1,7,ising2d_t01_r01_seed25019,25019,down,1280,31,train,-1.96,-0.99,0.99,0.040499999999999994
382,d25_t01_r01_s032,1.7,1,1,7,ising2d_t01_r01_seed25019,25019,down,1320,32,train,-1.91,-0.975,0.975,0.026437500000000003
383,d25_t01_r01_s033,1.7,1,1,7,ising2d_t01_r01_seed25019,25019,down,1360,33,train,-1.87,-0.965,0.965,0.028375
384,d25_t01_r01_s034,1.7,1,1,7,ising2d_t01_r01_seed25019,25019,down,1400,34,train,-1.93,-0.98,0.98,0.032437499999999994
385,d25_t01_r01_s035,1.7,1,1,7,ising2d_t01_r01_seed25019,25019,down,1440,35,train,-1.95,-0.985,0.985,0.025812500000000006
386,d25_t01_r01_s036,1.7,1,1,7,ising2d_t01_r01_seed25019,25019,down,1480,36,train,-1.94,-0.985,0.985,0.024749999999999987
387,d25_t01_r01_s037,1.7,1,1,7,ising2d_t01_r01_seed25019,25019,down,1520,37,train,-1.93,-0.98,0.98,0.028062499999999997
388,d25_t01_r01_s038,1.7,1,1,7,ising2d_t01_r01_seed25019,25019,down,1560,38,train,-1.91,-0.975,0.975,0.027687500000000004
389,d25_t01_r01_s039,1.7,1,1,7,ising2d_t01_r01_seed25019,25019,down,1600,39,train,-1.96,-0.99,0.99,0.030812500000000003
390,d25_t01_r01_s040,1.7,1,1,7,ising2d_t01_r01_seed25019,25019,down,1640,40,train,-1.86,-0.965,0.965,0.026562500000000006
391,d25_t01_r01_s041,1.7,1,1,7,ising2d_t01_r01_seed25019,25019,down,1680,41,train,-1.91,-0.975,0.975,0.02950000000000001
392,d25_t01_r01_s042,1.7,1,1,7,ising2d_t01_r01_seed25019,25019,down,1720,42,train,-1.92,-0.98,0.98,0.028312499999999997
393,d25_t01_r01_s043,1.7,1,1,7,ising2d_t01_r01_seed25019,25019,down,1760,43,train,-1.87,-0.96,0.96,0.033875
394,d25_t01_r01_s044,1.7,1,1,7,ising2d_t01_r01_seed25019,25019,down,1800,44,train,-1.96,-0.985,0.985,0.032687499999999994
395,d25_t01_r01_s045,1.7,1,1,7,ising2d_t01_r01_seed25019,25019,down,1840,45,train,-1.95,-0.985,0.985,0.029999999999999992
396,d25_t01_r01_s046,1.7,1,1,7,ising2d_t01_r01_seed25019,25019,down,1880,46,train,-1.88,-0.97,0.97,0.025687500000000002
397,d25_t01_r01_s047,1.7,1,1,7,ising2d_t01_r01_seed25019,25019,down,1920,47,train,-1.94,-0.985,0.985,0.025437500000000002
398,d25_t01_r01_s048,1.7,1,1,7,ising2d_t01_r01_seed25019,25019,down,1960,48,train,-1.92,-0.975,0.975,0.027499999999999997
399,d25_t01_r01_s049,1.7,1,1,7,ising2d_t01_r01_seed25019,25019,down,2000,49,train,-1.96,-0.99,0.99,0.0265625
400,d25_t01_r02_s000,1.7,1,2,8,ising2d_t01_r02_seed25037,25037,up,40,0,validation,-1.82,0.945,0.945,0.028125
401,d25_t01_r02_s001,1.7,1,2,8,ising2d_t01_r02_seed25037,25037,up,80,1,validation,-1.86,0.955,0.955,0.028375000000000004
402,d25_t01_r02_s002,1.7,1,2,8,ising2d_t01_r02_seed25037,25037,up,120,2,validation,-1.98,0.995,0.995,0.024375
403,d25_t01_r02_s003,1.7,1,2,8,ising2d_t01_r02_seed25037,25037,up,160,3,validation,-1.88,0.97,0.97,0.0275625
404,d25_t01_r02_s004,1.7,1,2,8,ising2d_t01_r02_seed25037,25037,up,200,4,validation,-1.85,0.955,0.955,0.0283125
405,d25_t01_r02_s005,1.7,1,2,8,ising2d_t01_r02_seed25037,25037,up,240,5,validation,-1.87,0.955,0.955,0.03099999999999999
406,d25_t01_r02_s006,1.7,1,2,8,ising2d_t01_r02_seed25037,25037,up,280,6,validation,-1.92,0.98,0.98,0.038312500000000006
407,d25_t01_r02_s007,1.7,1,2,8,ising2d_t01_r02_seed25037,25037,up,320,7,validation,-1.92,0.975,0.975,0.034812499999999996
408,d25_t01_r02_s008,1.7,1,2,8,ising2d_t01_r02_seed25037,25037,up,360,8,validation,-1.82,0.94,0.94,0.033937499999999995
409,d25_t01_r02_s009,1.7,1,2,8,ising2d_t01_r02_seed25037,25037,up,400,9,validation,-1.96,0.99,0.99,0.026375
410,d25_t01_r02_s010,1.7,1,2,8,ising2d_t01_r02_seed25037,25037,up,440,10,validation,-1.85,0.95,0.95,0.027500000000000004
411,d25_t01_r02_s011,1.7,1,2,8,ising2d_t01_r02_seed25037,25037,up,480,11,validation,-1.91,0.975,0.975,0.0288125
412,d25_t01_r02_s012,1.7,1,2,8,ising2d_t01_r02_seed25037,25037,up,520,12,validation,-1.84,0.925,0.925,0.03350000000000001
413,d25_t01_r02_s013,1.7,1,2,8,ising2d_t01_r02_seed25037,25037,up,560,13,validation,-1.94,0.98,0.98,0.030312499999999992
414,d25_t01_r02_s014,1.7,1,2,8,ising2d_t01_r02_seed25037,25037,up,600,14,validation,-1.84,0.96,0.96,0.030875000000000003
415,d25_t01_r02_s015,1.7,1,2,8,ising2d_t01_r02_seed25037,25037,up,640,15,validation,-1.96,0.99,0.99,0.027499999999999997
416,d25_t01_r02_s016,1.7,1,2,8,ising2d_t01_r02_seed25037,25037,up,680,16,validation,-1.9,0.975,0.975,0.0215625
417,d25_t01_r02_s017,1.7,1,2,8,ising2d_t01_r02_seed25037,25037,up,720,17,validation,-1.84,0.955,0.955,0.030125000000000002
418,d25_t01_r02_s018,1.7,1,2,8,ising2d_t01_r02_seed25037,25037,up,760,18,validation,-1.89,0.97,0.97,0.027562499999999997
419,d25_t01_r02_s019,1.7,1,2,8,ising2d_t01_r02_seed25037,25037,up,800,19,validation,-1.86,0.96,0.96,0.030375000000000003
420,d25_t01_r02_s020,1.7,1,2,8,ising2d_t01_r02_seed25037,25037,up,840,20,validation,-1.87,0.965,0.965,0.027687500000000004
421,d25_t01_r02_s021,1.7,1,2,8,ising2d_t01_r02_seed25037,25037,up,880,21,validation,-1.96,0.99,0.99,0.022062499999999992
422,d25_t01_r02_s022,1.7,1,2,8,ising2d_t01_r02_seed25037,25037,up,920,22,validation,-1.81,0.945,0.945,0.027187500000000003
423,d25_t01_r02_s023,1.7,1,2,8,ising2d_t01_r02_seed25037,25037,up,960,23,validation,-1.94,0.985,0.985,0.025124999999999998
424,d25_t01_r02_s024,1.7,1,2,8,ising2d_t01_r02_seed25037,25037,up,1000,24,validation,-1.9,0.975,0.975,0.03237500000000001
425,d25_t01_r02_s025,1.7,1,2,8,ising2d_t01_r02_seed25037,25037,up,1040,25,validation,-1.9,0.975,0.975,0.030874999999999996
426,d25_t01_r02_s026,1.7,1,2,8,ising2d_t01_r02_seed25037,25037,up,1080,26,validation,-1.89,0.97,0.97,0.02543749999999999
427,d25_t01_r02_s027,1.7,1,2,8,ising2d_t01_r02_seed25037,25037,up,1120,27,validation,-1.85,0.945,0.945,0.03568750000000001
428,d25_t01_r02_s028,1.7,1,2,8,ising2d_t01_r02_seed25037,25037,up,1160,28,validation,-1.86,0.965,0.965,0.027875
429,d25_t01_r02_s029,1.7,1,2,8,ising2d_t01_r02_seed25037,25037,up,1200,29,validation,-1.92,0.975,0.975,0.0315
430,d25_t01_r02_s030,1.7,1,2,8,ising2d_t01_r02_seed25037,25037,up,1240,30,validation,-1.9,0.97,0.97,0.0280625
431,d25_t01_r02_s031,1.7,1,2,8,ising2d_t01_r02_seed25037,25037,up,1280,31,validation,-1.92,0.975,0.975,0.028187500000000004
432,d25_t01_r02_s032,1.7,1,2,8,ising2d_t01_r02_seed25037,25037,up,1320,32,validation,-1.89,0.97,0.97,0.021437499999999995
433,d25_t01_r02_s033,1.7,1,2,8,ising2d_t01_r02_seed25037,25037,up,1360,33,validation,-1.85,0.955,0.955,0.034187499999999996
434,d25_t01_r02_s034,1.7,1,2,8,ising2d_t01_r02_seed25037,25037,up,1400,34,validation,-1.85,0.95,0.95,0.033937499999999995
435,d25_t01_r02_s035,1.7,1,2,8,ising2d_t01_r02_seed25037,25037,up,1440,35,validation,-1.94,0.985,0.985,0.03281249999999998
436,d25_t01_r02_s036,1.7,1,2,8,ising2d_t01_r02_seed25037,25037,up,1480,36,validation,-1.93,0.98,0.98,0.027187499999999996
437,d25_t01_r02_s037,1.7,1,2,8,ising2d_t01_r02_seed25037,25037,up,1520,37,validation,-1.84,0.955,0.955,0.0290625
438,d25_t01_r02_s038,1.7,1,2,8,ising2d_t01_r02_seed25037,25037,up,1560,38,validation,-1.93,0.97,0.97,0.03118749999999999
439,d25_t01_r02_s039,1.7,1,2,8,ising2d_t01_r02_seed25037,25037,up,1600,39,validation,-1.94,0.985,0.985,0.027937499999999997
440,d25_t01_r02_s040,1.7,1,2,8,ising2d_t01_r02_seed25037,25037,up,1640,40,validation,-1.84,0.955,0.955,0.02724999999999999
441,d25_t01_r02_s041,1.7,1,2,8,ising2d_t01_r02_seed25037,25037,up,1680,41,validation,-1.84,0.955,0.955,0.031875000000000014
442,d25_t01_r02_s042,1.7,1,2,8,ising2d_t01_r02_seed25037,25037,up,1720,42,validation,-1.89,0.965,0.965,0.033875
443,d25_t01_r02_s043,1.7,1,2,8,ising2d_t01_r02_seed25037,25037,up,1760,43,validation,-1.96,0.99,0.99,0.0278125
444,d25_t01_r02_s044,1.7,1,2,8,ising2d_t01_r02_seed25037,25037,up,1800,44,validation,-1.88,0.965,0.965,0.02868750000000001
445,d25_t01_r02_s045,1.7,1,2,8,ising2d_t01_r02_seed25037,25037,up,1840,45,validation,-1.98,0.995,0.995,0.026124999999999992
446,d25_t01_r02_s046,1.7,1,2,8,ising2d_t01_r02_seed25037,25037,up,1880,46,validation,-1.82,0.95,0.95,0.030437500000000006
447,d25_t01_r02_s047,1.7,1,2,8,ising2d_t01_r02_seed25037,25037,up,1920,47,validation,-1.87,0.96,0.96,0.028875
448,d25_t01_r02_s048,1.7,1,2,8,ising2d_t01_r02_seed25037,25037,up,1960,48,validation,-1.85,0.955,0.955,0.026562500000000006
449,d25_t01_r02_s049,1.7,1,2,8,ising2d_t01_r02_seed25037,25037,up,2000,49,validation,-1.76,0.93,0.93,0.027187499999999993
450,d25_t01_r03_s000,1.7,1,3,9,ising2d_t01_r03_seed25055,25055,down,40,0,validation,-1.91,-0.975,0.975,0.0295
451,d25_t01_r03_s001,1.7,1,3,9,ising2d_t01_r03_seed25055,25055,down,80,1,validation,-1.89,-0.95,0.95,0.02981250000000001
452,d25_t01_r03_s002,1.7,1,3,9,ising2d_t01_r03_seed25055,25055,down,120,2,validation,-1.88,-0.965,0.965,0.03581250000000001
453,d25_t01_r03_s003,1.7,1,3,9,ising2d_t01_r03_seed25055,25055,down,160,3,validation,-1.92,-0.97,0.97,0.032937499999999995
454,d25_t01_r03_s004,1.7,1,3,9,ising2d_t01_r03_seed25055,25055,down,200,4,validation,-1.95,-0.985,0.985,0.0268125
455,d25_t01_r03_s005,1.7,1,3,9,ising2d_t01_r03_seed25055,25055,down,240,5,validation,-1.87,-0.965,0.965,0.025999999999999995
456,d25_t01_r03_s006,1.7,1,3,9,ising2d_t01_r03_seed25055,25055,down,280,6,validation,-1.87,-0.95,0.95,0.03093749999999999
457,d25_t01_r03_s007,1.7,1,3,9,ising2d_t01_r03_seed25055,25055,down,320,7,validation,-1.94,-0.985,0.985,0.033187499999999995
458,d25_t01_r03_s008,1.7,1,3,9,ising2d_t01_r03_seed25055,25055,down,360,8,validation,-1.94,-0.985,0.985,0.030249999999999992
459,d25_t01_r03_s009,1.7,1,3,9,ising2d_t01_r03_seed25055,25055,down,400,9,validation,-1.93,-0.98,0.98,0.03356250000000002
460,d25_t01_r03_s010,1.7,1,3,9,ising2d_t01_r03_seed25055,25055,down,440,10,validation,-1.89,-0.965,0.965,0.032937499999999995
461,d25_t01_r03_s011,1.7,1,3,9,ising2d_t01_r03_seed25055,25055,down,480,11,validation,-1.83,-0.955,0.955,0.028749999999999998
462,d25_t01_r03_s012,1.7,1,3,9,ising2d_t01_r03_seed25055,25055,down,520,12,validation,-1.87,-0.965,0.965,0.025750000000000002
463,d25_t01_r03_s013,1.7,1,3,9,ising2d_t01_r03_seed25055,25055,down,560,13,validation,-1.93,-0.975,0.975,0.036875000000000005
464,d25_t01_r03_s014,1.7,1,3,9,ising2d_t01_r03_seed25055,25055,down,600,14,validation,-1.92,-0.98,0.98,0.028687499999999998
465,d25_t01_r03_s015,1.7,1,3,9,ising2d_t01_r03_seed25055,25055,down,640,15,validation,-1.84,-0.95,0.95,0.02774999999999999
466,d25_t01_r03_s016,1.7,1,3,9,ising2d_t01_r03_seed25055,25055,down,680,16,validation,-1.86,-0.96,0.96,0.03025
467,d25_t01_r03_s017,1.7,1,3,9,ising2d_t01_r03_seed25055,25055,down,720,17,validation,-1.96,-0.99,0.99,0.028750000000000005
468,d25_t01_r03_s018,1.7,1,3,9,ising2d_t01_r03_seed25055,25055,down,760,18,validation,-1.88,-0.965,0.965,0.0323125
469,d25_t01_r03_s019,1.7,1,3,9,ising2d_t01_r03_seed25055,25055,down,800,19,validation,-1.96,-0.99,0.99,0.03256250000000001
470,d25_t01_r03_s020,1.7,1,3,9,ising2d_t01_r03_seed25055,25055,down,840,20,validation,-1.92,-0.975,0.975,0.028687499999999998
471,d25_t01_r03_s021,1.7,1,3,9,ising2d_t01_r03_seed25055,25055,down,880,21,validation,-1.9,-0.975,0.975,0.02974999999999999
472,d25_t01_r03_s022,1.7,1,3,9,ising2d_t01_r03_seed25055,25055,down,920,22,validation,-1.86,-0.965,0.965,0.025749999999999995
473,d25_t01_r03_s023,1.7,1,3,9,ising2d_t01_r03_seed25055,25055,down,960,23,validation,-1.86,-0.96,0.96,0.0343125
474,d25_t01_r03_s024,1.7,1,3,9,ising2d_t01_r03_seed25055,25055,down,1000,24,validation,-1.92,-0.98,0.98,0.032625
475,d25_t01_r03_s025,1.7,1,3,9,ising2d_t01_r03_seed25055,25055,down,1040,25,validation,-1.85,-0.955,0.955,0.0293125
476,d25_t01_r03_s026,1.7,1,3,9,ising2d_t01_r03_seed25055,25055,down,1080,26,validation,-1.68,-0.895,0.895,0.032749999999999994
477,d25_t01_r03_s027,1.7,1,3,9,ising2d_t01_r03_seed25055,25055,down,1120,27,validation,-1.92,-0.98,0.98,0.026937499999999996
478,d25_t01_r03_s028,1.7,1,3,9,ising2d_t01_r03_seed25055,25055,down,1160,28,validation,-1.86,-0.965,0.965,0.026937500000000003
479,d25_t01_r03_s029,1.7,1,3,9,ising2d_t01_r03_seed25055,25055,down,1200,29,validation,-1.96,-0.99,0.99,0.032937499999999995
480,d25_t01_r03_s030,1.7,1,3,9,ising2d_t01_r03_seed25055,25055,down,1240,30,validation,-1.9,-0.97,0.97,0.0295
481,d25_t01_r03_s031,1.7,1,3,9,ising2d_t01_r03_seed25055,25055,down,1280,31,validation,-1.87,-0.955,0.955,0.028687500000000005
482,d25_t01_r03_s032,1.7,1,3,9,ising2d_t01_r03_seed25055,25055,down,1320,32,validation,-1.92,-0.975,0.975,0.031749999999999994
483,d25_t01_r03_s033,1.7,1,3,9,ising2d_t01_r03_seed25055,25055,down,1360,33,validation,-1.98,-0.995,0.995,0.023125
484,d25_t01_r03_s034,1.7,1,3,9,ising2d_t01_r03_seed25055,25055,down,1400,34,validation,-1.82,-0.945,0.945,0.030499999999999992
485,d25_t01_r03_s035,1.7,1,3,9,ising2d_t01_r03_seed25055,25055,down,1440,35,validation,-1.93,-0.98,0.98,0.025562500000000005
486,d25_t01_r03_s036,1.7,1,3,9,ising2d_t01_r03_seed25055,25055,down,1480,36,validation,-1.91,-0.975,0.975,0.026687499999999992
487,d25_t01_r03_s037,1.7,1,3,9,ising2d_t01_r03_seed25055,25055,down,1520,37,validation,-1.89,-0.965,0.965,0.023875
488,d25_t01_r03_s038,1.7,1,3,9,ising2d_t01_r03_seed25055,25055,down,1560,38,validation,-1.82,-0.94,0.94,0.03431250000000001
489,d25_t01_r03_s039,1.7,1,3,9,ising2d_t01_r03_seed25055,25055,down,1600,39,validation,-1.89,-0.97,0.97,0.031
490,d25_t01_r03_s040,1.7,1,3,9,ising2d_t01_r03_seed25055,25055,down,1640,40,validation,-1.91,-0.975,0.975,0.0278125
491,d25_t01_r03_s041,1.7,1,3,9,ising2d_t01_r03_seed25055,25055,down,1680,41,validation,-1.87,-0.965,0.965,0.026374999999999992
492,d25_t01_r03_s042,1.7,1,3,9,ising2d_t01_r03_seed25055,25055,down,1720,42,validation,-1.82,-0.94,0.94,0.032187499999999994
493,d25_t01_r03_s043,1.7,1,3,9,ising2d_t01_r03_seed25055,25055,down,1760,43,validation,-1.82,-0.94,0.94,0.028250000000000004
494,d25_t01_r03_s044,1.7,1,3,9,ising2d_t01_r03_seed25055,25055,down,1800,44,validation,-1.92,-0.98,0.98,0.02512499999999999
495,d25_t01_r03_s045,1.7,1,3,9,ising2d_t01_r03_seed25055,25055,down,1840,45,validation,-1.91,-0.975,0.975,0.0326875
496,d25_t01_r03_s046,1.7,1,3,9,ising2d_t01_r03_seed25055,25055,down,1880,46,validation,-1.98,-0.995,0.995,0.030499999999999992
497,d25_t01_r03_s047,1.7,1,3,9,ising2d_t01_r03_seed25055,25055,down,1920,47,validation,-1.85,-0.955,0.955,0.0325
498,d25_t01_r03_s048,1.7,1,3,9,ising2d_t01_r03_seed25055,25055,down,1960,48,validation,-1.9,-0.975,0.975,0.027375
499,d25_t01_r03_s049,1.7,1,3,9,ising2d_t01_r03_seed25055,25055,down,2000,49,validation,-1.88,-0.97,0.97,0.024562499999999994
500,d25_t01_r04_s000,1.7,1,4,10,ising2d_t01_r04_seed25073,25073,up,40,0,test,-1.92,0.98,0.98,0.036812499999999984
501,d25_t01_r04_s001,1.7,1,4,10,ising2d_t01_r04_seed25073,25073,up,80,1,test,-1.94,0.985,0.985,0.02881249999999999
502,d25_t01_r04_s002,1.7,1,4,10,ising2d_t01_r04_seed25073,25073,up,120,2,test,-1.94,0.985,0.985,0.026125
503,d25_t01_r04_s003,1.7,1,4,10,ising2d_t01_r04_seed25073,25073,up,160,3,test,-1.93,0.98,0.98,0.030687500000000006
504,d25_t01_r04_s004,1.7,1,4,10,ising2d_t01_r04_seed25073,25073,up,200,4,test,-1.85,0.96,0.96,0.024999999999999998
505,d25_t01_r04_s005,1.7,1,4,10,ising2d_t01_r04_seed25073,25073,up,240,5,test,-1.91,0.975,0.975,0.028437499999999998
506,d25_t01_r04_s006,1.7,1,4,10,ising2d_t01_r04_seed25073,25073,up,280,6,test,-1.92,0.98,0.98,0.035937500000000004
507,d25_t01_r04_s007,1.7,1,4,10,ising2d_t01_r04_seed25073,25073,up,320,7,test,-1.85,0.96,0.96,0.028125000000000004
508,d25_t01_r04_s008,1.7,1,4,10,ising2d_t01_r04_seed25073,25073,up,360,8,test,-1.84,0.93,0.93,0.037875
509,d25_t01_r04_s009,1.7,1,4,10,ising2d_t01_r04_seed25073,25073,up,400,9,test,-1.92,0.98,0.98,0.03162500000000001
510,d25_t01_r04_s010,1.7,1,4,10,ising2d_t01_r04_seed25073,25073,up,440,10,test,-1.96,0.99,0.99,0.023874999999999997
511,d25_t01_r04_s011,1.7,1,4,10,ising2d_t01_r04_seed25073,25073,up,480,11,test,-1.85,0.955,0.955,0.032062499999999994
512,d25_t01_r04_s012,1.7,1,4,10,ising2d_t01_r04_seed25073,25073,up,520,12,test,-1.91,0.975,0.975,0.02975
513,d25_t01_r04_s013,1.7,1,4,10,ising2d_t01_r04_seed25073,25073,up,560,13,test,-1.89,0.97,0.97,0.0301875
514,d25_t01_r04_s014,1.7,1,4,10,ising2d_t01_r04_seed25073,25073,up,600,14,test,-1.9,0.975,0.975,0.0338125
515,d25_t01_r04_s015,1.7,1,4,10,ising2d_t01_r04_seed25073,25073,up,640,15,test,-1.9,0.95,0.95,0.0263125
516,d25_t01_r04_s016,1.7,1,4,10,ising2d_t01_r04_seed25073,25073,up,680,16,test,-1.83,0.955,0.955,0.034437499999999996
517,d25_t01_r04_s017,1.7,1,4,10,ising2d_t01_r04_seed25073,25073,up,720,17,test,-1.98,0.995,0.995,0.029124999999999995
518,d25_t01_r04_s018,1.7,1,4,10,ising2d_t01_r04_seed25073,25073,up,760,18,test,-1.91,0.975,0.975,0.026124999999999992
519,d25_t01_r04_s019,1.7,1,4,10,ising2d_t01_r04_seed25073,25073,up,800,19,test,-1.82,0.945,0.945,0.026000000000000002
520,d25_t01_r04_s020,1.7,1,4,10,ising2d_t01_r04_seed25073,25073,up,840,20,test,-1.94,0.985,0.985,0.03
521,d25_t01_r04_s021,1.7,1,4,10,ising2d_t01_r04_seed25073,25073,up,880,21,test,-1.91,0.975,0.975,0.026250000000000002
522,d25_t01_r04_s022,1.7,1,4,10,ising2d_t01_r04_seed25073,25073,up,920,22,test,-1.93,0.98,0.98,0.03381250000000001
523,d25_t01_r04_s023,1.7,1,4,10,ising2d_t01_r04_seed25073,25073,up,960,23,test,-1.88,0.97,0.97,0.026375
524,d25_t01_r04_s024,1.7,1,4,10,ising2d_t01_r04_seed25073,25073,up,1000,24,test,-1.85,0.955,0.955,0.028812500000000008
525,d25_t01_r04_s025,1.7,1,4,10,ising2d_t01_r04_seed25073,25073,up,1040,25,test,-1.9,0.97,0.97,0.02993749999999999
526,d25_t01_r04_s026,1.7,1,4,10,ising2d_t01_r04_seed25073,25073,up,1080,26,test,-1.96,0.99,0.99,0.03225000000000001
527,d25_t01_r04_s027,1.7,1,4,10,ising2d_t01_r04_seed25073,25073,up,1120,27,test,-1.95,0.985,0.985,0.0205625
528,d25_t01_r04_s028,1.7,1,4,10,ising2d_t01_r04_seed25073,25073,up,1160,28,test,-1.86,0.96,0.96,0.028187499999999987
529,d25_t01_r04_s029,1.7,1,4,10,ising2d_t01_r04_seed25073,25073,up,1200,29,test,-1.88,0.97,0.97,0.023374999999999996
530,d25_t01_r04_s030,1.7,1,4,10,ising2d_t01_r04_seed25073,25073,up,1240,30,test,-1.83,0.95,0.95,0.027374999999999993
531,d25_t01_r04_s031,1.7,1,4,10,ising2d_t01_r04_seed25073,25073,up,1280,31,test,-1.9,0.97,0.97,0.03075
532,d25_t01_r04_s032,1.7,1,4,10,ising2d_t01_r04_seed25073,25073,up,1320,32,test,-1.96,0.99,0.99,0.030874999999999993
533,d25_t01_r04_s033,1.7,1,4,10,ising2d_t01_r04_seed25073,25073,up,1360,33,test,-1.87,0.96,0.96,0.027999999999999997
534,d25_t01_r04_s034,1.7,1,4,10,ising2d_t01_r04_seed25073,25073,up,1400,34,test,-1.93,0.98,0.98,0.03074999999999999
535,d25_t01_r04_s035,1.7,1,4,10,ising2d_t01_r04_seed25073,25073,up,1440,35,test,-1.9,0.975,0.975,0.027687499999999997
536,d25_t01_r04_s036,1.7,1,4,10,ising2d_t01_r04_seed25073,25073,up,1480,36,test,-1.93,0.98,0.98,0.024937499999999998
537,d25_t01_r04_s037,1.7,1,4,10,ising2d_t01_r04_seed25073,25073,up,1520,37,test,-1.95,0.985,0.985,0.025312499999999995
538,d25_t01_r04_s038,1.7,1,4,10,ising2d_t01_r04_seed25073,25073,up,1560,38,test,-1.91,0.975,0.975,0.0295
539,d25_t01_r04_s039,1.7,1,4,10,ising2d_t01_r04_seed25073,25073,up,1600,39,test,-1.84,0.935,0.935,0.036374999999999984
540,d25_t01_r04_s040,1.7,1,4,10,ising2d_t01_r04_seed25073,25073,up,1640,40,test,-1.89,0.97,0.97,0.0306875
541,d25_t01_r04_s041,1.7,1,4,10,ising2d_t01_r04_seed25073,25073,up,1680,41,test,-1.83,0.935,0.935,0.02843750000000001
542,d25_t01_r04_s042,1.7,1,4,10,ising2d_t01_r04_seed25073,25073,up,1720,42,test,-1.96,0.99,0.99,0.0303125
543,d25_t01_r04_s043,1.7,1,4,10,ising2d_t01_r04_seed25073,25073,up,1760,43,test,-1.97,0.99,0.99,0.028625
544,d25_t01_r04_s044,1.7,1,4,10,ising2d_t01_r04_seed25073,25073,up,1800,44,test,-1.88,0.965,0.965,0.029062499999999998
545,d25_t01_r04_s045,1.7,1,4,10,ising2d_t01_r04_seed25073,25073,up,1840,45,test,-2.0,1.0,1.0,0.03143749999999999
546,d25_t01_r04_s046,1.7,1,4,10,ising2d_t01_r04_seed25073,25073,up,1880,46,test,-1.94,0.985,0.985,0.027687500000000004
547,d25_t01_r04_s047,1.7,1,4,10,ising2d_t01_r04_seed25073,25073,up,1920,47,test,-1.98,0.995,0.995,0.023500000000000004
548,d25_t01_r04_s048,1.7,1,4,10,ising2d_t01_r04_seed25073,25073,up,1960,48,test,-1.89,0.97,0.97,0.028687499999999998
549,d25_t01_r04_s049,1.7,1,4,10,ising2d_t01_r04_seed25073,25073,up,2000,49,test,-1.86,0.96,0.96,0.027250000000000007
550,d25_t01_r05_s000,1.7,1,5,11,ising2d_t01_r05_seed25091,25091,down,40,0,test,-1.89,-0.965,0.965,0.026499999999999996
551,d25_t01_r05_s001,1.7,1,5,11,ising2d_t01_r05_seed25091,25091,down,80,1,test,-1.96,-0.99,0.99,0.03406250000000001
552,d25_t01_r05_s002,1.7,1,5,11,ising2d_t01_r05_seed25091,25091,down,120,2,test,-1.86,-0.96,0.96,0.038125
553,d25_t01_r05_s003,1.7,1,5,11,ising2d_t01_r05_seed25091,25091,down,160,3,test,-1.92,-0.98,0.98,0.02975
554,d25_t01_r05_s004,1.7,1,5,11,ising2d_t01_r05_seed25091,25091,down,200,4,test,-1.87,-0.96,0.96,0.026375000000000003
555,d25_t01_r05_s005,1.7,1,5,11,ising2d_t01_r05_seed25091,25091,down,240,5,test,-1.98,-0.995,0.995,0.034062499999999996
556,d25_t01_r05_s006,1.7,1,5,11,ising2d_t01_r05_seed25091,25091,down,280,6,test,-1.91,-0.975,0.975,0.023750000000000004
557,d25_t01_r05_s007,1.7,1,5,11,ising2d_t01_r05_seed25091,25091,down,320,7,test,-1.86,-0.955,0.955,0.02712499999999999
558,d25_t01_r05_s008,1.7,1,5,11,ising2d_t01_r05_seed25091,25091,down,360,8,test,-1.87,-0.96,0.96,0.028312499999999997
559,d25_t01_r05_s009,1.7,1,5,11,ising2d_t01_r05_seed25091,25091,down,400,9,test,-1.92,-0.98,0.98,0.026749999999999996
560,d25_t01_r05_s010,1.7,1,5,11,ising2d_t01_r05_seed25091,25091,down,440,10,test,-1.83,-0.94,0.94,0.028749999999999998
561,d25_t01_r05_s011,1.7,1,5,11,ising2d_t01_r05_seed25091,25091,down,480,11,test,-1.91,-0.975,0.975,0.0275625
562,d25_t01_r05_s012,1.7,1,5,11,ising2d_t01_r05_seed25091,25091,down,520,12,test,-1.87,-0.965,0.965,0.023750000000000004
563,d25_t01_r05_s013,1.7,1,5,11,ising2d_t01_r05_seed25091,25091,down,560,13,test,-1.92,-0.98,0.98,0.0354375
564,d25_t01_r05_s014,1.7,1,5,11,ising2d_t01_r05_seed25091,25091,down,600,14,test,-1.86,-0.965,0.965,0.025937500000000002
565,d25_t01_r05_s015,1.7,1,5,11,ising2d_t01_r05_seed25091,25091,down,640,15,test,-2.0,-1.0,1.0,0.028312500000000008
566,d25_t01_r05_s016,1.7,1,5,11,ising2d_t01_r05_seed25091,25091,down,680,16,test,-1.89,-0.965,0.965,0.0290625
567,d25_t01_r05_s017,1.7,1,5,11,ising2d_t01_r05_seed25091,25091,down,720,17,test,-1.92,-0.975,0.975,0.033249999999999995
568,d25_t01_r05_s018,1.7,1,5,11,ising2d_t01_r05_seed25091,25091,down,760,18,test,-1.98,-0.995,0.995,0.027500000000000004
569,d25_t01_r05_s019,1.7,1,5,11,ising2d_t01_r05_seed25091,25091,down,800,19,test,-1.83,-0.94,0.94,0.0283125
570,d25_t01_r05_s020,1.7,1,5,11,ising2d_t01_r05_seed25091,25091,down,840,20,test,-1.93,-0.98,0.98,0.025999999999999995
571,d25_t01_r05_s021,1.7,1,5,11,ising2d_t01_r05_seed25091,25091,down,880,21,test,-1.82,-0.95,0.95,0.028249999999999997
572,d25_t01_r05_s022,1.7,1,5,11,ising2d_t01_r05_seed25091,25091,down,920,22,test,-1.91,-0.975,0.975,0.031062500000000003
573,d25_t01_r05_s023,1.7,1,5,11,ising2d_t01_r05_seed25091,25091,down,960,23,test,-1.96,-0.99,0.99,0.026937499999999993
574,d25_t01_r05_s024,1.7,1,5,11,ising2d_t01_r05_seed25091,25091,down,1000,24,test,-1.84,-0.955,0.955,0.032687499999999994
575,d25_t01_r05_s025,1.7,1,5,11,ising2d_t01_r05_seed25091,25091,down,1040,25,test,-1.83,-0.95,0.95,0.03018749999999999
576,d25_t01_r05_s026,1.7,1,5,11,ising2d_t01_r05_seed25091,25091,down,1080,26,test,-1.95,-0.985,0.985,0.0296875
577,d25_t01_r05_s027,1.7,1,5,11,ising2d_t01_r05_seed25091,25091,down,1120,27,test,-1.93,-0.98,0.98,0.0288125
578,d25_t01_r05_s028,1.7,1,5,11,ising2d_t01_r05_seed25091,25091,down,1160,28,test,-1.86,-0.96,0.96,0.029124999999999995
579,d25_t01_r05_s029,1.7,1,5,11,ising2d_t01_r05_seed25091,25091,down,1200,29,test,-1.96,-0.99,0.99,0.030875000000000003
580,d25_t01_r05_s030,1.7,1,5,11,ising2d_t01_r05_seed25091,25091,down,1240,30,test,-1.92,-0.98,0.98,0.02425
581,d25_t01_r05_s031,1.7,1,5,11,ising2d_t01_r05_seed25091,25091,down,1280,31,test,-1.92,-0.98,0.98,0.025999999999999995
582,d25_t01_r05_s032,1.7,1,5,11,ising2d_t01_r05_seed25091,25091,down,1320,32,test,-1.88,-0.97,0.97,0.03350000000000001
583,d25_t01_r05_s033,1.7,1,5,11,ising2d_t01_r05_seed25091,25091,down,1360,33,test,-1.86,-0.96,0.96,0.027249999999999996
584,d25_t01_r05_s034,1.7,1,5,11,ising2d_t01_r05_seed25091,25091,down,1400,34,test,-1.93,-0.98,0.98,0.02674999999999999
585,d25_t01_r05_s035,1.7,1,5,11,ising2d_t01_r05_seed25091,25091,down,1440,35,test,-1.94,-0.985,0.985,0.029812499999999992
586,d25_t01_r05_s036,1.7,1,5,11,ising2d_t01_r05_seed25091,25091,down,1480,36,test,-1.8,-0.945,0.945,0.030999999999999993
587,d25_t01_r05_s037,1.7,1,5,11,ising2d_t01_r05_seed25091,25091,down,1520,37,test,-1.96,-0.985,0.985,0.027000000000000007
588,d25_t01_r05_s038,1.7,1,5,11,ising2d_t01_r05_seed25091,25091,down,1560,38,test,-1.96,-0.99,0.99,0.0288125
589,d25_t01_r05_s039,1.7,1,5,11,ising2d_t01_r05_seed25091,25091,down,1600,39,test,-1.91,-0.975,0.975,0.031937499999999994
590,d25_t01_r05_s040,1.7,1,5,11,ising2d_t01_r05_seed25091,25091,down,1640,40,test,-1.96,-0.99,0.99,0.0381875
591,d25_t01_r05_s041,1.7,1,5,11,ising2d_t01_r05_seed25091,25091,down,1680,41,test,-1.9,-0.97,0.97,0.022375000000000003
592,d25_t01_r05_s042,1.7,1,5,11,ising2d_t01_r05_seed25091,25091,down,1720,42,test,-1.94,-0.985,0.985,0.0255625
593,d25_t01_r05_s043,1.7,1,5,11,ising2d_t01_r05_seed25091,25091,down,1760,43,test,-1.95,-0.985,0.985,0.031249999999999993
594,d25_t01_r05_s044,1.7,1,5,11,ising2d_t01_r05_seed25091,25091,down,1800,44,test,-1.87,-0.95,0.95,0.026687499999999996
595,d25_t01_r05_s045,1.7,1,5,11,ising2d_t01_r05_seed25091,25091,down,1840,45,test,-1.91,-0.975,0.975,0.0413125
596,d25_t01_r05_s046,1.7,1,5,11,ising2d_t01_r05_seed25091,25091,down,1880,46,test,-1.94,-0.985,0.985,0.038625
597,d25_t01_r05_s047,1.7,1,5,11,ising2d_t01_r05_seed25091,25091,down,1920,47,test,-2.0,-1.0,1.0,0.03356250000000001
598,d25_t01_r05_s048,1.7,1,5,11,ising2d_t01_r05_seed25091,25091,down,1960,48,test,-1.87,-0.965,0.965,0.026437499999999996
599,d25_t01_r05_s049,1.7,1,5,11,ising2d_t01_r05_seed25091,25091,down,2000,49,test,-1.95,-0.985,0.985,0.033375
600,d25_t02_r00_s000,1.9,2,0,12,ising2d_t02_r00_seed25002,25002,up,40,0,train,-1.88,0.97,0.97,0.04437500000000001
601,d25_t02_r00_s001,1.9,2,0,12,ising2d_t02_r00_seed25002,25002,up,80,1,train,-1.94,0.985,0.985,0.0491875
602,d25_t02_r00_s002,1.9,2,0,12,ising2d_t02_r00_seed25002,25002,up,120,2,train,-1.9,0.975,0.975,0.054625
603,d25_t02_r00_s003,1.9,2,0,12,ising2d_t02_r00_seed25002,25002,up,160,3,train,-1.82,0.95,0.95,0.04331250000000002
604,d25_t02_r00_s004,1.9,2,0,12,ising2d_t02_r00_seed25002,25002,up,200,4,train,-1.91,0.97,0.97,0.05187499999999999
605,d25_t02_r00_s005,1.9,2,0,12,ising2d_t02_r00_seed25002,25002,up,240,5,train,-1.91,0.975,0.975,0.0504375
606,d25_t02_r00_s006,1.9,2,0,12,ising2d_t02_r00_seed25002,25002,up,280,6,train,-1.77,0.935,0.935,0.047000000000000014
607,d25_t02_r00_s007,1.9,2,0,12,ising2d_t02_r00_seed25002,25002,up,320,7,train,-1.76,0.93,0.93,0.0640625
608,d25_t02_r00_s008,1.9,2,0,12,ising2d_t02_r00_seed25002,25002,up,360,8,train,-1.83,0.955,0.955,0.05368750000000001
609,d25_t02_r00_s009,1.9,2,0,12,ising2d_t02_r00_seed25002,25002,up,400,9,train,-1.79,0.935,0.935,0.05237500000000002
610,d25_t02_r00_s010,1.9,2,0,12,ising2d_t02_r00_seed25002,25002,up,440,10,train,-1.85,0.955,0.955,0.060125
611,d25_t02_r00_s011,1.9,2,0,12,ising2d_t02_r00_seed25002,25002,up,480,11,train,-1.82,0.93,0.93,0.053812500000000006
612,d25_t02_r00_s012,1.9,2,0,12,ising2d_t02_r00_seed25002,25002,up,520,12,train,-1.8,0.94,0.94,0.05687500000000002
613,d25_t02_r00_s013,1.9,2,0,12,ising2d_t02_r00_seed25002,25002,up,560,13,train,-1.74,0.93,0.93,0.04875000000000002
614,d25_t02_r00_s014,1.9,2,0,12,ising2d_t02_r00_seed25002,25002,up,600,14,train,-1.68,0.83,0.83,0.058874999999999976
615,d25_t02_r00_s015,1.9,2,0,12,ising2d_t02_r00_seed25002,25002,up,640,15,train,-1.71,0.9,0.9,0.06412499999999999
616,d25_t02_r00_s016,1.9,2,0,12,ising2d_t02_r00_seed25002,25002,up,680,16,train,-1.95,0.985,0.985,0.051812500000000004
617,d25_t02_r00_s017,1.9,2,0,12,ising2d_t02_r00_seed25002,25002,up,720,17,train,-1.75,0.915,0.915,0.050875000000000004
618,d25_t02_r00_s018,1.9,2,0,12,ising2d_t02_r00_seed25002,25002,up,760,18,train,-1.8,0.94,0.94,0.061687500000000006
619,d25_t02_r00_s019,1.9,2,0,12,ising2d_t02_r00_seed25002,25002,up,800,19,train,-1.68,0.845,0.845,0.056062499999999994
620,d25_t02_r00_s020,1.9,2,0,12,ising2d_t02_r00_seed25002,25002,up,840,20,train,-1.88,0.96,0.96,0.049062499999999995
621,d25_t02_r00_s021,1.9,2,0,12,ising2d_t02_r00_seed25002,25002,up,880,21,train,-1.89,0.97,0.97,0.050375
622,d25_t02_r00_s022,1.9,2,0,12,ising2d_t02_r00_seed25002,25002,up,920,22,train,-1.62,0.76,0.76,0.08712500000000002
623,d25_t02_r00_s023,1.9,2,0,12,ising2d_t02_r00_seed25002,25002,up,960,23,train,-1.92,0.975,0.975,0.06568749999999998
624,d25_t02_r00_s024,1.9,2,0,12,ising2d_t02_r00_seed25002,25002,up,1000,24,train,-1.79,0.935,0.935,0.051875000000000004
625,d25_t02_r00_s025,1.9,2,0,12,ising2d_t02_r00_seed25002,25002,up,1040,25,train,-1.85,0.96,0.96,0.05506250000000003
626,d25_t02_r00_s026,1.9,2,0,12,ising2d_t02_r00_seed25002,25002,up,1080,26,train,-1.9,0.975,0.975,0.055937499999999994
627,d25_t02_r00_s027,1.9,2,0,12,ising2d_t02_r00_seed25002,25002,up,1120,27,train,-1.84,0.96,0.96,0.06031250000000001
628,d25_t02_r00_s028,1.9,2,0,12,ising2d_t02_r00_seed25002,25002,up,1160,28,train,-1.83,0.925,0.925,0.05106250000000001
629,d25_t02_r00_s029,1.9,2,0,12,ising2d_t02_r00_seed25002,25002,up,1200,29,train,-1.75,0.92,0.92,0.0565625
630,d25_t02_r00_s030,1.9,2,0,12,ising2d_t02_r00_seed25002,25002,up,1240,30,train,-1.82,0.945,0.945,0.056437499999999995
631,d25_t02_r00_s031,1.9,2,0,12,ising2d_t02_r00_seed25002,25002,up,1280,31,train,-1.75,0.93,0.93,0.05881250000000001
632,d25_t02_r00_s032,1.9,2,0,12,ising2d_t02_r00_seed25002,25002,up,1320,32,train,-1.78,0.94,0.94,0.06024999999999999
633,d25_t02_r00_s033,1.9,2,0,12,ising2d_t02_r00_seed25002,25002,up,1360,33,train,-1.82,0.955,0.955,0.056437499999999995
634,d25_t02_r00_s034,1.9,2,0,12,ising2d_t02_r00_seed25002,25002,up,1400,34,train,-1.79,0.94,0.94,0.06918750000000001
635,d25_t02_r00_s035,1.9,2,0,12,ising2d_t02_r00_seed25002,25002,up,1440,35,train,-1.92,0.98,0.98,0.055374999999999994
636,d25_t02_r00_s036,1.9,2,0,12,ising2d_t02_r00_seed25002,25002,up,1480,36,train,-1.73,0.905,0.905,0.053437500000000006
637,d25_t02_r00_s037,1.9,2,0,12,ising2d_t02_r00_seed25002,25002,up,1520,37,train,-1.81,0.925,0.925,0.06462500000000002
638,d25_t02_r00_s038,1.9,2,0,12,ising2d_t02_r00_seed25002,25002,up,1560,38,train,-1.88,0.96,0.96,0.05131250000000002
639,d25_t02_r00_s039,1.9,2,0,12,ising2d_t02_r00_seed25002,25002,up,1600,39,train,-1.71,0.905,0.905,0.0538125
640,d25_t02_r00_s040,1.9,2,0,12,ising2d_t02_r00_seed25002,25002,up,1640,40,train,-1.77,0.905,0.905,0.057500000000000016
641,d25_t02_r00_s041,1.9,2,0,12,ising2d_t02_r00_seed25002,25002,up,1680,41,train,-1.68,0.89,0.89,0.0633125
642,d25_t02_r00_s042,1.9,2,0,12,ising2d_t02_r00_seed25002,25002,up,1720,42,train,-1.88,0.965,0.965,0.05731249999999999
643,d25_t02_r00_s043,1.9,2,0,12,ising2d_t02_r00_seed25002,25002,up,1760,43,train,-1.66,0.785,0.785,0.06599999999999998
644,d25_t02_r00_s044,1.9,2,0,12,ising2d_t02_r00_seed25002,25002,up,1800,44,train,-1.64,0.865,0.865,0.06475000000000002
645,d25_t02_r00_s045,1.9,2,0,12,ising2d_t02_r00_seed25002,25002,up,1840,45,train,-1.76,0.92,0.92,0.06356250000000001
646,d25_t02_r00_s046,1.9,2,0,12,ising2d_t02_r00_seed25002,25002,up,1880,46,train,-1.77,0.925,0.925,0.0653125
647,d25_t02_r00_s047,1.9,2,0,12,ising2d_t02_r00_seed25002,25002,up,1920,47,train,-1.8,0.93,0.93,0.0565625
648,d25_t02_r00_s048,1.9,2,0,12,ising2d_t02_r00_seed25002,25002,up,1960,48,train,-1.83,0.95,0.95,0.05275
649,d25_t02_r00_s049,1.9,2,0,12,ising2d_t02_r00_seed25002,25002,up,2000,49,train,-1.56,0.82,0.82,0.078125
650,d25_t02_r01_s000,1.9,2,1,13,ising2d_t02_r01_seed25020,25020,down,40,0,train,-1.63,-0.8,0.8,0.060250000000000005
651,d25_t02_r01_s001,1.9,2,1,13,ising2d_t02_r01_seed25020,25020,down,80,1,train,-1.84,-0.96,0.96,0.05637500000000001
652,d25_t02_r01_s002,1.9,2,1,13,ising2d_t02_r01_seed25020,25020,down,120,2,train,-1.76,-0.92,0.92,0.05650000000000001
653,d25_t02_r01_s003,1.9,2,1,13,ising2d_t02_r01_seed25020,25020,down,160,3,train,-1.67,-0.905,0.905,0.06243749999999999
654,d25_t02_r01_s004,1.9,2,1,13,ising2d_t02_r01_seed25020,25020,down,200,4,train,-1.82,-0.95,0.95,0.0561875
655,d25_t02_r01_s005,1.9,2,1,13,ising2d_t02_r01_seed25020,25020,down,240,5,train,-1.82,-0.935,0.935,0.04768750000000001
656,d25_t02_r01_s006,1.9,2,1,13,ising2d_t02_r01_seed25020,25020,down,280,6,train,-1.85,-0.96,0.96,0.06893750000000001
657,d25_t02_r01_s007,1.9,2,1,13,ising2d_t02_r01_seed25020,25020,down,320,7,train,-1.83,-0.94,0.94,0.05475000000000001
658,d25_t02_r01_s008,1.9,2,1,13,ising2d_t02_r01_seed25020,25020,down,360,8,train,-1.76,-0.91,0.91,0.056125
659,d25_t02_r01_s009,1.9,2,1,13,ising2d_t02_r01_seed25020,25020,down,400,9,train,-1.7,-0.92,0.92,0.05012500000000001
660,d25_t02_r01_s010,1.9,2,1,13,ising2d_t02_r01_seed25020,25020,down,440,10,train,-1.84,-0.95,0.95,0.050249999999999996
661,d25_t02_r01_s011,1.9,2,1,13,ising2d_t02_r01_seed25020,25020,down,480,11,train,-1.79,-0.92,0.92,0.057625
662,d25_t02_r01_s012,1.9,2,1,13,ising2d_t02_r01_seed25020,25020,down,520,12,train,-1.86,-0.965,0.965,0.0546875
663,d25_t02_r01_s013,1.9,2,1,13,ising2d_t02_r01_seed25020,25020,down,560,13,train,-1.81,-0.945,0.945,0.048125000000000015
664,d25_t02_r01_s014,1.9,2,1,13,ising2d_t02_r01_seed25020,25020,down,600,14,train,-1.89,-0.97,0.97,0.056062500000000015
665,d25_t02_r01_s015,1.9,2,1,13,ising2d_t02_r01_seed25020,25020,down,640,15,train,-1.8,-0.95,0.95,0.051375000000000004
666,d25_t02_r01_s016,1.9,2,1,13,ising2d_t02_r01_seed25020,25020,down,680,16,train,-1.91,-0.975,0.975,0.044687500000000005
667,d25_t02_r01_s017,1.9,2,1,13,ising2d_t02_r01_seed25020,25020,down,720,17,train,-1.85,-0.96,0.96,0.054687500000000014
668,d25_t02_r01_s018,1.9,2,1,13,ising2d_t02_r01_seed25020,25020,down,760,18,train,-1.65,-0.88,0.88,0.057125
669,d25_t02_r01_s019,1.9,2,1,13,ising2d_t02_r01_seed25020,25020,down,800,19,train,-1.81,-0.945,0.945,0.0706875
670,d25_t02_r01_s020,1.9,2,1,13,ising2d_t02_r01_seed25020,25020,down,840,20,train,-1.85,-0.96,0.96,0.048187499999999994
671,d25_t02_r01_s021,1.9,2,1,13,ising2d_t02_r01_seed25020,25020,down,880,21,train,-1.73,-0.91,0.91,0.0615
672,d25_t02_r01_s022,1.9,2,1,13,ising2d_t02_r01_seed25020,25020,down,920,22,train,-1.75,-0.91,0.91,0.06512500000000002
673,d25_t02_r01_s023,1.9,2,1,13,ising2d_t02_r01_seed25020,25020,down,960,23,train,-1.71,-0.915,0.915,0.0515625
674,d25_t02_r01_s024,1.9,2,1,13,ising2d_t02_r01_seed25020,25020,down,1000,24,train,-1.81,-0.935,0.935,0.05362500000000002
675,d25_t02_r01_s025,1.9,2,1,13,ising2d_t02_r01_seed25020,25020,down,1040,25,train,-1.79,-0.94,0.94,0.05356250000000003
676,d25_t02_r01_s026,1.9,2,1,13,ising2d_t02_r01_seed25020,25020,down,1080,26,train,-1.86,-0.96,0.96,0.051875000000000004
677,d25_t02_r01_s027,1.9,2,1,13,ising2d_t02_r01_seed25020,25020,down,1120,27,train,-1.82,-0.945,0.945,0.04693750000000001
678,d25_t02_r01_s028,1.9,2,1,13,ising2d_t02_r01_seed25020,25020,down,1160,28,train,-1.8,-0.92,0.92,0.059687500000000004
679,d25_t02_r01_s029,1.9,2,1,13,ising2d_t02_r01_seed25020,25020,down,1200,29,train,-1.85,-0.955,0.955,0.07518749999999999
680,d25_t02_r01_s030,1.9,2,1,13,ising2d_t02_r01_seed25020,25020,down,1240,30,train,-1.84,-0.955,0.955,0.058875
681,d25_t02_r01_s031,1.9,2,1,13,ising2d_t02_r01_seed25020,25020,down,1280,31,train,-1.9,-0.975,0.975,0.042
682,d25_t02_r01_s032,1.9,2,1,13,ising2d_t02_r01_seed25020,25020,down,1320,32,train,-1.72,-0.89,0.89,0.06056250000000002
683,d25_t02_r01_s033,1.9,2,1,13,ising2d_t02_r01_seed25020,25020,down,1360,33,train,-1.85,-0.955,0.955,0.05593750000000001
684,d25_t02_r01_s034,1.9,2,1,13,ising2d_t02_r01_seed25020,25020,down,1400,34,train,-1.84,-0.955,0.955,0.049125
685,d25_t02_r01_s035,1.9,2,1,13,ising2d_t02_r01_seed25020,25020,down,1440,35,train,-1.84,-0.955,0.955,0.05025
686,d25_t02_r01_s036,1.9,2,1,13,ising2d_t02_r01_seed25020,25020,down,1480,36,train,-1.93,-0.98,0.98,0.04868750000000001
687,d25_t02_r01_s037,1.9,2,1,13,ising2d_t02_r01_seed25020,25020,down,1520,37,train,-1.8,-0.94,0.94,0.06287499999999999
688,d25_t02_r01_s038,1.9,2,1,13,ising2d_t02_r01_seed25020,25020,down,1560,38,train,-1.69,-0.89,0.89,0.054625000000000014
689,d25_t02_r01_s039,1.9,2,1,13,ising2d_t02_r01_seed25020,25020,down,1600,39,train,-1.7,-0.895,0.895,0.0614375
690,d25_t02_r01_s040,1.9,2,1,13,ising2d_t02_r01_seed25020,25020,down,1640,40,train,-1.89,-0.97,0.97,0.06293750000000001
691,d25_t02_r01_s041,1.9,2,1,13,ising2d_t02_r01_seed25020,25020,down,1680,41,train,-1.8,-0.93,0.93,0.06212500000000001
692,d25_t02_r01_s042,1.9,2,1,13,ising2d_t02_r01_seed25020,25020,down,1720,42,train,-1.65,-0.9,0.9,0.05925000000000001
693,d25_t02_r01_s043,1.9,2,1,13,ising2d_t02_r01_seed25020,25020,down,1760,43,train,-1.73,-0.915,0.915,0.06393749999999998
694,d25_t02_r01_s044,1.9,2,1,13,ising2d_t02_r01_seed25020,25020,down,1800,44,train,-1.76,-0.92,0.92,0.06693750000000001
695,d25_t02_r01_s045,1.9,2,1,13,ising2d_t02_r01_seed25020,25020,down,1840,45,train,-1.87,-0.96,0.96,0.05487500000000001
696,d25_t02_r01_s046,1.9,2,1,13,ising2d_t02_r01_seed25020,25020,down,1880,46,train,-1.77,-0.94,0.94,0.0415
697,d25_t02_r01_s047,1.9,2,1,13,ising2d_t02_r01_seed25020,25020,down,1920,47,train,-1.84,-0.955,0.955,0.0634375
698,d25_t02_r01_s048,1.9,2,1,13,ising2d_t02_r01_seed25020,25020,down,1960,48,train,-1.83,-0.94,0.94,0.0566875
699,d25_t02_r01_s049,1.9,2,1,13,ising2d_t02_r01_seed25020,25020,down,2000,49,train,-1.77,-0.935,0.935,0.05243750000000001
700,d25_t02_r02_s000,1.9,2,2,14,ising2d_t02_r02_seed25038,25038,up,40,0,validation,-1.73,0.91,0.91,0.05800000000000002
701,d25_t02_r02_s001,1.9,2,2,14,ising2d_t02_r02_seed25038,25038,up,80,1,validation,-1.94,0.985,0.985,0.04506249999999999
702,d25_t02_r02_s002,1.9,2,2,14,ising2d_t02_r02_seed25038,25038,up,120,2,validation,-1.78,0.93,0.93,0.05918750000000002
703,d25_t02_r02_s003,1.9,2,2,14,ising2d_t02_r02_seed25038,25038,up,160,3,validation,-1.83,0.955,0.955,0.05643750000000001
704,d25_t02_r02_s004,1.9,2,2,14,ising2d_t02_r02_seed25038,25038,up,200,4,validation,-1.76,0.925,0.925,0.06262500000000001
705,d25_t02_r02_s005,1.9,2,2,14,ising2d_t02_r02_seed25038,25038,up,240,5,validation,-1.72,0.91,0.91,0.0636875
706,d25_t02_r02_s006,1.9,2,2,14,ising2d_t02_r02_seed25038,25038,up,280,6,validation,-1.79,0.94,0.94,0.05525
707,d25_t02_r02_s007,1.9,2,2,14,ising2d_t02_r02_seed25038,25038,up,320,7,validation,-1.81,0.945,0.945,0.04568750000000001
708,d25_t02_r02_s008,1.9,2,2,14,ising2d_t02_r02_seed25038,25038,up,360,8,validation,-1.77,0.925,0.925,0.05337499999999999
709,d25_t02_r02_s009,1.9,2,2,14,ising2d_t02_r02_seed25038,25038,up,400,9,validation,-1.94,0.98,0.98,0.060062500000000005
710,d25_t02_r02_s010,1.9,2,2,14,ising2d_t02_r02_seed25038,25038,up,440,10,validation,-1.75,0.915,0.915,0.055687500000000015
711,d25_t02_r02_s011,1.9,2,2,14,ising2d_t02_r02_seed25038,25038,up,480,11,validation,-1.75,0.935,0.935,0.07287500000000001
712,d25_t02_r02_s012,1.9,2,2,14,ising2d_t02_r02_seed25038,25038,up,520,12,validation,-1.8,0.94,0.94,0.0831875
713,d25_t02_r02_s013,1.9,2,2,14,ising2d_t02_r02_seed25038,25038,up,560,13,validation,-1.88,0.97,0.97,0.052875000000000005
714,d25_t02_r02_s014,1.9,2,2,14,ising2d_t02_r02_seed25038,25038,up,600,14,validation,-1.71,0.88,0.88,0.061999999999999986
715,d25_t02_r02_s015,1.9,2,2,14,ising2d_t02_r02_seed25038,25038,up,640,15,validation,-1.86,0.96,0.96,0.053250000000000006
716,d25_t02_r02_s016,1.9,2,2,14,ising2d_t02_r02_seed25038,25038,up,680,16,validation,-1.81,0.94,0.94,0.06337500000000003
717,d25_t02_r02_s017,1.9,2,2,14,ising2d_t02_r02_seed25038,25038,up,720,17,validation,-1.76,0.915,0.915,0.05818749999999998
718,d25_t02_r02_s018,1.9,2,2,14,ising2d_t02_r02_seed25038,25038,up,760,18,validation,-1.82,0.95,0.95,0.055062500000000014
719,d25_t02_r02_s019,1.9,2,2,14,ising2d_t02_r02_seed25038,25038,up,800,19,validation,-1.81,0.93,0.93,0.05487500000000001
720,d25_t02_r02_s020,1.9,2,2,14,ising2d_t02_r02_seed25038,25038,up,840,20,validation,-1.84,0.95,0.95,0.05
721,d25_t02_r02_s021,1.9,2,2,14,ising2d_t02_r02_seed25038,25038,up,880,21,validation,-1.84,0.955,0.955,0.057437499999999996
722,d25_t02_r02_s022,1.9,2,2,14,ising2d_t02_r02_seed25038,25038,up,920,22,validation,-1.86,0.96,0.96,0.05406250000000001
723,d25_t02_r02_s023,1.9,2,2,14,ising2d_t02_r02_seed25038,25038,up,960,23,validation,-1.71,0.91,0.91,0.059125000000000004
724,d25_t02_r02_s024,1.9,2,2,14,ising2d_t02_r02_seed25038,25038,up,1000,24,validation,-1.83,0.945,0.945,0.06543750000000001
725,d25_t02_r02_s025,1.9,2,2,14,ising2d_t02_r02_seed25038,25038,up,1040,25,validation,-1.77,0.93,0.93,0.06731250000000003
726,d25_t02_r02_s026,1.9,2,2,14,ising2d_t02_r02_seed25038,25038,up,1080,26,validation,-1.73,0.92,0.92,0.06262499999999997
727,d25_t02_r02_s027,1.9,2,2,14,ising2d_t02_r02_seed25038,25038,up,1120,27,validation,-1.85,0.955,0.955,0.0560625
728,d25_t02_r02_s028,1.9,2,2,14,ising2d_t02_r02_seed25038,25038,up,1160,28,validation,-1.83,0.955,0.955,0.06325
729,d25_t02_r02_s029,1.9,2,2,14,ising2d_t02_r02_seed25038,25038,up,1200,29,validation,-1.85,0.955,0.955,0.060750000000000026
730,d25_t02_r02_s030,1.9,2,2,14,ising2d_t02_r02_seed25038,25038,up,1240,30,validation,-1.74,0.905,0.905,0.06212500000000002
731,d25_t02_r02_s031,1.9,2,2,14,ising2d_t02_r02_seed25038,25038,up,1280,31,validation,-1.9,0.975,0.975,0.06000000000000001
732,d25_t02_r02_s032,1.9,2,2,14,ising2d_t02_r02_seed25038,25038,up,1320,32,validation,-1.74,0.925,0.925,0.05575
733,d25_t02_r02_s033,1.9,2,2,14,ising2d_t02_r02_seed25038,25038,up,1360,33,validation,-1.94,0.985,0.985,0.052375000000000005
734,d25_t02_r02_s034,1.9,2,2,14,ising2d_t02_r02_seed25038,25038,up,1400,34,validation,-1.76,0.915,0.915,0.05487500000000001
735,d25_t02_r02_s035,1.9,2,2,14,ising2d_t02_r02_seed25038,25038,up,1440,35,validation,-1.73,0.91,0.91,0.061187500000000006
736,d25_t02_r02_s036,1.9,2,2,14,ising2d_t02_r02_seed25038,25038,up,1480,36,validation,-1.79,0.93,0.93,0.058874999999999976
737,d25_t02_r02_s037,1.9,2,2,14,ising2d_t02_r02_seed25038,25038,up,1520,37,validation,-1.94,0.985,0.985,0.056437500000000015
738,d25_t02_r02_s038,1.9,2,2,14,ising2d_t02_r02_seed25038,25038,up,1560,38,validation,-1.77,0.94,0.94,0.0485625
739,d25_t02_r02_s039,1.9,2,2,14,ising2d_t02_r02_seed25038,25038,up,1600,39,validation,-1.85,0.955,0.955,0.0538125
740,d25_t02_r02_s040,1.9,2,2,14,ising2d_t02_r02_seed25038,25038,up,1640,40,validation,-1.7,0.895,0.895,0.06450000000000002
741,d25_t02_r02_s041,1.9,2,2,14,ising2d_t02_r02_seed25038,25038,up,1680,41,validation,-1.7,0.905,0.905,0.06862500000000002
742,d25_t02_r02_s042,1.9,2,2,14,ising2d_t02_r02_seed25038,25038,up,1720,42,validation,-1.82,0.945,0.945,0.058875
743,d25_t02_r02_s043,1.9,2,2,14,ising2d_t02_r02_seed25038,25038,up,1760,43,validation,-1.75,0.92,0.92,0.06856250000000001
744,d25_t02_r02_s044,1.9,2,2,14,ising2d_t02_r02_seed25038,25038,up,1800,44,validation,-1.9,0.975,0.975,0.054562500000000014
745,d25_t02_r02_s045,1.9,2,2,14,ising2d_t02_r02_seed25038,25038,up,1840,45,validation,-1.85,0.95,0.95,0.05993750000000001
746,d25_t02_r02_s046,1.9,2,2,14,ising2d_t02_r02_seed25038,25038,up,1880,46,validation,-1.73,0.925,0.925,0.0571875
747,d25_t02_r02_s047,1.9,2,2,14,ising2d_t02_r02_seed25038,25038,up,1920,47,validation,-1.83,0.945,0.945,0.057000000000000016
748,d25_t02_r02_s048,1.9,2,2,14,ising2d_t02_r02_seed25038,25038,up,1960,48,validation,-1.78,0.935,0.935,0.04837500000000001
749,d25_t02_r02_s049,1.9,2,2,14,ising2d_t02_r02_seed25038,25038,up,2000,49,validation,-1.67,0.885,0.885,0.061499999999999985
750,d25_t02_r03_s000,1.9,2,3,15,ising2d_t02_r03_seed25056,25056,down,40,0,validation,-1.81,-0.945,0.945,0.063
751,d25_t02_r03_s001,1.9,2,3,15,ising2d_t02_r03_seed25056,25056,down,80,1,validation,-1.79,-0.93,0.93,0.0485625
752,d25_t02_r03_s002,1.9,2,3,15,ising2d_t02_r03_seed25056,25056,down,120,2,validation,-1.86,-0.965,0.965,0.04693749999999999
753,d25_t02_r03_s003,1.9,2,3,15,ising2d_t02_r03_seed25056,25056,down,160,3,validation,-1.82,-0.95,0.95,0.0638125
754,d25_t02_r03_s004,1.9,2,3,15,ising2d_t02_r03_seed25056,25056,down,200,4,validation,-1.83,-0.955,0.955,0.06993750000000001
755,d25_t02_r03_s005,1.9,2,3,15,ising2d_t02_r03_seed25056,25056,down,240,5,validation,-1.78,-0.915,0.915,0.059125000000000004
756,d25_t02_r03_s006,1.9,2,3,15,ising2d_t02_r03_seed25056,25056,down,280,6,validation,-1.8,-0.94,0.94,0.0550625
757,d25_t02_r03_s007,1.9,2,3,15,ising2d_t02_r03_seed25056,25056,down,320,7,validation,-1.78,-0.94,0.94,0.059625
758,d25_t02_r03_s008,1.9,2,3,15,ising2d_t02_r03_seed25056,25056,down,360,8,validation,-1.85,-0.945,0.945,0.06093750000000001
759,d25_t02_r03_s009,1.9,2,3,15,ising2d_t02_r03_seed25056,25056,down,400,9,validation,-1.78,-0.94,0.94,0.0490625
760,d25_t02_r03_s010,1.9,2,3,15,ising2d_t02_r03_seed25056,25056,down,440,10,validation,-1.76,-0.94,0.94,0.06174999999999999
761,d25_t02_r03_s011,1.9,2,3,15,ising2d_t02_r03_seed25056,25056,down,480,11,validation,-1.82,-0.935,0.935,0.0493125
762,d25_t02_r03_s012,1.9,2,3,15,ising2d_t02_r03_seed25056,25056,down,520,12,validation,-1.76,-0.935,0.935,0.0625
763,d25_t02_r03_s013,1.9,2,3,15,ising2d_t02_r03_seed25056,25056,down,560,13,validation,-1.85,-0.955,0.955,0.045375
764,d25_t02_r03_s014,1.9,2,3,15,ising2d_t02_r03_seed25056,25056,down,600,14,validation,-1.79,-0.945,0.945,0.06412500000000002
765,d25_t02_r03_s015,1.9,2,3,15,ising2d_t02_r03_seed25056,25056,down,640,15,validation,-1.76,-0.925,0.925,0.05325
766,d25_t02_r03_s016,1.9,2,3,15,ising2d_t02_r03_seed25056,25056,down,680,16,validation,-1.79,-0.93,0.93,0.059062500000000004
767,d25_t02_r03_s017,1.9,2,3,15,ising2d_t02_r03_seed25056,25056,down,720,17,validation,-1.79,-0.92,0.92,0.055000000000000014
768,d25_t02_r03_s018,1.9,2,3,15,ising2d_t02_r03_seed25056,25056,down,760,18,validation,-1.7,-0.9,0.9,0.06512500000000002
769,d25_t02_r03_s019,1.9,2,3,15,ising2d_t02_r03_seed25056,25056,down,800,19,validation,-1.82,-0.95,0.95,0.05425000000000001
770,d25_t02_r03_s020,1.9,2,3,15,ising2d_t02_r03_seed25056,25056,down,840,20,validation,-1.71,-0.87,0.87,0.06749999999999998
771,d25_t02_r03_s021,1.9,2,3,15,ising2d_t02_r03_seed25056,25056,down,880,21,validation,-1.85,-0.945,0.945,0.05481250000000001
772,d25_t02_r03_s022,1.9,2,3,15,ising2d_t02_r03_seed25056,25056,down,920,22,validation,-1.9,-0.975,0.975,0.06237499999999999
773,d25_t02_r03_s023,1.9,2,3,15,ising2d_t02_r03_seed25056,25056,down,960,23,validation,-1.72,-0.915,0.915,0.04387500000000001
774,d25_t02_r03_s024,1.9,2,3,15,ising2d_t02_r03_seed25056,25056,down,1000,24,validation,-1.71,-0.855,0.855,0.06412500000000003
775,d25_t02_r03_s025,1.9,2,3,15,ising2d_t02_r03_seed25056,25056,down,1040,25,validation,-1.9,-0.97,0.97,0.0581875
776,d25_t02_r03_s026,1.9,2,3,15,ising2d_t02_r03_seed25056,25056,down,1080,26,validation,-1.87,-0.96,0.96,0.049624999999999996
777,d25_t02_r03_s027,1.9,2,3,15,ising2d_t02_r03_seed25056,25056,down,1120,27,validation,-1.74,-0.92,0.92,0.060499999999999984
778,d25_t02_r03_s028,1.9,2,3,15,ising2d_t02_r03_seed25056,25056,down,1160,28,validation,-1.74,-0.88,0.88,0.060750000000000005
779,d25_t02_r03_s029,1.9,2,3,15,ising2d_t02_r03_seed25056,25056,down,1200,29,validation,-1.77,-0.935,0.935,0.06556250000000002
780,d25_t02_r03_s030,1.9,2,3,15,ising2d_t02_r03_seed25056,25056,down,1240,30,validation,-1.71,-0.89,0.89,0.059562500000000004
781,d25_t02_r03_s031,1.9,2,3,15,ising2d_t02_r03_seed25056,25056,down,1280,31,validation,-1.83,-0.95,0.95,0.05525000000000001
782,d25_t02_r03_s032,1.9,2,3,15,ising2d_t02_r03_seed25056,25056,down,1320,32,validation,-1.72,-0.925,0.925,0.0540625
783,d25_t02_r03_s033,1.9,2,3,15,ising2d_t02_r03_seed25056,25056,down,1360,33,validation,-1.71,-0.815,0.815,0.08900000000000004
784,d25_t02_r03_s034,1.9,2,3,15,ising2d_t02_r03_seed25056,25056,down,1400,34,validation,-1.9,-0.975,0.975,0.077375
785,d25_t02_r03_s035,1.9,2,3,15,ising2d_t02_r03_seed25056,25056,down,1440,35,validation,-1.79,-0.93,0.93,0.058687500000000004
786,d25_t02_r03_s036,1.9,2,3,15,ising2d_t02_r03_seed25056,25056,down,1480,36,validation,-1.81,-0.945,0.945,0.05731250000000001
787,d25_t02_r03_s037,1.9,2,3,15,ising2d_t02_r03_seed25056,25056,down,1520,37,validation,-1.82,-0.945,0.945,0.05137499999999999
788,d25_t02_r03_s038,1.9,2,3,15,ising2d_t02_r03_seed25056,25056,down,1560,38,validation,-1.72,-0.905,0.905,0.06587499999999999
789,d25_t02_r03_s039,1.9,2,3,15,ising2d_t02_r03_seed25056,25056,down,1600,39,validation,-1.81,-0.945,0.945,0.06487500000000002
790,d25_t02_r03_s040,1.9,2,3,15,ising2d_t02_r03_seed25056,25056,down,1640,40,validation,-1.82,-0.935,0.935,0.058125
791,d25_t02_r03_s041,1.9,2,3,15,ising2d_t02_r03_seed25056,25056,down,1680,41,validation,-1.64,-0.865,0.865,0.06012500000000002
792,d25_t02_r03_s042,1.9,2,3,15,ising2d_t02_r03_seed25056,25056,down,1720,42,validation,-1.68,-0.86,0.86,0.08418750000000001
793,d25_t02_r03_s043,1.9,2,3,15,ising2d_t02_r03_seed25056,25056,down,1760,43,validation,-1.74,-0.915,0.915,0.057437499999999996
794,d25_t02_r03_s044,1.9,2,3,15,ising2d_t02_r03_seed25056,25056,down,1800,44,validation,-1.8,-0.935,0.935,0.056999999999999995
795,d25_t02_r03_s045,1.9,2,3,15,ising2d_t02_r03_seed25056,25056,down,1840,45,validation,-1.74,-0.87,0.87,0.061062500000000006
796,d25_t02_r03_s046,1.9,2,3,15,ising2d_t02_r03_seed25056,25056,down,1880,46,validation,-1.66,-0.87,0.87,0.056874999999999995
797,d25_t02_r03_s047,1.9,2,3,15,ising2d_t02_r03_seed25056,25056,down,1920,47,validation,-1.81,-0.945,0.945,0.0620625
798,d25_t02_r03_s048,1.9,2,3,15,ising2d_t02_r03_seed25056,25056,down,1960,48,validation,-1.83,-0.95,0.95,0.05618749999999999
799,d25_t02_r03_s049,1.9,2,3,15,ising2d_t02_r03_seed25056,25056,down,2000,49,validation,-1.79,-0.925,0.925,0.0471875
800,d25_t02_r04_s000,1.9,2,4,16,ising2d_t02_r04_seed25074,25074,up,40,0,test,-1.72,0.915,0.915,0.06218749999999999
801,d25_t02_r04_s001,1.9,2,4,16,ising2d_t02_r04_seed25074,25074,up,80,1,test,-1.77,0.915,0.915,0.06162500000000003
802,d25_t02_r04_s002,1.9,2,4,16,ising2d_t02_r04_seed25074,25074,up,120,2,test,-1.84,0.95,0.95,0.06031249999999999
803,d25_t02_r04_s003,1.9,2,4,16,ising2d_t02_r04_seed25074,25074,up,160,3,test,-1.81,0.945,0.945,0.04993750000000001
804,d25_t02_r04_s004,1.9,2,4,16,ising2d_t02_r04_seed25074,25074,up,200,4,test,-1.79,0.91,0.91,0.059812500000000005
805,d25_t02_r04_s005,1.9,2,4,16,ising2d_t02_r04_seed25074,25074,up,240,5,test,-1.83,0.94,0.94,0.05612499999999998
806,d25_t02_r04_s006,1.9,2,4,16,ising2d_t02_r04_seed25074,25074,up,280,6,test,-1.84,0.96,0.96,0.052750000000000005
807,d25_t02_r04_s007,1.9,2,4,16,ising2d_t02_r04_seed25074,25074,up,320,7,test,-1.71,0.905,0.905,0.061562500000000006
808,d25_t02_r04_s008,1.9,2,4,16,ising2d_t02_r04_seed25074,25074,up,360,8,test,-1.88,0.97,0.97,0.0550625
809,d25_t02_r04_s009,1.9,2,4,16,ising2d_t02_r04_seed25074,25074,up,400,9,test,-1.74,0.925,0.925,0.05606250000000003
810,d25_t02_r04_s010,1.9,2,4,16,ising2d_t02_r04_seed25074,25074,up,440,10,test,-1.75,0.905,0.905,0.05187500000000002
811,d25_t02_r04_s011,1.9,2,4,16,ising2d_t02_r04_seed25074,25074,up,480,11,test,-1.82,0.92,0.92,0.05818749999999999
812,d25_t02_r04_s012,1.9,2,4,16,ising2d_t02_r04_seed25074,25074,up,520,12,test,-1.73,0.92,0.92,0.057499999999999996
813,d25_t02_r04_s013,1.9,2,4,16,ising2d_t02_r04_seed25074,25074,up,560,13,test,-1.84,0.96,0.96,0.04687499999999999
814,d25_t02_r04_s014,1.9,2,4,16,ising2d_t02_r04_seed25074,25074,up,600,14,test,-1.81,0.945,0.945,0.055937499999999994
815,d25_t02_r04_s015,1.9,2,4,16,ising2d_t02_r04_seed25074,25074,up,640,15,test,-1.94,0.985,0.985,0.053375000000000006
816,d25_t02_r04_s016,1.9,2,4,16,ising2d_t02_r04_seed25074,25074,up,680,16,test,-1.89,0.965,0.965,0.06325
817,d25_t02_r04_s017,1.9,2,4,16,ising2d_t02_r04_seed25074,25074,up,720,17,test,-1.83,0.95,0.95,0.06193750000000001
818,d25_t02_r04_s018,1.9,2,4,16,ising2d_t02_r04_seed25074,25074,up,760,18,test,-1.85,0.955,0.955,0.06031250000000003
819,d25_t02_r04_s019,1.9,2,4,16,ising2d_t02_r04_seed25074,25074,up,800,19,test,-1.87,0.965,0.965,0.055625000000000015
820,d25_t02_r04_s020,1.9,2,4,16,ising2d_t02_r04_seed25074,25074,up,840,20,test,-1.88,0.96,0.96,0.055562499999999994
821,d25_t02_r04_s021,1.9,2,4,16,ising2d_t02_r04_seed25074,25074,up,880,21,test,-1.81,0.95,0.95,0.04837500000000001
822,d25_t02_r04_s022,1.9,2,4,16,ising2d_t02_r04_seed25074,25074,up,920,22,test,-1.86,0.965,0.965,0.054687500000000014
823,d25_t02_r04_s023,1.9,2,4,16,ising2d_t02_r04_seed25074,25074,up,960,23,test,-1.82,0.945,0.945,0.05525000000000002
824,d25_t02_r04_s024,1.9,2,4,16,ising2d_t02_r04_seed25074,25074,up,1000,24,test,-1.86,0.96,0.96,0.045437500000000006
825,d25_t02_r04_s025,1.9,2,4,16,ising2d_t02_r04_seed25074,25074,up,1040,25,test,-1.89,0.97,0.97,0.061625
826,d25_t02_r04_s026,1.9,2,4,16,ising2d_t02_r04_seed25074,25074,up,1080,26,test,-1.86,0.955,0.955,0.0540625
827,d25_t02_r04_s027,1.9,2,4,16,ising2d_t02_r04_seed25074,25074,up,1120,27,test,-1.7,0.91,0.91,0.0626875
828,d25_t02_r04_s028,1.9,2,4,16,ising2d_t02_r04_seed25074,25074,up,1160,28,test,-1.85,0.955,0.955,0.0551875
829,d25_t02_r04_s029,1.9,2,4,16,ising2d_t02_r04_seed25074,25074,up,1200,29,test,-1.78,0.93,0.93,0.05306249999999999
830,d25_t02_r04_s030,1.9,2,4,16,ising2d_t02_r04_seed25074,25074,up,1240,30,test,-1.84,0.95,0.95,0.06137499999999998
831,d25_t02_r04_s031,1.9,2,4,16,ising2d_t02_r04_seed25074,25074,up,1280,31,test,-1.86,0.965,0.965,0.04206250000000002
832,d25_t02_r04_s032,1.9,2,4,16,ising2d_t02_r04_seed25074,25074,up,1320,32,test,-1.8,0.915,0.915,0.04925000000000001
833,d25_t02_r04_s033,1.9,2,4,16,ising2d_t02_r04_seed25074,25074,up,1360,33,test,-1.84,0.955,0.955,0.06550000000000002
834,d25_t02_r04_s034,1.9,2,4,16,ising2d_t02_r04_seed25074,25074,up,1400,34,test,-1.82,0.95,0.95,0.059062500000000004
835,d25_t02_r04_s035,1.9,2,4,16,ising2d_t02_r04_seed25074,25074,up,1440,35,test,-1.9,0.975,0.975,0.0370625
836,d25_t02_r04_s036,1.9,2,4,16,ising2d_t02_r04_seed25074,25074,up,1480,36,test,-1.85,0.96,0.96,0.05893750000000003
837,d25_t02_r04_s037,1.9,2,4,16,ising2d_t02_r04_seed25074,25074,up,1520,37,test,-1.87,0.965,0.965,0.05768749999999999
838,d25_t02_r04_s038,1.9,2,4,16,ising2d_t02_r04_seed25074,25074,up,1560,38,test,-1.78,0.935,0.935,0.06012500000000002
839,d25_t02_r04_s039,1.9,2,4,16,ising2d_t02_r04_seed25074,25074,up,1600,39,test,-1.82,0.95,0.95,0.0670625
840,d25_t02_r04_s040,1.9,2,4,16,ising2d_t02_r04_seed25074,25074,up,1640,40,test,-1.83,0.945,0.945,0.0599375
841,d25_t02_r04_s041,1.9,2,4,16,ising2d_t02_r04_seed25074,25074,up,1680,41,test,-1.58,0.85,0.85,0.05643750000000001
842,d25_t02_r04_s042,1.9,2,4,16,ising2d_t02_r04_seed25074,25074,up,1720,42,test,-1.85,0.955,0.955,0.0746875
843,d25_t02_r04_s043,1.9,2,4,16,ising2d_t02_r04_seed25074,25074,up,1760,43,test,-1.72,0.905,0.905,0.07375000000000001
844,d25_t02_r04_s044,1.9,2,4,16,ising2d_t02_r04_seed25074,25074,up,1800,44,test,-1.9,0.97,0.97,0.04968750000000001
845,d25_t02_r04_s045,1.9,2,4,16,ising2d_t02_r04_seed25074,25074,up,1840,45,test,-1.82,0.94,0.94,0.07399999999999998
846,d25_t02_r04_s046,1.9,2,4,16,ising2d_t02_r04_seed25074,25074,up,1880,46,test,-1.8,0.94,0.94,0.07125000000000001
847,d25_t02_r04_s047,1.9,2,4,16,ising2d_t02_r04_seed25074,25074,up,1920,47,test,-1.83,0.93,0.93,0.051874999999999984
848,d25_t02_r04_s048,1.9,2,4,16,ising2d_t02_r04_seed25074,25074,up,1960,48,test,-1.92,0.98,0.98,0.059250000000000004
849,d25_t02_r04_s049,1.9,2,4,16,ising2d_t02_r04_seed25074,25074,up,2000,49,test,-1.81,0.905,0.905,0.05306249999999999
850,d25_t02_r05_s000,1.9,2,5,17,ising2d_t02_r05_seed25092,25092,down,40,0,test,-1.85,-0.945,0.945,0.05893750000000002
851,d25_t02_r05_s001,1.9,2,5,17,ising2d_t02_r05_seed25092,25092,down,80,1,test,-1.85,-0.955,0.955,0.046500000000000014
852,d25_t02_r05_s002,1.9,2,5,17,ising2d_t02_r05_seed25092,25092,down,120,2,test,-1.89,-0.97,0.97,0.04706250000000001
853,d25_t02_r05_s003,1.9,2,5,17,ising2d_t02_r05_seed25092,25092,down,160,3,test,-1.76,-0.93,0.93,0.05600000000000001
854,d25_t02_r05_s004,1.9,2,5,17,ising2d_t02_r05_seed25092,25092,down,200,4,test,-1.81,-0.94,0.94,0.052375000000000005
855,d25_t02_r05_s005,1.9,2,5,17,ising2d_t02_r05_seed25092,25092,down,240,5,test,-1.88,-0.96,0.96,0.05824999999999999
856,d25_t02_r05_s006,1.9,2,5,17,ising2d_t02_r05_seed25092,25092,down,280,6,test,-1.65,-0.875,0.875,0.05031250000000002
857,d25_t02_r05_s007,1.9,2,5,17,ising2d_t02_r05_seed25092,25092,down,320,7,test,-1.86,-0.96,0.96,0.05931249999999999
858,d25_t02_r05_s008,1.9,2,5,17,ising2d_t02_r05_seed25092,25092,down,360,8,test,-1.86,-0.965,0.965,0.052437500000000005
859,d25_t02_r05_s009,1.9,2,5,17,ising2d_t02_r05_seed25092,25092,down,400,9,test,-1.8,-0.945,0.945,0.06425
860,d25_t02_r05_s010,1.9,2,5,17,ising2d_t02_r05_seed25092,25092,down,440,10,test,-1.9,-0.97,0.97,0.05406250000000001
861,d25_t02_r05_s011,1.9,2,5,17,ising2d_t02_r05_seed25092,25092,down,480,11,test,-1.89,-0.965,0.965,0.05331250000000002
862,d25_t02_r05_s012,1.9,2,5,17,ising2d_t02_r05_seed25092,25092,down,520,12,test,-1.78,-0.93,0.93,0.0698125
863,d25_t02_r05_s013,1.9,2,5,17,ising2d_t02_r05_seed25092,25092,down,560,13,test,-1.83,-0.945,0.945,0.061062500000000006
864,d25_t02_r05_s014,1.9,2,5,17,ising2d_t02_r05_seed25092,25092,down,600,14,test,-1.71,-0.89,0.89,0.0545625
865,d25_t02_r05_s015,1.9,2,5,17,ising2d_t02_r05_seed25092,25092,down,640,15,test,-1.82,-0.945,0.945,0.08043750000000001
866,d25_t02_r05_s016,1.9,2,5,17,ising2d_t02_r05_seed25092,25092,down,680,16,test,-1.81,-0.925,0.925,0.056499999999999995
867,d25_t02_r05_s017,1.9,2,5,17,ising2d_t02_r05_seed25092,25092,down,720,17,test,-1.84,-0.955,0.955,0.053500000000000006
868,d25_t02_r05_s018,1.9,2,5,17,ising2d_t02_r05_seed25092,25092,down,760,18,test,-1.81,-0.945,0.945,0.06362499999999999
869,d25_t02_r05_s019,1.9,2,5,17,ising2d_t02_r05_seed25092,25092,down,800,19,test,-1.72,-0.915,0.915,0.058625000000000003
870,d25_t02_r05_s020,1.9,2,5,17,ising2d_t02_r05_seed25092,25092,down,840,20,test,-1.86,-0.95,0.95,0.07143749999999999
871,d25_t02_r05_s021,1.9,2,5,17,ising2d_t02_r05_seed25092,25092,down,880,21,test,-1.83,-0.945,0.945,0.04818750000000002
872,d25_t02_r05_s022,1.9,2,5,17,ising2d_t02_r05_seed25092,25092,down,920,22,test,-1.92,-0.975,0.975,0.05500000000000001
873,d25_t02_r05_s023,1.9,2,5,17,ising2d_t02_r05_seed25092,25092,down,960,23,test,-1.81,-0.945,0.945,0.05475000000000001
874,d25_t02_r05_s024,1.9,2,5,17,ising2d_t02_r05_seed25092,25092,down,1000,24,test,-1.84,-0.95,0.95,0.06081250000000001
875,d25_t02_r05_s025,1.9,2,5,17,ising2d_t02_r05_seed25092,25092,down,1040,25,test,-1.77,-0.93,0.93,0.06537500000000002
876,d25_t02_r05_s026,1.9,2,5,17,ising2d_t02_r05_seed25092,25092,down,1080,26,test,-1.82,-0.945,0.945,0.0556875
877,d25_t02_r05_s027,1.9,2,5,17,ising2d_t02_r05_seed25092,25092,down,1120,27,test,-1.79,-0.935,0.935,0.05725
878,d25_t02_r05_s028,1.9,2,5,17,ising2d_t02_r05_seed25092,25092,down,1160,28,test,-1.78,-0.92,0.92,0.05506249999999999
879,d25_t02_r05_s029,1.9,2,5,17,ising2d_t02_r05_seed25092,25092,down,1200,29,test,-1.88,-0.965,0.965,0.0503125
880,d25_t02_r05_s030,1.9,2,5,17,ising2d_t02_r05_seed25092,25092,down,1240,30,test,-1.82,-0.955,0.955,0.047375
881,d25_t02_r05_s031,1.9,2,5,17,ising2d_t02_r05_seed25092,25092,down,1280,31,test,-1.79,-0.945,0.945,0.052000000000000005
882,d25_t02_r05_s032,1.9,2,5,17,ising2d_t02_r05_seed25092,25092,down,1320,32,test,-1.61,-0.855,0.855,0.072
883,d25_t02_r05_s033,1.9,2,5,17,ising2d_t02_r05_seed25092,25092,down,1360,33,test,-1.84,-0.96,0.96,0.05581250000000001
884,d25_t02_r05_s034,1.9,2,5,17,ising2d_t02_r05_seed25092,25092,down,1400,34,test,-1.92,-0.98,0.98,0.050375
885,d25_t02_r05_s035,1.9,2,5,17,ising2d_t02_r05_seed25092,25092,down,1440,35,test,-1.81,-0.94,0.94,0.053500000000000006
886,d25_t02_r05_s036,1.9,2,5,17,ising2d_t02_r05_seed25092,25092,down,1480,36,test,-1.9,-0.975,0.975,0.054437500000000014
887,d25_t02_r05_s037,1.9,2,5,17,ising2d_t02_r05_seed25092,25092,down,1520,37,test,-1.86,-0.955,0.955,0.059375
888,d25_t02_r05_s038,1.9,2,5,17,ising2d_t02_r05_seed25092,25092,down,1560,38,test,-1.86,-0.965,0.965,0.054625000000000014
889,d25_t02_r05_s039,1.9,2,5,17,ising2d_t02_r05_seed25092,25092,down,1600,39,test,-1.88,-0.97,0.97,0.0406875
890,d25_t02_r05_s040,1.9,2,5,17,ising2d_t02_r05_seed25092,25092,down,1640,40,test,-1.84,-0.96,0.96,0.057999999999999996
891,d25_t02_r05_s041,1.9,2,5,17,ising2d_t02_r05_seed25092,25092,down,1680,41,test,-1.79,-0.925,0.925,0.05618749999999999
892,d25_t02_r05_s042,1.9,2,5,17,ising2d_t02_r05_seed25092,25092,down,1720,42,test,-1.67,-0.89,0.89,0.059312500000000004
893,d25_t02_r05_s043,1.9,2,5,17,ising2d_t02_r05_seed25092,25092,down,1760,43,test,-1.73,-0.92,0.92,0.07175000000000001
894,d25_t02_r05_s044,1.9,2,5,17,ising2d_t02_r05_seed25092,25092,down,1800,44,test,-1.79,-0.94,0.94,0.06500000000000002
895,d25_t02_r05_s045,1.9,2,5,17,ising2d_t02_r05_seed25092,25092,down,1840,45,test,-1.8,-0.945,0.945,0.04881250000000001
896,d25_t02_r05_s046,1.9,2,5,17,ising2d_t02_r05_seed25092,25092,down,1880,46,test,-1.81,-0.95,0.95,0.0631875
897,d25_t02_r05_s047,1.9,2,5,17,ising2d_t02_r05_seed25092,25092,down,1920,47,test,-1.86,-0.96,0.96,0.05350000000000001
898,d25_t02_r05_s048,1.9,2,5,17,ising2d_t02_r05_seed25092,25092,down,1960,48,test,-2.0,-1.0,1.0,0.05962500000000002
899,d25_t02_r05_s049,1.9,2,5,17,ising2d_t02_r05_seed25092,25092,down,2000,49,test,-1.76,-0.915,0.915,0.04493750000000001
900,d25_t03_r00_s000,2.05,3,0,18,ising2d_t03_r00_seed25003,25003,up,40,0,train,-1.79,0.925,0.925,0.0799375
901,d25_t03_r00_s001,2.05,3,0,18,ising2d_t03_r00_seed25003,25003,up,80,1,train,-1.73,0.89,0.89,0.08931250000000002
902,d25_t03_r00_s002,2.05,3,0,18,ising2d_t03_r00_seed25003,25003,up,120,2,train,-1.62,0.88,0.88,0.08112499999999999
903,d25_t03_r00_s003,2.05,3,0,18,ising2d_t03_r00_seed25003,25003,up,160,3,train,-1.8,0.935,0.935,0.09818750000000001
904,d25_t03_r00_s004,2.05,3,0,18,ising2d_t03_r00_seed25003,25003,up,200,4,train,-1.85,0.96,0.96,0.1143125
905,d25_t03_r00_s005,2.05,3,0,18,ising2d_t03_r00_seed25003,25003,up,240,5,train,-1.7,0.89,0.89,0.10012499999999999
906,d25_t03_r00_s006,2.05,3,0,18,ising2d_t03_r00_seed25003,25003,up,280,6,train,-1.72,0.92,0.92,0.077125
907,d25_t03_r00_s007,2.05,3,0,18,ising2d_t03_r00_seed25003,25003,up,320,7,train,-1.63,0.765,0.765,0.09743749999999998
908,d25_t03_r00_s008,2.05,3,0,18,ising2d_t03_r00_seed25003,25003,up,360,8,train,-1.63,0.86,0.86,0.15631250000000002
909,d25_t03_r00_s009,2.05,3,0,18,ising2d_t03_r00_seed25003,25003,up,400,9,train,-1.79,0.92,0.92,0.08324999999999999
910,d25_t03_r00_s010,2.05,3,0,18,ising2d_t03_r00_seed25003,25003,up,440,10,train,-1.77,0.935,0.935,0.08631250000000001
911,d25_t03_r00_s011,2.05,3,0,18,ising2d_t03_r00_seed25003,25003,up,480,11,train,-1.65,0.88,0.88,0.0734375
912,d25_t03_r00_s012,2.05,3,0,18,ising2d_t03_r00_seed25003,25003,up,520,12,train,-1.86,0.96,0.96,0.08737500000000001
913,d25_t03_r00_s013,2.05,3,0,18,ising2d_t03_r00_seed25003,25003,up,560,13,train,-1.79,0.93,0.93,0.07075
914,d25_t03_r00_s014,2.05,3,0,18,ising2d_t03_r00_seed25003,25003,up,600,14,train,-1.79,0.935,0.935,0.08606249999999997
915,d25_t03_r00_s015,2.05,3,0,18,ising2d_t03_r00_seed25003,25003,up,640,15,train,-1.73,0.925,0.925,0.09499999999999999
916,d25_t03_r00_s016,2.05,3,0,18,ising2d_t03_r00_seed25003,25003,up,680,16,train,-1.73,0.9,0.9,0.0786875
917,d25_t03_r00_s017,2.05,3,0,18,ising2d_t03_r00_seed25003,25003,up,720,17,train,-1.62,0.88,0.88,0.103625
918,d25_t03_r00_s018,2.05,3,0,18,ising2d_t03_r00_seed25003,25003,up,760,18,train,-1.47,0.79,0.79,0.07937499999999999
919,d25_t03_r00_s019,2.05,3,0,18,ising2d_t03_r00_seed25003,25003,up,800,19,train,-1.74,0.925,0.925,0.08806250000000002
920,d25_t03_r00_s020,2.05,3,0,18,ising2d_t03_r00_seed25003,25003,up,840,20,train,-1.75,0.935,0.935,0.07949999999999999
921,d25_t03_r00_s021,2.05,3,0,18,ising2d_t03_r00_seed25003,25003,up,880,21,train,-1.7,0.89,0.89,0.08431250000000001
922,d25_t03_r00_s022,2.05,3,0,18,ising2d_t03_r00_seed25003,25003,up,920,22,train,-1.74,0.925,0.925,0.10281250000000001
923,d25_t03_r00_s023,2.05,3,0,18,ising2d_t03_r00_seed25003,25003,up,960,23,train,-1.38,0.535,0.535,0.119125
924,d25_t03_r00_s024,2.05,3,0,18,ising2d_t03_r00_seed25003,25003,up,1000,24,train,-1.3,0.06,0.06,0.1945625
925,d25_t03_r00_s025,2.05,3,0,18,ising2d_t03_r00_seed25003,25003,up,1040,25,train,-1.35,0.075,0.075,0.19981249999999998
926,d25_t03_r00_s026,2.05,3,0,18,ising2d_t03_r00_seed25003,25003,up,1080,26,train,-1.25,-0.1,0.1,0.20318749999999994
927,d25_t03_r00_s027,2.05,3,0,18,ising2d_t03_r00_seed25003,25003,up,1120,27,train,-1.48,0.27,0.27,0.20675
928,d25_t03_r00_s028,2.05,3,0,18,ising2d_t03_r00_seed25003,25003,up,1160,28,train,-1.49,0.25,0.25,0.19637499999999994
929,d25_t03_r00_s029,2.05,3,0,18,ising2d_t03_r00_seed25003,25003,up,1200,29,train,-1.44,0.3,0.3,0.19912500000000005
930,d25_t03_r00_s030,2.05,3,0,18,ising2d_t03_r00_seed25003,25003,up,1240,30,train,-1.29,0.09,0.09,0.2015
931,d25_t03_r00_s031,2.05,3,0,18,ising2d_t03_r00_seed25003,25003,up,1280,31,train,-1.37,-0.08,0.08,0.207375
932,d25_t03_r00_s032,2.05,3,0,18,ising2d_t03_r00_seed25003,25003,up,1320,32,train,-1.45,-0.435,0.435,0.1838125
933,d25_t03_r00_s033,2.05,3,0,18,ising2d_t03_r00_seed25003,25003,up,1360,33,train,-1.49,-0.775,0.775,0.15950000000000006
934,d25_t03_r00_s034,2.05,3,0,18,ising2d_t03_r00_seed25003,25003,up,1400,34,train,-1.65,-0.885,0.885,0.124
935,d25_t03_r00_s035,2.05,3,0,18,ising2d_t03_r00_seed25003,25003,up,1440,35,train,-1.54,-0.685,0.685,0.10425000000000002
936,d25_t03_r00_s036,2.05,3,0,18,ising2d_t03_r00_seed25003,25003,up,1480,36,train,-1.69,-0.89,0.89,0.11218749999999997
937,d25_t03_r00_s037,2.05,3,0,18,ising2d_t03_r00_seed25003,25003,up,1520,37,train,-1.73,-0.91,0.91,0.09600000000000002
938,d25_t03_r00_s038,2.05,3,0,18,ising2d_t03_r00_seed25003,25003,up,1560,38,train,-1.75,-0.91,0.91,0.08274999999999998
939,d25_t03_r00_s039,2.05,3,0,18,ising2d_t03_r00_seed25003,25003,up,1600,39,train,-1.73,-0.93,0.93,0.07912500000000001
940,d25_t03_r00_s040,2.05,3,0,18,ising2d_t03_r00_seed25003,25003,up,1640,40,train,-1.8,-0.94,0.94,0.11824999999999997
941,d25_t03_r00_s041,2.05,3,0,18,ising2d_t03_r00_seed25003,25003,up,1680,41,train,-1.68,-0.895,0.895,0.07793750000000002
942,d25_t03_r00_s042,2.05,3,0,18,ising2d_t03_r00_seed25003,25003,up,1720,42,train,-1.66,-0.885,0.885,0.08499999999999999
943,d25_t03_r00_s043,2.05,3,0,18,ising2d_t03_r00_seed25003,25003,up,1760,43,train,-1.64,-0.875,0.875,0.07462500000000002
944,d25_t03_r00_s044,2.05,3,0,18,ising2d_t03_r00_seed25003,25003,up,1800,44,train,-1.78,-0.935,0.935,0.07375
945,d25_t03_r00_s045,2.05,3,0,18,ising2d_t03_r00_seed25003,25003,up,1840,45,train,-1.84,-0.945,0.945,0.08824999999999998
946,d25_t03_r00_s046,2.05,3,0,18,ising2d_t03_r00_seed25003,25003,up,1880,46,train,-1.69,-0.905,0.905,0.08262499999999998
947,d25_t03_r00_s047,2.05,3,0,18,ising2d_t03_r00_seed25003,25003,up,1920,47,train,-1.79,-0.935,0.935,0.08999999999999998
948,d25_t03_r00_s048,2.05,3,0,18,ising2d_t03_r00_seed25003,25003,up,1960,48,train,-1.87,-0.965,0.965,0.08399999999999999
949,d25_t03_r00_s049,2.05,3,0,18,ising2d_t03_r00_seed25003,25003,up,2000,49,train,-1.74,-0.885,0.885,0.1045
950,d25_t03_r01_s000,2.05,3,1,19,ising2d_t03_r01_seed25021,25021,down,40,0,train,-1.8,-0.945,0.945,0.08875000000000004
951,d25_t03_r01_s001,2.05,3,1,19,ising2d_t03_r01_seed25021,25021,down,80,1,train,-1.72,-0.865,0.865,0.08700000000000001
952,d25_t03_r01_s002,2.05,3,1,19,ising2d_t03_r01_seed25021,25021,down,120,2,train,-1.64,-0.7,0.7,0.11356250000000004
953,d25_t03_r01_s003,2.05,3,1,19,ising2d_t03_r01_seed25021,25021,down,160,3,train,-1.54,-0.715,0.715,0.16043749999999998
954,d25_t03_r01_s004,2.05,3,1,19,ising2d_t03_r01_seed25021,25021,down,200,4,train,-1.73,-0.91,0.91,0.0976875
955,d25_t03_r01_s005,2.05,3,1,19,ising2d_t03_r01_seed25021,25021,down,240,5,train,-1.82,-0.935,0.935,0.0831875
956,d25_t03_r01_s006,2.05,3,1,19,ising2d_t03_r01_seed25021,25021,down,280,6,train,-1.78,-0.92,0.92,0.09706250000000001
957,d25_t03_r01_s007,2.05,3,1,19,ising2d_t03_r01_seed25021,25021,down,320,7,train,-1.72,-0.92,0.92,0.0835
958,d25_t03_r01_s008,2.05,3,1,19,ising2d_t03_r01_seed25021,25021,down,360,8,train,-1.77,-0.915,0.915,0.09018749999999999
959,d25_t03_r01_s009,2.05,3,1,19,ising2d_t03_r01_seed25021,25021,down,400,9,train,-1.73,-0.89,0.89,0.07081250000000001
960,d25_t03_r01_s010,2.05,3,1,19,ising2d_t03_r01_seed25021,25021,down,440,10,train,-1.69,-0.905,0.905,0.09031250000000003
961,d25_t03_r01_s011,2.05,3,1,19,ising2d_t03_r01_seed25021,25021,down,480,11,train,-1.82,-0.915,0.915,0.09762499999999998
962,d25_t03_r01_s012,2.05,3,1,19,ising2d_t03_r01_seed25021,25021,down,520,12,train,-1.51,-0.845,0.845,0.09512500000000002
963,d25_t03_r01_s013,2.05,3,1,19,ising2d_t03_r01_seed25021,25021,down,560,13,train,-1.55,-0.85,0.85,0.10006249999999998
964,d25_t03_r01_s014,2.05,3,1,19,ising2d_t03_r01_seed25021,25021,down,600,14,train,-1.82,-0.95,0.95,0.08249999999999999
965,d25_t03_r01_s015,2.05,3,1,19,ising2d_t03_r01_seed25021,25021,down,640,15,train,-1.63,-0.89,0.89,0.08175000000000002
966,d25_t03_r01_s016,2.05,3,1,19,ising2d_t03_r01_seed25021,25021,down,680,16,train,-1.71,-0.91,0.91,0.082625
967,d25_t03_r01_s017,2.05,3,1,19,ising2d_t03_r01_seed25021,25021,down,720,17,train,-1.86,-0.965,0.965,0.0715625
968,d25_t03_r01_s018,2.05,3,1,19,ising2d_t03_r01_seed25021,25021,down,760,18,train,-1.82,-0.93,0.93,0.08081249999999998
969,d25_t03_r01_s019,2.05,3,1,19,ising2d_t03_r01_seed25021,25021,down,800,19,train,-1.77,-0.93,0.93,0.099375
970,d25_t03_r01_s020,2.05,3,1,19,ising2d_t03_r01_seed25021,25021,down,840,20,train,-1.66,-0.9,0.9,0.09050000000000001
971,d25_t03_r01_s021,2.05,3,1,19,ising2d_t03_r01_seed25021,25021,down,880,21,train,-1.63,-0.8,0.8,0.10675000000000001
972,d25_t03_r01_s022,2.05,3,1,19,ising2d_t03_r01_seed25021,25021,down,920,22,train,-1.67,-0.89,0.89,0.13237499999999996
973,d25_t03_r01_s023,2.05,3,1,19,ising2d_t03_r01_seed25021,25021,down,960,23,train,-1.81,-0.925,0.925,0.07931250000000002
974,d25_t03_r01_s024,2.05,3,1,19,ising2d_t03_r01_seed25021,25021,down,1000,24,train,-1.69,-0.9,0.9,0.08793749999999999
975,d25_t03_r01_s025,2.05,3,1,19,ising2d_t03_r01_seed25021,25021,down,1040,25,train,-1.73,-0.91,0.91,0.08462499999999999
976,d25_t03_r01_s026,2.05,3,1,19,ising2d_t03_r01_seed25021,25021,down,1080,26,train,-1.61,-0.855,0.855,0.10518750000000002
977,d25_t03_r01_s027,2.05,3,1,19,ising2d_t03_r01_seed25021,25021,down,1120,27,train,-1.78,-0.925,0.925,0.08474999999999998
978,d25_t03_r01_s028,2.05,3,1,19,ising2d_t03_r01_seed25021,25021,down,1160,28,train,-1.48,-0.775,0.775,0.10874999999999999
979,d25_t03_r01_s029,2.05,3,1,19,ising2d_t03_r01_seed25021,25021,down,1200,29,train,-1.51,-0.85,0.85,0.0943125
980,d25_t03_r01_s030,2.05,3,1,19,ising2d_t03_r01_seed25021,25021,down,1240,30,train,-1.69,-0.865,0.865,0.09681249999999997
981,d25_t03_r01_s031,2.05,3,1,19,ising2d_t03_r01_seed25021,25021,down,1280,31,train,-1.69,-0.9,0.9,0.09456250000000002
982,d25_t03_r01_s032,2.05,3,1,19,ising2d_t03_r01_seed25021,25021,down,1320,32,train,-1.72,-0.905,0.905,0.0999375
983,d25_t03_r01_s033,2.05,3,1,19,ising2d_t03_r01_seed25021,25021,down,1360,33,train,-1.75,-0.9,0.9,0.09268749999999999
984,d25_t03_r01_s034,2.05,3,1,19,ising2d_t03_r01_seed25021,25021,down,1400,34,train,-1.38,-0.665,0.665,0.1260625
985,d25_t03_r01_s035,2.05,3,1,19,ising2d_t03_r01_seed25021,25021,down,1440,35,train,-1.91,-0.965,0.965,0.105375
986,d25_t03_r01_s036,2.05,3,1,19,ising2d_t03_r01_seed25021,25021,down,1480,36,train,-1.77,-0.93,0.93,0.0739375
987,d25_t03_r01_s037,2.05,3,1,19,ising2d_t03_r01_seed25021,25021,down,1520,37,train,-1.59,-0.865,0.865,0.0820625
988,d25_t03_r01_s038,2.05,3,1,19,ising2d_t03_r01_seed25021,25021,down,1560,38,train,-1.77,-0.94,0.94,0.09118749999999999
989,d25_t03_r01_s039,2.05,3,1,19,ising2d_t03_r01_seed25021,25021,down,1600,39,train,-1.84,-0.935,0.935,0.07368749999999999
990,d25_t03_r01_s040,2.05,3,1,19,ising2d_t03_r01_seed25021,25021,down,1640,40,train,-1.74,-0.915,0.915,0.08775000000000001
991,d25_t03_r01_s041,2.05,3,1,19,ising2d_t03_r01_seed25021,25021,down,1680,41,train,-1.76,-0.925,0.925,0.0875
992,d25_t03_r01_s042,2.05,3,1,19,ising2d_t03_r01_seed25021,25021,down,1720,42,train,-1.83,-0.955,0.955,0.10037499999999999
993,d25_t03_r01_s043,2.05,3,1,19,ising2d_t03_r01_seed25021,25021,down,1760,43,train,-1.72,-0.885,0.885,0.08275000000000002
994,d25_t03_r01_s044,2.05,3,1,19,ising2d_t03_r01_seed25021,25021,down,1800,44,train,-1.83,-0.95,0.95,0.08181250000000001
995,d25_t03_r01_s045,2.05,3,1,19,ising2d_t03_r01_seed25021,25021,down,1840,45,train,-1.74,-0.925,0.925,0.07868750000000002
996,d25_t03_r01_s046,2.05,3,1,19,ising2d_t03_r01_seed25021,25021,down,1880,46,train,-1.69,-0.905,0.905,0.083625
997,d25_t03_r01_s047,2.05,3,1,19,ising2d_t03_r01_seed25021,25021,down,1920,47,train,-1.62,-0.855,0.855,0.07712499999999999
998,d25_t03_r01_s048,2.05,3,1,19,ising2d_t03_r01_seed25021,25021,down,1960,48,train,-1.69,-0.885,0.885,0.09262499999999997
999,d25_t03_r01_s049,2.05,3,1,19,ising2d_t03_r01_seed25021,25021,down,2000,49,train,-1.74,-0.93,0.93,0.09181249999999999
1000,d25_t03_r02_s000,2.05,3,2,20,ising2d_t03_r02_seed25039,25039,up,40,0,validation,-1.69,0.855,0.855,0.09175000000000001
1001,d25_t03_r02_s001,2.05,3,2,20,ising2d_t03_r02_seed25039,25039,up,80,1,validation,-1.71,0.905,0.905,0.08687500000000001
1002,d25_t03_r02_s002,2.05,3,2,20,ising2d_t03_r02_seed25039,25039,up,120,2,validation,-1.69,0.88,0.88,0.10093749999999999
1003,d25_t03_r02_s003,2.05,3,2,20,ising2d_t03_r02_seed25039,25039,up,160,3,validation,-1.63,0.885,0.885,0.09268750000000002
1004,d25_t03_r02_s004,2.05,3,2,20,ising2d_t03_r02_seed25039,25039,up,200,4,validation,-1.6,0.845,0.845,0.09100000000000001
1005,d25_t03_r02_s005,2.05,3,2,20,ising2d_t03_r02_seed25039,25039,up,240,5,validation,-1.85,0.955,0.955,0.079625
1006,d25_t03_r02_s006,2.05,3,2,20,ising2d_t03_r02_seed25039,25039,up,280,6,validation,-1.57,0.87,0.87,0.08618749999999999
1007,d25_t03_r02_s007,2.05,3,2,20,ising2d_t03_r02_seed25039,25039,up,320,7,validation,-1.86,0.96,0.96,0.08299999999999999
1008,d25_t03_r02_s008,2.05,3,2,20,ising2d_t03_r02_seed25039,25039,up,360,8,validation,-1.82,0.955,0.955,0.07043749999999999
1009,d25_t03_r02_s009,2.05,3,2,20,ising2d_t03_r02_seed25039,25039,up,400,9,validation,-1.82,0.95,0.95,0.0804375
1010,d25_t03_r02_s010,2.05,3,2,20,ising2d_t03_r02_seed25039,25039,up,440,10,validation,-1.62,0.875,0.875,0.08981249999999999
1011,d25_t03_r02_s011,2.05,3,2,20,ising2d_t03_r02_seed25039,25039,up,480,11,validation,-1.52,0.82,0.82,0.12156250000000005
1012,d25_t03_r02_s012,2.05,3,2,20,ising2d_t03_r02_seed25039,25039,up,520,12,validation,-1.8,0.935,0.935,0.09418749999999998
1013,d25_t03_r02_s013,2.05,3,2,20,ising2d_t03_r02_seed25039,25039,up,560,13,validation,-1.81,0.95,0.95,0.0815625
1014,d25_t03_r02_s014,2.05,3,2,20,ising2d_t03_r02_seed25039,25039,up,600,14,validation,-1.6,0.85,0.85,0.08662499999999998
1015,d25_t03_r02_s015,2.05,3,2,20,ising2d_t03_r02_seed25039,25039,up,640,15,validation,-1.62,0.885,0.885,0.09543750000000001
1016,d25_t03_r02_s016,2.05,3,2,20,ising2d_t03_r02_seed25039,25039,up,680,16,validation,-1.53,0.815,0.815,0.10374999999999998
1017,d25_t03_r02_s017,2.05,3,2,20,ising2d_t03_r02_seed25039,25039,up,720,17,validation,-1.49,0.765,0.765,0.11037499999999996
1018,d25_t03_r02_s018,2.05,3,2,20,ising2d_t03_r02_seed25039,25039,up,760,18,validation,-1.81,0.94,0.94,0.09718749999999998
1019,d25_t03_r02_s019,2.05,3,2,20,ising2d_t03_r02_seed25039,25039,up,800,19,validation,-1.68,0.895,0.895,0.08293749999999998
1020,d25_t03_r02_s020,2.05,3,2,20,ising2d_t03_r02_seed25039,25039,up,840,20,validation,-1.81,0.945,0.945,0.07312500000000001
1021,d25_t03_r02_s021,2.05,3,2,20,ising2d_t03_r02_seed25039,25039,up,880,21,validation,-1.78,0.925,0.925,0.12137500000000004
1022,d25_t03_r02_s022,2.05,3,2,20,ising2d_t03_r02_seed25039,25039,up,920,22,validation,-1.55,0.855,0.855,0.10012499999999998
1023,d25_t03_r02_s023,2.05,3,2,20,ising2d_t03_r02_seed25039,25039,up,960,23,validation,-1.62,0.83,0.83,0.0788125
1024,d25_t03_r02_s024,2.05,3,2,20,ising2d_t03_r02_seed25039,25039,up,1000,24,validation,-1.74,0.915,0.915,0.07956250000000002
1025,d25_t03_r02_s025,2.05,3,2,20,ising2d_t03_r02_seed25039,25039,up,1040,25,validation,-1.7,0.875,0.875,0.07550000000000001
1026,d25_t03_r02_s026,2.05,3,2,20,ising2d_t03_r02_seed25039,25039,up,1080,26,validation,-1.69,0.89,0.89,0.08843749999999999
1027,d25_t03_r02_s027,2.05,3,2,20,ising2d_t03_r02_seed25039,25039,up,1120,27,validation,-1.59,0.85,0.85,0.081875
1028,d25_t03_r02_s028,2.05,3,2,20,ising2d_t03_r02_seed25039,25039,up,1160,28,validation,-1.85,0.955,0.955,0.09568750000000001
1029,d25_t03_r02_s029,2.05,3,2,20,ising2d_t03_r02_seed25039,25039,up,1200,29,validation,-1.78,0.925,0.925,0.09112499999999998
1030,d25_t03_r02_s030,2.05,3,2,20,ising2d_t03_r02_seed25039,25039,up,1240,30,validation,-1.82,0.945,0.945,0.076375
1031,d25_t03_r02_s031,2.05,3,2,20,ising2d_t03_r02_seed25039,25039,up,1280,31,validation,-1.81,0.915,0.915,0.08812500000000001
1032,d25_t03_r02_s032,2.05,3,2,20,ising2d_t03_r02_seed25039,25039,up,1320,32,validation,-1.65,0.87,0.87,0.07843750000000002
1033,d25_t03_r02_s033,2.05,3,2,20,ising2d_t03_r02_seed25039,25039,up,1360,33,validation,-1.69,0.865,0.865,0.09518750000000001
1034,d25_t03_r02_s034,2.05,3,2,20,ising2d_t03_r02_seed25039,25039,up,1400,34,validation,-1.87,0.965,0.965,0.09975
1035,d25_t03_r02_s035,2.05,3,2,20,ising2d_t03_r02_seed25039,25039,up,1440,35,validation,-1.51,0.64,0.64,0.1073125
1036,d25_t03_r02_s036,2.05,3,2,20,ising2d_t03_r02_seed25039,25039,up,1480,36,validation,-1.72,0.905,0.905,0.11281250000000001
1037,d25_t03_r02_s037,2.05,3,2,20,ising2d_t03_r02_seed25039,25039,up,1520,37,validation,-1.66,0.895,0.895,0.10049999999999999
1038,d25_t03_r02_s038,2.05,3,2,20,ising2d_t03_r02_seed25039,25039,up,1560,38,validation,-1.72,0.91,0.91,0.0966875
1039,d25_t03_r02_s039,2.05,3,2,20,ising2d_t03_r02_seed25039,25039,up,1600,39,validation,-1.64,0.825,0.825,0.09206250000000002
1040,d25_t03_r02_s040,2.05,3,2,20,ising2d_t03_r02_seed25039,25039,up,1640,40,validation,-1.7,0.89,0.89,0.0895625
1041,d25_t03_r02_s041,2.05,3,2,20,ising2d_t03_r02_seed25039,25039,up,1680,41,validation,-1.75,0.935,0.935,0.06843750000000001
1042,d25_t03_r02_s042,2.05,3,2,20,ising2d_t03_r02_seed25039,25039,up,1720,42,validation,-1.77,0.905,0.905,0.10225000000000004
1043,d25_t03_r02_s043,2.05,3,2,20,ising2d_t03_r02_seed25039,25039,up,1760,43,validation,-1.7,0.9,0.9,0.07318750000000002
1044,d25_t03_r02_s044,2.05,3,2,20,ising2d_t03_r02_seed25039,25039,up,1800,44,validation,-1.8,0.93,0.93,0.07837500000000001
1045,d25_t03_r02_s045,2.05,3,2,20,ising2d_t03_r02_seed25039,25039,up,1840,45,validation,-1.67,0.895,0.895,0.08781249999999999
1046,d25_t03_r02_s046,2.05,3,2,20,ising2d_t03_r02_seed25039,25039,up,1880,46,validation,-1.73,0.915,0.915,0.09937500000000002
1047,d25_t03_r02_s047,2.05,3,2,20,ising2d_t03_r02_seed25039,25039,up,1920,47,validation,-1.45,0.755,0.755,0.09375000000000003
1048,d25_t03_r02_s048,2.05,3,2,20,ising2d_t03_r02_seed25039,25039,up,1960,48,validation,-1.71,0.91,0.91,0.09893750000000001
1049,d25_t03_r02_s049,2.05,3,2,20,ising2d_t03_r02_seed25039,25039,up,2000,49,validation,-1.52,0.695,0.695,0.09143749999999999
1050,d25_t03_r03_s000,2.05,3,3,21,ising2d_t03_r03_seed25057,25057,down,40,0,validation,-1.72,-0.91,0.91,0.1015625
1051,d25_t03_r03_s001,2.05,3,3,21,ising2d_t03_r03_seed25057,25057,down,80,1,validation,-1.76,-0.925,0.925,0.08318750000000001
1052,d25_t03_r03_s002,2.05,3,3,21,ising2d_t03_r03_seed25057,25057,down,120,2,validation,-1.83,-0.955,0.955,0.07725000000000003
1053,d25_t03_r03_s003,2.05,3,3,21,ising2d_t03_r03_seed25057,25057,down,160,3,validation,-1.67,-0.87,0.87,0.1038125
1054,d25_t03_r03_s004,2.05,3,3,21,ising2d_t03_r03_seed25057,25057,down,200,4,validation,-1.68,-0.895,0.895,0.0848125
1055,d25_t03_r03_s005,2.05,3,3,21,ising2d_t03_r03_seed25057,25057,down,240,5,validation,-1.86,-0.955,0.955,0.08862499999999998
1056,d25_t03_r03_s006,2.05,3,3,21,ising2d_t03_r03_seed25057,25057,down,280,6,validation,-1.79,-0.91,0.91,0.07593750000000002
1057,d25_t03_r03_s007,2.05,3,3,21,ising2d_t03_r03_seed25057,25057,down,320,7,validation,-1.55,-0.73,0.73,0.11950000000000001
1058,d25_t03_r03_s008,2.05,3,3,21,ising2d_t03_r03_seed25057,25057,down,360,8,validation,-1.71,-0.905,0.905,0.11243750000000001
1059,d25_t03_r03_s009,2.05,3,3,21,ising2d_t03_r03_seed25057,25057,down,400,9,validation,-1.63,-0.84,0.84,0.0843125
1060,d25_t03_r03_s010,2.05,3,3,21,ising2d_t03_r03_seed25057,25057,down,440,10,validation,-1.62,-0.875,0.875,0.08343749999999997
1061,d25_t03_r03_s011,2.05,3,3,21,ising2d_t03_r03_seed25057,25057,down,480,11,validation,-1.65,-0.875,0.875,0.10137499999999999
1062,d25_t03_r03_s012,2.05,3,3,21,ising2d_t03_r03_seed25057,25057,down,520,12,validation,-1.8,-0.935,0.935,0.07375000000000001
1063,d25_t03_r03_s013,2.05,3,3,21,ising2d_t03_r03_seed25057,25057,down,560,13,validation,-1.78,-0.935,0.935,0.07974999999999997
1064,d25_t03_r03_s014,2.05,3,3,21,ising2d_t03_r03_seed25057,25057,down,600,14,validation,-1.65,-0.885,0.885,0.08112499999999999
1065,d25_t03_r03_s015,2.05,3,3,21,ising2d_t03_r03_seed25057,25057,down,640,15,validation,-1.59,-0.87,0.87,0.0780625
1066,d25_t03_r03_s016,2.05,3,3,21,ising2d_t03_r03_seed25057,25057,down,680,16,validation,-1.85,-0.955,0.955,0.07881250000000001
1067,d25_t03_r03_s017,2.05,3,3,21,ising2d_t03_r03_seed25057,25057,down,720,17,validation,-1.73,-0.92,0.92,0.09381250000000001
1068,d25_t03_r03_s018,2.05,3,3,21,ising2d_t03_r03_seed25057,25057,down,760,18,validation,-1.74,-0.915,0.915,0.09143750000000003
1069,d25_t03_r03_s019,2.05,3,3,21,ising2d_t03_r03_seed25057,25057,down,800,19,validation,-1.54,-0.815,0.815,0.12350000000000001
1070,d25_t03_r03_s020,2.05,3,3,21,ising2d_t03_r03_seed25057,25057,down,840,20,validation,-1.82,-0.945,0.945,0.079125
1071,d25_t03_r03_s021,2.05,3,3,21,ising2d_t03_r03_seed25057,25057,down,880,21,validation,-1.76,-0.915,0.915,0.08575000000000002
1072,d25_t03_r03_s022,2.05,3,3,21,ising2d_t03_r03_seed25057,25057,down,920,22,validation,-1.56,-0.8,0.8,0.08418750000000001
1073,d25_t03_r03_s023,2.05,3,3,21,ising2d_t03_r03_seed25057,25057,down,960,23,validation,-1.75,-0.89,0.89,0.09037499999999998
1074,d25_t03_r03_s024,2.05,3,3,21,ising2d_t03_r03_seed25057,25057,down,1000,24,validation,-1.69,-0.895,0.895,0.07618749999999999
1075,d25_t03_r03_s025,2.05,3,3,21,ising2d_t03_r03_seed25057,25057,down,1040,25,validation,-1.66,-0.78,0.78,0.10218750000000001
1076,d25_t03_r03_s026,2.05,3,3,21,ising2d_t03_r03_seed25057,25057,down,1080,26,validation,-1.8,-0.95,0.95,0.10600000000000001
1077,d25_t03_r03_s027,2.05,3,3,21,ising2d_t03_r03_seed25057,25057,down,1120,27,validation,-1.65,-0.875,0.875,0.0774375
1078,d25_t03_r03_s028,2.05,3,3,21,ising2d_t03_r03_seed25057,25057,down,1160,28,validation,-1.84,-0.955,0.955,0.11187499999999999
1079,d25_t03_r03_s029,2.05,3,3,21,ising2d_t03_r03_seed25057,25057,down,1200,29,validation,-1.62,-0.77,0.77,0.12418750000000003
1080,d25_t03_r03_s030,2.05,3,3,21,ising2d_t03_r03_seed25057,25057,down,1240,30,validation,-1.75,-0.925,0.925,0.09831249999999997
1081,d25_t03_r03_s031,2.05,3,3,21,ising2d_t03_r03_seed25057,25057,down,1280,31,validation,-1.7,-0.9,0.9,0.0899375
1082,d25_t03_r03_s032,2.05,3,3,21,ising2d_t03_r03_seed25057,25057,down,1320,32,validation,-1.69,-0.9,0.9,0.07825000000000001
1083,d25_t03_r03_s033,2.05,3,3,21,ising2d_t03_r03_seed25057,25057,down,1360,33,validation,-1.66,-0.89,0.89,0.092125
1084,d25_t03_r03_s034,2.05,3,3,21,ising2d_t03_r03_seed25057,25057,down,1400,34,validation,-1.71,-0.925,0.925,0.08656249999999999
1085,d25_t03_r03_s035,2.05,3,3,21,ising2d_t03_r03_seed25057,25057,down,1440,35,validation,-1.65,-0.88,0.88,0.09593750000000001
1086,d25_t03_r03_s036,2.05,3,3,21,ising2d_t03_r03_seed25057,25057,down,1480,36,validation,-1.54,-0.805,0.805,0.11043750000000004
1087,d25_t03_r03_s037,2.05,3,3,21,ising2d_t03_r03_seed25057,25057,down,1520,37,validation,-1.76,-0.925,0.925,0.095625
1088,d25_t03_r03_s038,2.05,3,3,21,ising2d_t03_r03_seed25057,25057,down,1560,38,validation,-1.75,-0.915,0.915,0.08225
1089,d25_t03_r03_s039,2.05,3,3,21,ising2d_t03_r03_seed25057,25057,down,1600,39,validation,-1.45,-0.69,0.69,0.10493749999999998
1090,d25_t03_r03_s040,2.05,3,3,21,ising2d_t03_r03_seed25057,25057,down,1640,40,validation,-1.86,-0.96,0.96,0.09025
1091,d25_t03_r03_s041,2.05,3,3,21,ising2d_t03_r03_seed25057,25057,down,1680,41,validation,-1.74,-0.915,0.915,0.08131249999999998
1092,d25_t03_r03_s042,2.05,3,3,21,ising2d_t03_r03_seed25057,25057,down,1720,42,validation,-1.63,-0.83,0.83,0.0831875
1093,d25_t03_r03_s043,2.05,3,3,21,ising2d_t03_r03_seed25057,25057,down,1760,43,validation,-1.64,-0.84,0.84,0.08975
1094,d25_t03_r03_s044,2.05,3,3,21,ising2d_t03_r03_seed25057,25057,down,1800,44,validation,-1.77,-0.925,0.925,0.08681249999999999
1095,d25_t03_r03_s045,2.05,3,3,21,ising2d_t03_r03_seed25057,25057,down,1840,45,validation,-1.68,-0.875,0.875,0.085
1096,d25_t03_r03_s046,2.05,3,3,21,ising2d_t03_r03_seed25057,25057,down,1880,46,validation,-1.82,-0.92,0.92,0.10818749999999999
1097,d25_t03_r03_s047,2.05,3,3,21,ising2d_t03_r03_seed25057,25057,down,1920,47,validation,-1.77,-0.92,0.92,0.07325000000000001
1098,d25_t03_r03_s048,2.05,3,3,21,ising2d_t03_r03_seed25057,25057,down,1960,48,validation,-1.57,-0.86,0.86,0.08587499999999999
1099,d25_t03_r03_s049,2.05,3,3,21,ising2d_t03_r03_seed25057,25057,down,2000,49,validation,-1.63,-0.895,0.895,0.09356249999999999
1100,d25_t03_r04_s000,2.05,3,4,22,ising2d_t03_r04_seed25075,25075,up,40,0,test,-1.57,0.815,0.815,0.08443750000000003
1101,d25_t03_r04_s001,2.05,3,4,22,ising2d_t03_r04_seed25075,25075,up,80,1,test,-1.46,0.72,0.72,0.09781249999999997
1102,d25_t03_r04_s002,2.05,3,4,22,ising2d_t03_r04_seed25075,25075,up,120,2,test,-1.82,0.94,0.94,0.0855
1103,d25_t03_r04_s003,2.05,3,4,22,ising2d_t03_r04_seed25075,25075,up,160,3,test,-1.87,0.96,0.96,0.08850000000000002
1104,d25_t03_r04_s004,2.05,3,4,22,ising2d_t03_r04_seed25075,25075,up,200,4,test,-1.65,0.88,0.88,0.10575000000000001
1105,d25_t03_r04_s005,2.05,3,4,22,ising2d_t03_r04_seed25075,25075,up,240,5,test,-1.7,0.91,0.91,0.12712500000000002
1106,d25_t03_r04_s006,2.05,3,4,22,ising2d_t03_r04_seed25075,25075,up,280,6,test,-1.46,0.71,0.71,0.1035
1107,d25_t03_r04_s007,2.05,3,4,22,ising2d_t03_r04_seed25075,25075,up,320,7,test,-1.7,0.895,0.895,0.11381250000000001
1108,d25_t03_r04_s008,2.05,3,4,22,ising2d_t03_r04_seed25075,25075,up,360,8,test,-1.53,0.84,0.84,0.10318750000000002
1109,d25_t03_r04_s009,2.05,3,4,22,ising2d_t03_r04_seed25075,25075,up,400,9,test,-1.84,0.945,0.945,0.09381250000000001
1110,d25_t03_r04_s010,2.05,3,4,22,ising2d_t03_r04_seed25075,25075,up,440,10,test,-1.51,0.595,0.595,0.12424999999999997
1111,d25_t03_r04_s011,2.05,3,4,22,ising2d_t03_r04_seed25075,25075,up,480,11,test,-1.76,0.92,0.92,0.1004375
1112,d25_t03_r04_s012,2.05,3,4,22,ising2d_t03_r04_seed25075,25075,up,520,12,test,-1.58,0.83,0.83,0.08862499999999998
1113,d25_t03_r04_s013,2.05,3,4,22,ising2d_t03_r04_seed25075,25075,up,560,13,test,-1.66,0.885,0.885,0.09093749999999998
1114,d25_t03_r04_s014,2.05,3,4,22,ising2d_t03_r04_seed25075,25075,up,600,14,test,-1.68,0.905,0.905,0.07662499999999998
1115,d25_t03_r04_s015,2.05,3,4,22,ising2d_t03_r04_seed25075,25075,up,640,15,test,-1.86,0.96,0.96,0.08393749999999997
1116,d25_t03_r04_s016,2.05,3,4,22,ising2d_t03_r04_seed25075,25075,up,680,16,test,-1.64,0.875,0.875,0.07931250000000001
1117,d25_t03_r04_s017,2.05,3,4,22,ising2d_t03_r04_seed25075,25075,up,720,17,test,-1.72,0.925,0.925,0.093
1118,d25_t03_r04_s018,2.05,3,4,22,ising2d_t03_r04_seed25075,25075,up,760,18,test,-1.77,0.915,0.915,0.09900000000000002
1119,d25_t03_r04_s019,2.05,3,4,22,ising2d_t03_r04_seed25075,25075,up,800,19,test,-1.81,0.94,0.94,0.08068750000000002
1120,d25_t03_r04_s020,2.05,3,4,22,ising2d_t03_r04_seed25075,25075,up,840,20,test,-1.76,0.925,0.925,0.0855625
1121,d25_t03_r04_s021,2.05,3,4,22,ising2d_t03_r04_seed25075,25075,up,880,21,test,-1.67,0.87,0.87,0.09756249999999998
1122,d25_t03_r04_s022,2.05,3,4,22,ising2d_t03_r04_seed25075,25075,up,920,22,test,-1.57,0.835,0.835,0.09943749999999998
1123,d25_t03_r04_s023,2.05,3,4,22,ising2d_t03_r04_seed25075,25075,up,960,23,test,-1.82,0.95,0.95,0.09693750000000001
1124,d25_t03_r04_s024,2.05,3,4,22,ising2d_t03_r04_seed25075,25075,up,1000,24,test,-1.67,0.885,0.885,0.10068750000000001
1125,d25_t03_r04_s025,2.05,3,4,22,ising2d_t03_r04_seed25075,25075,up,1040,25,test,-1.69,0.895,0.895,0.12162500000000005
1126,d25_t03_r04_s026,2.05,3,4,22,ising2d_t03_r04_seed25075,25075,up,1080,26,test,-1.64,0.895,0.895,0.08599999999999997
1127,d25_t03_r04_s027,2.05,3,4,22,ising2d_t03_r04_seed25075,25075,up,1120,27,test,-1.71,0.91,0.91,0.0736875
1128,d25_t03_r04_s028,2.05,3,4,22,ising2d_t03_r04_seed25075,25075,up,1160,28,test,-1.81,0.915,0.915,0.0630625
1129,d25_t03_r04_s029,2.05,3,4,22,ising2d_t03_r04_seed25075,25075,up,1200,29,test,-1.86,0.96,0.96,0.08943749999999998
1130,d25_t03_r04_s030,2.05,3,4,22,ising2d_t03_r04_seed25075,25075,up,1240,30,test,-1.75,0.92,0.92,0.10512500000000002
1131,d25_t03_r04_s031,2.05,3,4,22,ising2d_t03_r04_seed25075,25075,up,1280,31,test,-1.64,0.875,0.875,0.07743750000000002
1132,d25_t03_r04_s032,2.05,3,4,22,ising2d_t03_r04_seed25075,25075,up,1320,32,test,-1.75,0.93,0.93,0.0823125
1133,d25_t03_r04_s033,2.05,3,4,22,ising2d_t03_r04_seed25075,25075,up,1360,33,test,-1.52,0.81,0.81,0.073375
1134,d25_t03_r04_s034,2.05,3,4,22,ising2d_t03_r04_seed25075,25075,up,1400,34,test,-1.65,0.9,0.9,0.10124999999999999
1135,d25_t03_r04_s035,2.05,3,4,22,ising2d_t03_r04_seed25075,25075,up,1440,35,test,-1.77,0.93,0.93,0.08412499999999999
1136,d25_t03_r04_s036,2.05,3,4,22,ising2d_t03_r04_seed25075,25075,up,1480,36,test,-1.74,0.915,0.915,0.06906250000000003
1137,d25_t03_r04_s037,2.05,3,4,22,ising2d_t03_r04_seed25075,25075,up,1520,37,test,-1.65,0.875,0.875,0.09350000000000001
1138,d25_t03_r04_s038,2.05,3,4,22,ising2d_t03_r04_seed25075,25075,up,1560,38,test,-1.76,0.92,0.92,0.10556250000000003
1139,d25_t03_r04_s039,2.05,3,4,22,ising2d_t03_r04_seed25075,25075,up,1600,39,test,-1.76,0.905,0.905,0.08518750000000001
1140,d25_t03_r04_s040,2.05,3,4,22,ising2d_t03_r04_seed25075,25075,up,1640,40,test,-1.75,0.89,0.89,0.0853125
1141,d25_t03_r04_s041,2.05,3,4,22,ising2d_t03_r04_seed25075,25075,up,1680,41,test,-1.72,0.915,0.915,0.07556250000000002
1142,d25_t03_r04_s042,2.05,3,4,22,ising2d_t03_r04_seed25075,25075,up,1720,42,test,-1.69,0.88,0.88,0.1033125
1143,d25_t03_r04_s043,2.05,3,4,22,ising2d_t03_r04_seed25075,25075,up,1760,43,test,-1.78,0.935,0.935,0.0928125
1144,d25_t03_r04_s044,2.05,3,4,22,ising2d_t03_r04_seed25075,25075,up,1800,44,test,-1.69,0.87,0.87,0.0901875
1145,d25_t03_r04_s045,2.05,3,4,22,ising2d_t03_r04_seed25075,25075,up,1840,45,test,-1.59,0.87,0.87,0.08012499999999999
1146,d25_t03_r04_s046,2.05,3,4,22,ising2d_t03_r04_seed25075,25075,up,1880,46,test,-1.67,0.9,0.9,0.084375
1147,d25_t03_r04_s047,2.05,3,4,22,ising2d_t03_r04_seed25075,25075,up,1920,47,test,-1.7,0.885,0.885,0.0906875
1148,d25_t03_r04_s048,2.05,3,4,22,ising2d_t03_r04_seed25075,25075,up,1960,48,test,-1.6,0.87,0.87,0.0808125
1149,d25_t03_r04_s049,2.05,3,4,22,ising2d_t03_r04_seed25075,25075,up,2000,49,test,-1.73,0.91,0.91,0.0885
1150,d25_t03_r05_s000,2.05,3,5,23,ising2d_t03_r05_seed25093,25093,down,40,0,test,-1.76,-0.93,0.93,0.0901875
1151,d25_t03_r05_s001,2.05,3,5,23,ising2d_t03_r05_seed25093,25093,down,80,1,test,-1.76,-0.91,0.91,0.08825000000000002
1152,d25_t03_r05_s002,2.05,3,5,23,ising2d_t03_r05_seed25093,25093,down,120,2,test,-1.66,-0.895,0.895,0.09393750000000001
1153,d25_t03_r05_s003,2.05,3,5,23,ising2d_t03_r05_seed25093,25093,down,160,3,test,-1.66,-0.875,0.875,0.106625
1154,d25_t03_r05_s004,2.05,3,5,23,ising2d_t03_r05_seed25093,25093,down,200,4,test,-1.5,-0.765,0.765,0.10187500000000001
1155,d25_t03_r05_s005,2.05,3,5,23,ising2d_t03_r05_seed25093,25093,down,240,5,test,-1.72,-0.91,0.91,0.12818750000000004
1156,d25_t03_r05_s006,2.05,3,5,23,ising2d_t03_r05_seed25093,25093,down,280,6,test,-1.56,-0.755,0.755,0.12506250000000002
1157,d25_t03_r05_s007,2.05,3,5,23,ising2d_t03_r05_seed25093,25093,down,320,7,test,-1.62,-0.89,0.89,0.10243750000000003
1158,d25_t03_r05_s008,2.05,3,5,23,ising2d_t03_r05_seed25093,25093,down,360,8,test,-1.47,-0.78,0.78,0.12425000000000001
1159,d25_t03_r05_s009,2.05,3,5,23,ising2d_t03_r05_seed25093,25093,down,400,9,test,-1.68,-0.84,0.84,0.11600000000000002
1160,d25_t03_r05_s010,2.05,3,5,23,ising2d_t03_r05_seed25093,25093,down,440,10,test,-1.73,-0.91,0.91,0.10525000000000002
1161,d25_t03_r05_s011,2.05,3,5,23,ising2d_t03_r05_seed25093,25093,down,480,11,test,-1.86,-0.955,0.955,0.0760625
1162,d25_t03_r05_s012,2.05,3,5,23,ising2d_t03_r05_seed25093,25093,down,520,12,test,-1.65,-0.85,0.85,0.0910625
1163,d25_t03_r05_s013,2.05,3,5,23,ising2d_t03_r05_seed25093,25093,down,560,13,test,-1.65,-0.885,0.885,0.0760625
1164,d25_t03_r05_s014,2.05,3,5,23,ising2d_t03_r05_seed25093,25093,down,600,14,test,-1.62,-0.825,0.825,0.09737499999999999
1165,d25_t03_r05_s015,2.05,3,5,23,ising2d_t03_r05_seed25093,25093,down,640,15,test,-1.64,-0.89,0.89,0.1074375
1166,d25_t03_r05_s016,2.05,3,5,23,ising2d_t03_r05_seed25093,25093,down,680,16,test,-1.68,-0.9,0.9,0.10524999999999998
1167,d25_t03_r05_s017,2.05,3,5,23,ising2d_t03_r05_seed25093,25093,down,720,17,test,-1.83,-0.95,0.95,0.081875
1168,d25_t03_r05_s018,2.05,3,5,23,ising2d_t03_r05_seed25093,25093,down,760,18,test,-1.69,-0.905,0.905,0.07993749999999998
1169,d25_t03_r05_s019,2.05,3,5,23,ising2d_t03_r05_seed25093,25093,down,800,19,test,-1.83,-0.955,0.955,0.09362499999999999
1170,d25_t03_r05_s020,2.05,3,5,23,ising2d_t03_r05_seed25093,25093,down,840,20,test,-1.75,-0.905,0.905,0.07237499999999998
1171,d25_t03_r05_s021,2.05,3,5,23,ising2d_t03_r05_seed25093,25093,down,880,21,test,-1.7,-0.915,0.915,0.06475
1172,d25_t03_r05_s022,2.05,3,5,23,ising2d_t03_r05_seed25093,25093,down,920,22,test,-1.73,-0.89,0.89,0.08781249999999999
1173,d25_t03_r05_s023,2.05,3,5,23,ising2d_t03_r05_seed25093,25093,down,960,23,test,-1.57,-0.81,0.81,0.09437500000000001
1174,d25_t03_r05_s024,2.05,3,5,23,ising2d_t03_r05_seed25093,25093,down,1000,24,test,-1.71,-0.895,0.895,0.10031249999999996
1175,d25_t03_r05_s025,2.05,3,5,23,ising2d_t03_r05_seed25093,25093,down,1040,25,test,-1.53,-0.81,0.81,0.09906250000000003
1176,d25_t03_r05_s026,2.05,3,5,23,ising2d_t03_r05_seed25093,25093,down,1080,26,test,-1.76,-0.93,0.93,0.08199999999999998
1177,d25_t03_r05_s027,2.05,3,5,23,ising2d_t03_r05_seed25093,25093,down,1120,27,test,-1.79,-0.915,0.915,0.08343749999999998
1178,d25_t03_r05_s028,2.05,3,5,23,ising2d_t03_r05_seed25093,25093,down,1160,28,test,-1.73,-0.915,0.915,0.092875
1179,d25_t03_r05_s029,2.05,3,5,23,ising2d_t03_r05_seed25093,25093,down,1200,29,test,-1.73,-0.91,0.91,0.08018750000000001
1180,d25_t03_r05_s030,2.05,3,5,23,ising2d_t03_r05_seed25093,25093,down,1240,30,test,-1.82,-0.935,0.935,0.09193749999999998
1181,d25_t03_r05_s031,2.05,3,5,23,ising2d_t03_r05_seed25093,25093,down,1280,31,test,-1.69,-0.91,0.91,0.09243749999999999
1182,d25_t03_r05_s032,2.05,3,5,23,ising2d_t03_r05_seed25093,25093,down,1320,32,test,-1.63,-0.875,0.875,0.09368749999999999
1183,d25_t03_r05_s033,2.05,3,5,23,ising2d_t03_r05_seed25093,25093,down,1360,33,test,-1.77,-0.935,0.935,0.07475
1184,d25_t03_r05_s034,2.05,3,5,23,ising2d_t03_r05_seed25093,25093,down,1400,34,test,-1.75,-0.93,0.93,0.1063125
1185,d25_t03_r05_s035,2.05,3,5,23,ising2d_t03_r05_seed25093,25093,down,1440,35,test,-1.67,-0.885,0.885,0.08581249999999999
1186,d25_t03_r05_s036,2.05,3,5,23,ising2d_t03_r05_seed25093,25093,down,1480,36,test,-1.52,-0.765,0.765,0.09975000000000002
1187,d25_t03_r05_s037,2.05,3,5,23,ising2d_t03_r05_seed25093,25093,down,1520,37,test,-1.82,-0.94,0.94,0.08168750000000001
1188,d25_t03_r05_s038,2.05,3,5,23,ising2d_t03_r05_seed25093,25093,down,1560,38,test,-1.6,-0.86,0.86,0.09112500000000001
1189,d25_t03_r05_s039,2.05,3,5,23,ising2d_t03_r05_seed25093,25093,down,1600,39,test,-1.62,-0.815,0.815,0.10018749999999998
1190,d25_t03_r05_s040,2.05,3,5,23,ising2d_t03_r05_seed25093,25093,down,1640,40,test,-1.74,-0.91,0.91,0.0916875
1191,d25_t03_r05_s041,2.05,3,5,23,ising2d_t03_r05_seed25093,25093,down,1680,41,test,-1.64,-0.89,0.89,0.10387499999999998
1192,d25_t03_r05_s042,2.05,3,5,23,ising2d_t03_r05_seed25093,25093,down,1720,42,test,-1.81,-0.95,0.95,0.08812499999999998
1193,d25_t03_r05_s043,2.05,3,5,23,ising2d_t03_r05_seed25093,25093,down,1760,43,test,-1.84,-0.955,0.955,0.0825625
1194,d25_t03_r05_s044,2.05,3,5,23,ising2d_t03_r05_seed25093,25093,down,1800,44,test,-1.77,-0.925,0.925,0.07699999999999999
1195,d25_t03_r05_s045,2.05,3,5,23,ising2d_t03_r05_seed25093,25093,down,1840,45,test,-1.71,-0.885,0.885,0.08912500000000002
1196,d25_t03_r05_s046,2.05,3,5,23,ising2d_t03_r05_seed25093,25093,down,1880,46,test,-1.76,-0.935,0.935,0.09175
1197,d25_t03_r05_s047,2.05,3,5,23,ising2d_t03_r05_seed25093,25093,down,1920,47,test,-1.75,-0.92,0.92,0.08681250000000001
1198,d25_t03_r05_s048,2.05,3,5,23,ising2d_t03_r05_seed25093,25093,down,1960,48,test,-1.75,-0.91,0.91,0.08812500000000001
1199,d25_t03_r05_s049,2.05,3,5,23,ising2d_t03_r05_seed25093,25093,down,2000,49,test,-1.57,-0.82,0.82,0.09825000000000002
1200,d25_t04_r00_s000,2.1,4,0,24,ising2d_t04_r00_seed25004,25004,up,40,0,train,-1.72,0.9,0.9,0.09337499999999999
1201,d25_t04_r00_s001,2.1,4,0,24,ising2d_t04_r00_seed25004,25004,up,80,1,train,-1.65,0.835,0.835,0.0933125
1202,d25_t04_r00_s002,2.1,4,0,24,ising2d_t04_r00_seed25004,25004,up,120,2,train,-1.5,0.82,0.82,0.12143750000000002
1203,d25_t04_r00_s003,2.1,4,0,24,ising2d_t04_r00_seed25004,25004,up,160,3,train,-1.74,0.915,0.915,0.11018749999999997
1204,d25_t04_r00_s004,2.1,4,0,24,ising2d_t04_r00_seed25004,25004,up,200,4,train,-1.49,0.785,0.785,0.10075
1205,d25_t04_r00_s005,2.1,4,0,24,ising2d_t04_r00_seed25004,25004,up,240,5,train,-1.6,0.86,0.86,0.15268749999999995
1206,d25_t04_r00_s006,2.1,4,0,24,ising2d_t04_r00_seed25004,25004,up,280,6,train,-1.72,0.85,0.85,0.102125
1207,d25_t04_r00_s007,2.1,4,0,24,ising2d_t04_r00_seed25004,25004,up,320,7,train,-1.61,0.83,0.83,0.13212499999999996
1208,d25_t04_r00_s008,2.1,4,0,24,ising2d_t04_r00_seed25004,25004,up,360,8,train,-1.69,0.895,0.895,0.12618750000000004
1209,d25_t04_r00_s009,2.1,4,0,24,ising2d_t04_r00_seed25004,25004,up,400,9,train,-1.68,0.87,0.87,0.10606250000000002
1210,d25_t04_r00_s010,2.1,4,0,24,ising2d_t04_r00_seed25004,25004,up,440,10,train,-1.7,0.885,0.885,0.1256875
1211,d25_t04_r00_s011,2.1,4,0,24,ising2d_t04_r00_seed25004,25004,up,480,11,train,-1.57,0.86,0.86,0.09781250000000001
1212,d25_t04_r00_s012,2.1,4,0,24,ising2d_t04_r00_seed25004,25004,up,520,12,train,-1.53,0.785,0.785,0.1066875
1213,d25_t04_r00_s013,2.1,4,0,24,ising2d_t04_r00_seed25004,25004,up,560,13,train,-1.57,0.81,0.81,0.15218750000000003
1214,d25_t04_r00_s014,2.1,4,0,24,ising2d_t04_r00_seed25004,25004,up,600,14,train,-1.55,0.805,0.805,0.14256249999999998
1215,d25_t04_r00_s015,2.1,4,0,24,ising2d_t04_r00_seed25004,25004,up,640,15,train,-1.81,0.945,0.945,0.09987500000000002
1216,d25_t04_r00_s016,2.1,4,0,24,ising2d_t04_r00_seed25004,25004,up,680,16,train,-1.62,0.845,0.845,0.102375
1217,d25_t04_r00_s017,2.1,4,0,24,ising2d_t04_r00_seed25004,25004,up,720,17,train,-1.56,0.81,0.81,0.1170625
1218,d25_t04_r00_s018,2.1,4,0,24,ising2d_t04_r00_seed25004,25004,up,760,18,train,-1.68,0.895,0.895,0.10043749999999999
1219,d25_t04_r00_s019,2.1,4,0,24,ising2d_t04_r00_seed25004,25004,up,800,19,train,-1.74,0.915,0.915,0.09525000000000002
1220,d25_t04_r00_s020,2.1,4,0,24,ising2d_t04_r00_seed25004,25004,up,840,20,train,-1.67,0.875,0.875,0.10925000000000003
1221,d25_t04_r00_s021,2.1,4,0,24,ising2d_t04_r00_seed25004,25004,up,880,21,train,-1.69,0.91,0.91,0.10756250000000003
1222,d25_t04_r00_s022,2.1,4,0,24,ising2d_t04_r00_seed25004,25004,up,920,22,train,-1.62,0.845,0.845,0.11368750000000001
1223,d25_t04_r00_s023,2.1,4,0,24,ising2d_t04_r00_seed25004,25004,up,960,23,train,-1.75,0.91,0.91,0.10181249999999997
1224,d25_t04_r00_s024,2.1,4,0,24,ising2d_t04_r00_seed25004,25004,up,1000,24,train,-1.72,0.895,0.895,0.0973125
1225,d25_t04_r00_s025,2.1,4,0,24,ising2d_t04_r00_seed25004,25004,up,1040,25,train,-1.72,0.875,0.875,0.0985
1226,d25_t04_r00_s026,2.1,4,0,24,ising2d_t04_r00_seed25004,25004,up,1080,26,train,-1.68,0.905,0.905,0.105625
1227,d25_t04_r00_s027,2.1,4,0,24,ising2d_t04_r00_seed25004,25004,up,1120,27,train,-1.68,0.885,0.885,0.09550000000000002
1228,d25_t04_r00_s028,2.1,4,0,24,ising2d_t04_r00_seed25004,25004,up,1160,28,train,-1.66,0.875,0.875,0.08775
1229,d25_t04_r00_s029,2.1,4,0,24,ising2d_t04_r00_seed25004,25004,up,1200,29,train,-1.65,0.9,0.9,0.11506250000000003
1230,d25_t04_r00_s030,2.1,4,0,24,ising2d_t04_r00_seed25004,25004,up,1240,30,train,-1.43,0.625,0.625,0.1251875
1231,d25_t04_r00_s031,2.1,4,0,24,ising2d_t04_r00_seed25004,25004,up,1280,31,train,-1.79,0.925,0.925,0.13824999999999998
1232,d25_t04_r00_s032,2.1,4,0,24,ising2d_t04_r00_seed25004,25004,up,1320,32,train,-1.75,0.92,0.92,0.0946875
1233,d25_t04_r00_s033,2.1,4,0,24,ising2d_t04_r00_seed25004,25004,up,1360,33,train,-1.7,0.915,0.915,0.10418750000000002
1234,d25_t04_r00_s034,2.1,4,0,24,ising2d_t04_r00_seed25004,25004,up,1400,34,train,-1.7,0.915,0.915,0.09062500000000001
1235,d25_t04_r00_s035,2.1,4,0,24,ising2d_t04_r00_seed25004,25004,up,1440,35,train,-1.59,0.875,0.875,0.107375
1236,d25_t04_r00_s036,2.1,4,0,24,ising2d_t04_r00_seed25004,25004,up,1480,36,train,-1.51,0.755,0.755,0.11637499999999998
1237,d25_t04_r00_s037,2.1,4,0,24,ising2d_t04_r00_seed25004,25004,up,1520,37,train,-1.66,0.875,0.875,0.145125
1238,d25_t04_r00_s038,2.1,4,0,24,ising2d_t04_r00_seed25004,25004,up,1560,38,train,-1.59,0.86,0.86,0.11268749999999998
1239,d25_t04_r00_s039,2.1,4,0,24,ising2d_t04_r00_seed25004,25004,up,1600,39,train,-1.67,0.875,0.875,0.10518750000000002
1240,d25_t04_r00_s040,2.1,4,0,24,ising2d_t04_r00_seed25004,25004,up,1640,40,train,-1.6,0.855,0.855,0.12150000000000002
1241,d25_t04_r00_s041,2.1,4,0,24,ising2d_t04_r00_seed25004,25004,up,1680,41,train,-1.56,0.815,0.815,0.10500000000000002
1242,d25_t04_r00_s042,2.1,4,0,24,ising2d_t04_r00_seed25004,25004,up,1720,42,train,-1.58,0.85,0.85,0.11781249999999999
1243,d25_t04_r00_s043,2.1,4,0,24,ising2d_t04_r00_seed25004,25004,up,1760,43,train,-1.77,0.91,0.91,0.10112500000000002
1244,d25_t04_r00_s044,2.1,4,0,24,ising2d_t04_r00_seed25004,25004,up,1800,44,train,-1.68,0.9,0.9,0.09762499999999999
1245,d25_t04_r00_s045,2.1,4,0,24,ising2d_t04_r00_seed25004,25004,up,1840,45,train,-1.58,0.84,0.84,0.09037500000000001
1246,d25_t04_r00_s046,2.1,4,0,24,ising2d_t04_r00_seed25004,25004,up,1880,46,train,-1.44,0.675,0.675,0.16218749999999998
1247,d25_t04_r00_s047,2.1,4,0,24,ising2d_t04_r00_seed25004,25004,up,1920,47,train,-1.71,0.87,0.87,0.13906250000000003
1248,d25_t04_r00_s048,2.1,4,0,24,ising2d_t04_r00_seed25004,25004,up,1960,48,train,-1.61,0.88,0.88,0.10487499999999998
1249,d25_t04_r00_s049,2.1,4,0,24,ising2d_t04_r00_seed25004,25004,up,2000,49,train,-1.69,0.905,0.905,0.0966875
1250,d25_t04_r01_s000,2.1,4,1,25,ising2d_t04_r01_seed25022,25022,down,40,0,train,-1.71,-0.905,0.905,0.09149999999999998
1251,d25_t04_r01_s001,2.1,4,1,25,ising2d_t04_r01_seed25022,25022,down,80,1,train,-1.52,-0.835,0.835,0.081875
1252,d25_t04_r01_s002,2.1,4,1,25,ising2d_t04_r01_seed25022,25022,down,120,2,train,-1.77,-0.94,0.94,0.09518750000000002
1253,d25_t04_r01_s003,2.1,4,1,25,ising2d_t04_r01_seed25022,25022,down,160,3,train,-1.41,-0.775,0.775,0.10481250000000002
1254,d25_t04_r01_s004,2.1,4,1,25,ising2d_t04_r01_seed25022,25022,down,200,4,train,-1.66,-0.89,0.89,0.09643749999999997
1255,d25_t04_r01_s005,2.1,4,1,25,ising2d_t04_r01_seed25022,25022,down,240,5,train,-1.88,-0.97,0.97,0.08687500000000001
1256,d25_t04_r01_s006,2.1,4,1,25,ising2d_t04_r01_seed25022,25022,down,280,6,train,-1.69,-0.91,0.91,0.10687499999999997
1257,d25_t04_r01_s007,2.1,4,1,25,ising2d_t04_r01_seed25022,25022,down,320,7,train,-1.82,-0.955,0.955,0.0989375
1258,d25_t04_r01_s008,2.1,4,1,25,ising2d_t04_r01_seed25022,25022,down,360,8,train,-1.72,-0.895,0.895,0.10712500000000003
1259,d25_t04_r01_s009,2.1,4,1,25,ising2d_t04_r01_seed25022,25022,down,400,9,train,-1.68,-0.905,0.905,0.08462499999999999
1260,d25_t04_r01_s010,2.1,4,1,25,ising2d_t04_r01_seed25022,25022,down,440,10,train,-1.69,-0.89,0.89,0.0865625
1261,d25_t04_r01_s011,2.1,4,1,25,ising2d_t04_r01_seed25022,25022,down,480,11,train,-1.55,-0.83,0.83,0.11687499999999998
1262,d25_t04_r01_s012,2.1,4,1,25,ising2d_t04_r01_seed25022,25022,down,520,12,train,-1.74,-0.9,0.9,0.095
1263,d25_t04_r01_s013,2.1,4,1,25,ising2d_t04_r01_seed25022,25022,down,560,13,train,-1.71,-0.905,0.905,0.09256250000000002
1264,d25_t04_r01_s014,2.1,4,1,25,ising2d_t04_r01_seed25022,25022,down,600,14,train,-1.77,-0.93,0.93,0.1006875
1265,d25_t04_r01_s015,2.1,4,1,25,ising2d_t04_r01_seed25022,25022,down,640,15,train,-1.59,-0.845,0.845,0.0883125
1266,d25_t04_r01_s016,2.1,4,1,25,ising2d_t04_r01_seed25022,25022,down,680,16,train,-1.77,-0.915,0.915,0.10124999999999998
1267,d25_t04_r01_s017,2.1,4,1,25,ising2d_t04_r01_seed25022,25022,down,720,17,train,-1.78,-0.945,0.945,0.09912499999999999
1268,d25_t04_r01_s018,2.1,4,1,25,ising2d_t04_r01_seed25022,25022,down,760,18,train,-1.61,-0.855,0.855,0.11612499999999999
1269,d25_t04_r01_s019,2.1,4,1,25,ising2d_t04_r01_seed25022,25022,down,800,19,train,-1.5,-0.785,0.785,0.0935
1270,d25_t04_r01_s020,2.1,4,1,25,ising2d_t04_r01_seed25022,25022,down,840,20,train,-1.71,-0.92,0.92,0.09143749999999998
1271,d25_t04_r01_s021,2.1,4,1,25,ising2d_t04_r01_seed25022,25022,down,880,21,train,-1.53,-0.785,0.785,0.0978125
1272,d25_t04_r01_s022,2.1,4,1,25,ising2d_t04_r01_seed25022,25022,down,920,22,train,-1.68,-0.895,0.895,0.13924999999999998
1273,d25_t04_r01_s023,2.1,4,1,25,ising2d_t04_r01_seed25022,25022,down,960,23,train,-1.44,-0.705,0.705,0.10174999999999998
1274,d25_t04_r01_s024,2.1,4,1,25,ising2d_t04_r01_seed25022,25022,down,1000,24,train,-1.5,-0.655,0.655,0.17150000000000004
1275,d25_t04_r01_s025,2.1,4,1,25,ising2d_t04_r01_seed25022,25022,down,1040,25,train,-1.66,-0.905,0.905,0.10925
1276,d25_t04_r01_s026,2.1,4,1,25,ising2d_t04_r01_seed25022,25022,down,1080,26,train,-1.7,-0.9,0.9,0.1296875
1277,d25_t04_r01_s027,2.1,4,1,25,ising2d_t04_r01_seed25022,25022,down,1120,27,train,-1.65,-0.88,0.88,0.099625
1278,d25_t04_r01_s028,2.1,4,1,25,ising2d_t04_r01_seed25022,25022,down,1160,28,train,-1.69,-0.895,0.895,0.1024375
1279,d25_t04_r01_s029,2.1,4,1,25,ising2d_t04_r01_seed25022,25022,down,1200,29,train,-1.51,-0.77,0.77,0.10118750000000001
1280,d25_t04_r01_s030,2.1,4,1,25,ising2d_t04_r01_seed25022,25022,down,1240,30,train,-1.64,-0.88,0.88,0.11675000000000002
1281,d25_t04_r01_s031,2.1,4,1,25,ising2d_t04_r01_seed25022,25022,down,1280,31,train,-1.71,-0.915,0.915,0.0955625
1282,d25_t04_r01_s032,2.1,4,1,25,ising2d_t04_r01_seed25022,25022,down,1320,32,train,-1.73,-0.92,0.92,0.0939375
1283,d25_t04_r01_s033,2.1,4,1,25,ising2d_t04_r01_seed25022,25022,down,1360,33,train,-1.57,-0.815,0.815,0.1110625
1284,d25_t04_r01_s034,2.1,4,1,25,ising2d_t04_r01_seed25022,25022,down,1400,34,train,-1.69,-0.895,0.895,0.10337499999999997
1285,d25_t04_r01_s035,2.1,4,1,25,ising2d_t04_r01_seed25022,25022,down,1440,35,train,-1.7,-0.865,0.865,0.093875
1286,d25_t04_r01_s036,2.1,4,1,25,ising2d_t04_r01_seed25022,25022,down,1480,36,train,-1.74,-0.915,0.915,0.12625
1287,d25_t04_r01_s037,2.1,4,1,25,ising2d_t04_r01_seed25022,25022,down,1520,37,train,-1.8,-0.94,0.94,0.09031249999999999
1288,d25_t04_r01_s038,2.1,4,1,25,ising2d_t04_r01_seed25022,25022,down,1560,38,train,-1.72,-0.87,0.87,0.11212499999999999
1289,d25_t04_r01_s039,2.1,4,1,25,ising2d_t04_r01_seed25022,25022,down,1600,39,train,-1.71,-0.905,0.905,0.09031249999999999
1290,d25_t04_r01_s040,2.1,4,1,25,ising2d_t04_r01_seed25022,25022,down,1640,40,train,-1.68,-0.875,0.875,0.09137500000000001
1291,d25_t04_r01_s041,2.1,4,1,25,ising2d_t04_r01_seed25022,25022,down,1680,41,train,-1.62,-0.845,0.845,0.1265
1292,d25_t04_r01_s042,2.1,4,1,25,ising2d_t04_r01_seed25022,25022,down,1720,42,train,-1.68,-0.86,0.86,0.10681249999999998
1293,d25_t04_r01_s043,2.1,4,1,25,ising2d_t04_r01_seed25022,25022,down,1760,43,train,-1.6,-0.79,0.79,0.123875
1294,d25_t04_r01_s044,2.1,4,1,25,ising2d_t04_r01_seed25022,25022,down,1800,44,train,-1.65,-0.885,0.885,0.11168749999999998
1295,d25_t04_r01_s045,2.1,4,1,25,ising2d_t04_r01_seed25022,25022,down,1840,45,train,-1.71,-0.915,0.915,0.09824999999999998
1296,d25_t04_r01_s046,2.1,4,1,25,ising2d_t04_r01_seed25022,25022,down,1880,46,train,-1.52,-0.76,0.76,0.08906250000000002
1297,d25_t04_r01_s047,2.1,4,1,25,ising2d_t04_r01_seed25022,25022,down,1920,47,train,-1.7,-0.905,0.905,0.13356250000000003
1298,d25_t04_r01_s048,2.1,4,1,25,ising2d_t04_r01_seed25022,25022,down,1960,48,train,-1.59,-0.83,0.83,0.13056249999999997
1299,d25_t04_r01_s049,2.1,4,1,25,ising2d_t04_r01_seed25022,25022,down,2000,49,train,-1.75,-0.925,0.925,0.1016875
1300,d25_t04_r02_s000,2.1,4,2,26,ising2d_t04_r02_seed25040,25040,up,40,0,validation,-1.53,0.825,0.825,0.09031249999999999
1301,d25_t04_r02_s001,2.1,4,2,26,ising2d_t04_r02_seed25040,25040,up,80,1,validation,-1.54,0.825,0.825,0.10825
1302,d25_t04_r02_s002,2.1,4,2,26,ising2d_t04_r02_seed25040,25040,up,120,2,validation,-1.69,0.885,0.885,0.11350000000000005
1303,d25_t04_r02_s003,2.1,4,2,26,ising2d_t04_r02_seed25040,25040,up,160,3,validation,-1.56,0.74,0.74,0.1120625
1304,d25_t04_r02_s004,2.1,4,2,26,ising2d_t04_r02_seed25040,25040,up,200,4,validation,-1.61,0.85,0.85,0.15412499999999998
1305,d25_t04_r02_s005,2.1,4,2,26,ising2d_t04_r02_seed25040,25040,up,240,5,validation,-1.69,0.91,0.91,0.10437499999999997
1306,d25_t04_r02_s006,2.1,4,2,26,ising2d_t04_r02_seed25040,25040,up,280,6,validation,-1.48,0.805,0.805,0.12381250000000002
1307,d25_t04_r02_s007,2.1,4,2,26,ising2d_t04_r02_seed25040,25040,up,320,7,validation,-1.65,0.875,0.875,0.106625
1308,d25_t04_r02_s008,2.1,4,2,26,ising2d_t04_r02_seed25040,25040,up,360,8,validation,-1.47,0.795,0.795,0.10624999999999998
1309,d25_t04_r02_s009,2.1,4,2,26,ising2d_t04_r02_seed25040,25040,up,400,9,validation,-1.72,0.895,0.895,0.112125
1310,d25_t04_r02_s010,2.1,4,2,26,ising2d_t04_r02_seed25040,25040,up,440,10,validation,-1.68,0.885,0.885,0.12624999999999995
1311,d25_t04_r02_s011,2.1,4,2,26,ising2d_t04_r02_seed25040,25040,up,480,11,validation,-1.69,0.895,0.895,0.084375
1312,d25_t04_r02_s012,2.1,4,2,26,ising2d_t04_r02_seed25040,25040,up,520,12,validation,-1.73,0.9,0.9,0.0940625
1313,d25_t04_r02_s013,2.1,4,2,26,ising2d_t04_r02_seed25040,25040,up,560,13,validation,-1.62,0.87,0.87,0.10225
1314,d25_t04_r02_s014,2.1,4,2,26,ising2d_t04_r02_seed25040,25040,up,600,14,validation,-1.79,0.93,0.93,0.096
1315,d25_t04_r02_s015,2.1,4,2,26,ising2d_t04_r02_seed25040,25040,up,640,15,validation,-1.81,0.935,0.935,0.1073125
1316,d25_t04_r02_s016,2.1,4,2,26,ising2d_t04_r02_seed25040,25040,up,680,16,validation,-1.47,0.815,0.815,0.07562499999999998
1317,d25_t04_r02_s017,2.1,4,2,26,ising2d_t04_r02_seed25040,25040,up,720,17,validation,-1.49,0.8,0.8,0.10293749999999999
1318,d25_t04_r02_s018,2.1,4,2,26,ising2d_t04_r02_seed25040,25040,up,760,18,validation,-1.74,0.915,0.915,0.1463125
1319,d25_t04_r02_s019,2.1,4,2,26,ising2d_t04_r02_seed25040,25040,up,800,19,validation,-1.75,0.925,0.925,0.10237500000000002
1320,d25_t04_r02_s020,2.1,4,2,26,ising2d_t04_r02_seed25040,25040,up,840,20,validation,-1.62,0.88,0.88,0.1109375
1321,d25_t04_r02_s021,2.1,4,2,26,ising2d_t04_r02_seed25040,25040,up,880,21,validation,-1.55,0.78,0.78,0.12175
1322,d25_t04_r02_s022,2.1,4,2,26,ising2d_t04_r02_seed25040,25040,up,920,22,validation,-1.47,0.72,0.72,0.14012500000000003
1323,d25_t04_r02_s023,2.1,4,2,26,ising2d_t04_r02_seed25040,25040,up,960,23,validation,-1.66,0.86,0.86,0.12925
1324,d25_t04_r02_s024,2.1,4,2,26,ising2d_t04_r02_seed25040,25040,up,1000,24,validation,-1.67,0.88,0.88,0.117875
1325,d25_t04_r02_s025,2.1,4,2,26,ising2d_t04_r02_seed25040,25040,up,1040,25,validation,-1.8,0.945,0.945,0.09768750000000001
1326,d25_t04_r02_s026,2.1,4,2,26,ising2d_t04_r02_seed25040,25040,up,1080,26,validation,-1.75,0.91,0.91,0.11368750000000005
1327,d25_t04_r02_s027,2.1,4,2,26,ising2d_t04_r02_seed25040,25040,up,1120,27,validation,-1.51,0.805,0.805,0.1058125
1328,d25_t04_r02_s028,2.1,4,2,26,ising2d_t04_r02_seed25040,25040,up,1160,28,validation,-1.73,0.905,0.905,0.12612499999999996
1329,d25_t04_r02_s029,2.1,4,2,26,ising2d_t04_r02_seed25040,25040,up,1200,29,validation,-1.57,0.84,0.84,0.09331250000000002
1330,d25_t04_r02_s030,2.1,4,2,26,ising2d_t04_r02_seed25040,25040,up,1240,30,validation,-1.65,0.885,0.885,0.09693750000000001
1331,d25_t04_r02_s031,2.1,4,2,26,ising2d_t04_r02_seed25040,25040,up,1280,31,validation,-1.54,0.795,0.795,0.1355
1332,d25_t04_r02_s032,2.1,4,2,26,ising2d_t04_r02_seed25040,25040,up,1320,32,validation,-1.76,0.93,0.93,0.11606249999999999
1333,d25_t04_r02_s033,2.1,4,2,26,ising2d_t04_r02_seed25040,25040,up,1360,33,validation,-1.68,0.89,0.89,0.086625
1334,d25_t04_r02_s034,2.1,4,2,26,ising2d_t04_r02_seed25040,25040,up,1400,34,validation,-1.53,0.76,0.76,0.10537500000000004
1335,d25_t04_r02_s035,2.1,4,2,26,ising2d_t04_r02_seed25040,25040,up,1440,35,validation,-1.43,0.745,0.745,0.11381250000000002
1336,d25_t04_r02_s036,2.1,4,2,26,ising2d_t04_r02_seed25040,25040,up,1480,36,validation,-1.56,0.685,0.685,0.15587500000000004
1337,d25_t04_r02_s037,2.1,4,2,26,ising2d_t04_r02_seed25040,25040,up,1520,37,validation,-1.75,0.92,0.92,0.1144375
1338,d25_t04_r02_s038,2.1,4,2,26,ising2d_t04_r02_seed25040,25040,up,1560,38,validation,-1.67,0.885,0.885,0.10293750000000004
1339,d25_t04_r02_s039,2.1,4,2,26,ising2d_t04_r02_seed25040,25040,up,1600,39,validation,-1.65,0.87,0.87,0.10981250000000001
1340,d25_t04_r02_s040,2.1,4,2,26,ising2d_t04_r02_seed25040,25040,up,1640,40,validation,-1.57,0.83,0.83,0.13475
1341,d25_t04_r02_s041,2.1,4,2,26,ising2d_t04_r02_seed25040,25040,up,1680,41,validation,-1.78,0.915,0.915,0.1539375
1342,d25_t04_r02_s042,2.1,4,2,26,ising2d_t04_r02_seed25040,25040,up,1720,42,validation,-1.64,0.84,0.84,0.10868749999999996
1343,d25_t04_r02_s043,2.1,4,2,26,ising2d_t04_r02_seed25040,25040,up,1760,43,validation,-1.61,0.875,0.875,0.10381249999999997
1344,d25_t04_r02_s044,2.1,4,2,26,ising2d_t04_r02_seed25040,25040,up,1800,44,validation,-1.74,0.89,0.89,0.13693750000000005
1345,d25_t04_r02_s045,2.1,4,2,26,ising2d_t04_r02_seed25040,25040,up,1840,45,validation,-1.79,0.93,0.93,0.10162500000000003
1346,d25_t04_r02_s046,2.1,4,2,26,ising2d_t04_r02_seed25040,25040,up,1880,46,validation,-1.75,0.925,0.925,0.0991875
1347,d25_t04_r02_s047,2.1,4,2,26,ising2d_t04_r02_seed25040,25040,up,1920,47,validation,-1.47,0.76,0.76,0.12506250000000002
1348,d25_t04_r02_s048,2.1,4,2,26,ising2d_t04_r02_seed25040,25040,up,1960,48,validation,-1.82,0.955,0.955,0.11218750000000002
1349,d25_t04_r02_s049,2.1,4,2,26,ising2d_t04_r02_seed25040,25040,up,2000,49,validation,-1.68,0.88,0.88,0.11181249999999995
1350,d25_t04_r03_s000,2.1,4,3,27,ising2d_t04_r03_seed25058,25058,down,40,0,validation,-1.65,-0.895,0.895,0.10631249999999999
1351,d25_t04_r03_s001,2.1,4,3,27,ising2d_t04_r03_seed25058,25058,down,80,1,validation,-1.82,-0.94,0.94,0.09518750000000001
1352,d25_t04_r03_s002,2.1,4,3,27,ising2d_t04_r03_seed25058,25058,down,120,2,validation,-1.57,-0.79,0.79,0.11487499999999999
1353,d25_t04_r03_s003,2.1,4,3,27,ising2d_t04_r03_seed25058,25058,down,160,3,validation,-1.65,-0.815,0.815,0.12556250000000005
1354,d25_t04_r03_s004,2.1,4,3,27,ising2d_t04_r03_seed25058,25058,down,200,4,validation,-1.81,-0.95,0.95,0.1275625
1355,d25_t04_r03_s005,2.1,4,3,27,ising2d_t04_r03_seed25058,25058,down,240,5,validation,-1.78,-0.925,0.925,0.08643749999999999
1356,d25_t04_r03_s006,2.1,4,3,27,ising2d_t04_r03_seed25058,25058,down,280,6,validation,-1.61,-0.865,0.865,0.09200000000000001
1357,d25_t04_r03_s007,2.1,4,3,27,ising2d_t04_r03_seed25058,25058,down,320,7,validation,-1.67,-0.9,0.9,0.08743749999999999
1358,d25_t04_r03_s008,2.1,4,3,27,ising2d_t04_r03_seed25058,25058,down,360,8,validation,-1.57,-0.82,0.82,0.11874999999999998
1359,d25_t04_r03_s009,2.1,4,3,27,ising2d_t04_r03_seed25058,25058,down,400,9,validation,-1.58,-0.775,0.775,0.1170625
1360,d25_t04_r03_s010,2.1,4,3,27,ising2d_t04_r03_seed25058,25058,down,440,10,validation,-1.64,-0.895,0.895,0.12212500000000001
1361,d25_t04_r03_s011,2.1,4,3,27,ising2d_t04_r03_seed25058,25058,down,480,11,validation,-1.74,-0.905,0.905,0.10950000000000001
1362,d25_t04_r03_s012,2.1,4,3,27,ising2d_t04_r03_seed25058,25058,down,520,12,validation,-1.66,-0.79,0.79,0.1065625
1363,d25_t04_r03_s013,2.1,4,3,27,ising2d_t04_r03_seed25058,25058,down,560,13,validation,-1.79,-0.935,0.935,0.10818749999999999
1364,d25_t04_r03_s014,2.1,4,3,27,ising2d_t04_r03_seed25058,25058,down,600,14,validation,-1.46,-0.77,0.77,0.08768749999999999
1365,d25_t04_r03_s015,2.1,4,3,27,ising2d_t04_r03_seed25058,25058,down,640,15,validation,-1.54,-0.86,0.86,0.10924999999999999
1366,d25_t04_r03_s016,2.1,4,3,27,ising2d_t04_r03_seed25058,25058,down,680,16,validation,-1.78,-0.935,0.935,0.10493750000000002
1367,d25_t04_r03_s017,2.1,4,3,27,ising2d_t04_r03_seed25058,25058,down,720,17,validation,-1.61,-0.86,0.86,0.08543750000000003
1368,d25_t04_r03_s018,2.1,4,3,27,ising2d_t04_r03_seed25058,25058,down,760,18,validation,-1.79,-0.93,0.93,0.09300000000000003
1369,d25_t04_r03_s019,2.1,4,3,27,ising2d_t04_r03_seed25058,25058,down,800,19,validation,-1.63,-0.845,0.845,0.12406249999999999
1370,d25_t04_r03_s020,2.1,4,3,27,ising2d_t04_r03_seed25058,25058,down,840,20,validation,-1.79,-0.93,0.93,0.1076875
1371,d25_t04_r03_s021,2.1,4,3,27,ising2d_t04_r03_seed25058,25058,down,880,21,validation,-1.72,-0.91,0.91,0.10162500000000003
1372,d25_t04_r03_s022,2.1,4,3,27,ising2d_t04_r03_seed25058,25058,down,920,22,validation,-1.75,-0.93,0.93,0.0985
1373,d25_t04_r03_s023,2.1,4,3,27,ising2d_t04_r03_seed25058,25058,down,960,23,validation,-1.68,-0.895,0.895,0.0948125
1374,d25_t04_r03_s024,2.1,4,3,27,ising2d_t04_r03_seed25058,25058,down,1000,24,validation,-1.51,-0.745,0.745,0.11087500000000002
1375,d25_t04_r03_s025,2.1,4,3,27,ising2d_t04_r03_seed25058,25058,down,1040,25,validation,-1.5,-0.715,0.715,0.15574999999999997
1376,d25_t04_r03_s026,2.1,4,3,27,ising2d_t04_r03_seed25058,25058,down,1080,26,validation,-1.74,-0.92,0.92,0.1253125
1377,d25_t04_r03_s027,2.1,4,3,27,ising2d_t04_r03_seed25058,25058,down,1120,27,validation,-1.59,-0.85,0.85,0.11775
1378,d25_t04_r03_s028,2.1,4,3,27,ising2d_t04_r03_seed25058,25058,down,1160,28,validation,-1.56,-0.745,0.745,0.13556249999999997
1379,d25_t04_r03_s029,2.1,4,3,27,ising2d_t04_r03_seed25058,25058,down,1200,29,validation,-1.8,-0.94,0.94,0.0964375
1380,d25_t04_r03_s030,2.1,4,3,27,ising2d_t04_r03_seed25058,25058,down,1240,30,validation,-1.63,-0.83,0.83,0.10837499999999997
1381,d25_t04_r03_s031,2.1,4,3,27,ising2d_t04_r03_seed25058,25058,down,1280,31,validation,-1.67,-0.89,0.89,0.0875
1382,d25_t04_r03_s032,2.1,4,3,27,ising2d_t04_r03_seed25058,25058,down,1320,32,validation,-1.65,-0.84,0.84,0.09525000000000003
1383,d25_t04_r03_s033,2.1,4,3,27,ising2d_t04_r03_seed25058,25058,down,1360,33,validation,-1.63,-0.835,0.835,0.1266875
1384,d25_t04_r03_s034,2.1,4,3,27,ising2d_t04_r03_seed25058,25058,down,1400,34,validation,-1.63,-0.635,0.635,0.1375
1385,d25_t04_r03_s035,2.1,4,3,27,ising2d_t04_r03_seed25058,25058,down,1440,35,validation,-1.45,-0.675,0.675,0.17600000000000002
1386,d25_t04_r03_s036,2.1,4,3,27,ising2d_t04_r03_seed25058,25058,down,1480,36,validation,-1.77,-0.93,0.93,0.09956250000000001
1387,d25_t04_r03_s037,2.1,4,3,27,ising2d_t04_r03_seed25058,25058,down,1520,37,validation,-1.68,-0.875,0.875,0.10206249999999999
1388,d25_t04_r03_s038,2.1,4,3,27,ising2d_t04_r03_seed25058,25058,down,1560,38,validation,-1.62,-0.815,0.815,0.1355
1389,d25_t04_r03_s039,2.1,4,3,27,ising2d_t04_r03_seed25058,25058,down,1600,39,validation,-1.84,-0.945,0.945,0.08137500000000002
1390,d25_t04_r03_s040,2.1,4,3,27,ising2d_t04_r03_seed25058,25058,down,1640,40,validation,-1.71,-0.905,0.905,0.09125000000000001
1391,d25_t04_r03_s041,2.1,4,3,27,ising2d_t04_r03_seed25058,25058,down,1680,41,validation,-1.65,-0.895,0.895,0.09724999999999998
1392,d25_t04_r03_s042,2.1,4,3,27,ising2d_t04_r03_seed25058,25058,down,1720,42,validation,-1.69,-0.895,0.895,0.09075000000000003
1393,d25_t04_r03_s043,2.1,4,3,27,ising2d_t04_r03_seed25058,25058,down,1760,43,validation,-1.6,-0.855,0.855,0.09962500000000002
1394,d25_t04_r03_s044,2.1,4,3,27,ising2d_t04_r03_seed25058,25058,down,1800,44,validation,-1.46,-0.765,0.765,0.14575000000000005
1395,d25_t04_r03_s045,2.1,4,3,27,ising2d_t04_r03_seed25058,25058,down,1840,45,validation,-1.8,-0.945,0.945,0.10212500000000002
1396,d25_t04_r03_s046,2.1,4,3,27,ising2d_t04_r03_seed25058,25058,down,1880,46,validation,-1.65,-0.88,0.88,0.12193750000000003
1397,d25_t04_r03_s047,2.1,4,3,27,ising2d_t04_r03_seed25058,25058,down,1920,47,validation,-1.61,-0.855,0.855,0.09243750000000003
1398,d25_t04_r03_s048,2.1,4,3,27,ising2d_t04_r03_seed25058,25058,down,1960,48,validation,-1.58,-0.84,0.84,0.10381249999999995
1399,d25_t04_r03_s049,2.1,4,3,27,ising2d_t04_r03_seed25058,25058,down,2000,49,validation,-1.77,-0.925,0.925,0.1004375
1400,d25_t04_r04_s000,2.1,4,4,28,ising2d_t04_r04_seed25076,25076,up,40,0,test,-1.76,0.92,0.92,0.11900000000000002
1401,d25_t04_r04_s001,2.1,4,4,28,ising2d_t04_r04_seed25076,25076,up,80,1,test,-1.9,0.965,0.965,0.1014375
1402,d25_t04_r04_s002,2.1,4,4,28,ising2d_t04_r04_seed25076,25076,up,120,2,test,-1.59,0.87,0.87,0.11056249999999997
1403,d25_t04_r04_s003,2.1,4,4,28,ising2d_t04_r04_seed25076,25076,up,160,3,test,-1.67,0.89,0.89,0.10037500000000002
1404,d25_t04_r04_s004,2.1,4,4,28,ising2d_t04_r04_seed25076,25076,up,200,4,test,-1.51,0.775,0.775,0.10893750000000002
1405,d25_t04_r04_s005,2.1,4,4,28,ising2d_t04_r04_seed25076,25076,up,240,5,test,-1.9,0.975,0.975,0.12499999999999997
1406,d25_t04_r04_s006,2.1,4,4,28,ising2d_t04_r04_seed25076,25076,up,280,6,test,-1.65,0.865,0.865,0.09975
1407,d25_t04_r04_s007,2.1,4,4,28,ising2d_t04_r04_seed25076,25076,up,320,7,test,-1.66,0.885,0.885,0.10075
1408,d25_t04_r04_s008,2.1,4,4,28,ising2d_t04_r04_seed25076,25076,up,360,8,test,-1.69,0.9,0.9,0.0961875
1409,d25_t04_r04_s009,2.1,4,4,28,ising2d_t04_r04_seed25076,25076,up,400,9,test,-1.58,0.83,0.83,0.13662499999999994
1410,d25_t04_r04_s010,2.1,4,4,28,ising2d_t04_r04_seed25076,25076,up,440,10,test,-1.72,0.915,0.915,0.10868750000000002
1411,d25_t04_r04_s011,2.1,4,4,28,ising2d_t04_r04_seed25076,25076,up,480,11,test,-1.69,0.9,0.9,0.10068750000000001
1412,d25_t04_r04_s012,2.1,4,4,28,ising2d_t04_r04_seed25076,25076,up,520,12,test,-1.78,0.9,0.9,0.10712499999999998
1413,d25_t04_r04_s013,2.1,4,4,28,ising2d_t04_r04_seed25076,25076,up,560,13,test,-1.62,0.825,0.825,0.09243750000000002
1414,d25_t04_r04_s014,2.1,4,4,28,ising2d_t04_r04_seed25076,25076,up,600,14,test,-1.44,0.74,0.74,0.11618750000000003
1415,d25_t04_r04_s015,2.1,4,4,28,ising2d_t04_r04_seed25076,25076,up,640,15,test,-1.88,0.97,0.97,0.12112500000000004
1416,d25_t04_r04_s016,2.1,4,4,28,ising2d_t04_r04_seed25076,25076,up,680,16,test,-1.64,0.885,0.885,0.0995625
1417,d25_t04_r04_s017,2.1,4,4,28,ising2d_t04_r04_seed25076,25076,up,720,17,test,-1.69,0.9,0.9,0.09506250000000001
1418,d25_t04_r04_s018,2.1,4,4,28,ising2d_t04_r04_seed25076,25076,up,760,18,test,-1.72,0.92,0.92,0.1045
1419,d25_t04_r04_s019,2.1,4,4,28,ising2d_t04_r04_seed25076,25076,up,800,19,test,-1.7,0.895,0.895,0.09081249999999999
1420,d25_t04_r04_s020,2.1,4,4,28,ising2d_t04_r04_seed25076,25076,up,840,20,test,-1.63,0.865,0.865,0.124875
1421,d25_t04_r04_s021,2.1,4,4,28,ising2d_t04_r04_seed25076,25076,up,880,21,test,-1.52,0.8,0.8,0.13443750000000007
1422,d25_t04_r04_s022,2.1,4,4,28,ising2d_t04_r04_seed25076,25076,up,920,22,test,-1.57,0.87,0.87,0.123875
1423,d25_t04_r04_s023,2.1,4,4,28,ising2d_t04_r04_seed25076,25076,up,960,23,test,-1.7,0.9,0.9,0.08912500000000002
1424,d25_t04_r04_s024,2.1,4,4,28,ising2d_t04_r04_seed25076,25076,up,1000,24,test,-1.72,0.905,0.905,0.1053125
1425,d25_t04_r04_s025,2.1,4,4,28,ising2d_t04_r04_seed25076,25076,up,1040,25,test,-1.8,0.93,0.93,0.09881250000000001
1426,d25_t04_r04_s026,2.1,4,4,28,ising2d_t04_r04_seed25076,25076,up,1080,26,test,-1.56,0.84,0.84,0.10787500000000003
1427,d25_t04_r04_s027,2.1,4,4,28,ising2d_t04_r04_seed25076,25076,up,1120,27,test,-1.65,0.885,0.885,0.10193749999999999
1428,d25_t04_r04_s028,2.1,4,4,28,ising2d_t04_r04_seed25076,25076,up,1160,28,test,-1.54,0.85,0.85,0.11431250000000001
1429,d25_t04_r04_s029,2.1,4,4,28,ising2d_t04_r04_seed25076,25076,up,1200,29,test,-1.57,0.86,0.86,0.10650000000000004
1430,d25_t04_r04_s030,2.1,4,4,28,ising2d_t04_r04_seed25076,25076,up,1240,30,test,-1.67,0.87,0.87,0.08850000000000002
1431,d25_t04_r04_s031,2.1,4,4,28,ising2d_t04_r04_seed25076,25076,up,1280,31,test,-1.61,0.87,0.87,0.0935
1432,d25_t04_r04_s032,2.1,4,4,28,ising2d_t04_r04_seed25076,25076,up,1320,32,test,-1.7,0.89,0.89,0.11587499999999999
1433,d25_t04_r04_s033,2.1,4,4,28,ising2d_t04_r04_seed25076,25076,up,1360,33,test,-1.48,0.74,0.74,0.113125
1434,d25_t04_r04_s034,2.1,4,4,28,ising2d_t04_r04_seed25076,25076,up,1400,34,test,-1.87,0.965,0.965,0.14306250000000004
1435,d25_t04_r04_s035,2.1,4,4,28,ising2d_t04_r04_seed25076,25076,up,1440,35,test,-1.66,0.9,0.9,0.12081250000000003
1436,d25_t04_r04_s036,2.1,4,4,28,ising2d_t04_r04_seed25076,25076,up,1480,36,test,-1.73,0.92,0.92,0.10200000000000002
1437,d25_t04_r04_s037,2.1,4,4,28,ising2d_t04_r04_seed25076,25076,up,1520,37,test,-1.63,0.89,0.89,0.09762500000000003
1438,d25_t04_r04_s038,2.1,4,4,28,ising2d_t04_r04_seed25076,25076,up,1560,38,test,-1.76,0.925,0.925,0.08831249999999997
1439,d25_t04_r04_s039,2.1,4,4,28,ising2d_t04_r04_seed25076,25076,up,1600,39,test,-1.37,0.455,0.455,0.133625
1440,d25_t04_r04_s040,2.1,4,4,28,ising2d_t04_r04_seed25076,25076,up,1640,40,test,-1.74,0.925,0.925,0.1325
1441,d25_t04_r04_s041,2.1,4,4,28,ising2d_t04_r04_seed25076,25076,up,1680,41,test,-1.82,0.94,0.94,0.10093750000000004
1442,d25_t04_r04_s042,2.1,4,4,28,ising2d_t04_r04_seed25076,25076,up,1720,42,test,-1.59,0.85,0.85,0.096625
1443,d25_t04_r04_s043,2.1,4,4,28,ising2d_t04_r04_seed25076,25076,up,1760,43,test,-1.86,0.965,0.965,0.12743749999999998
1444,d25_t04_r04_s044,2.1,4,4,28,ising2d_t04_r04_seed25076,25076,up,1800,44,test,-1.7,0.885,0.885,0.098375
1445,d25_t04_r04_s045,2.1,4,4,28,ising2d_t04_r04_seed25076,25076,up,1840,45,test,-1.58,0.855,0.855,0.11287500000000002
1446,d25_t04_r04_s046,2.1,4,4,28,ising2d_t04_r04_seed25076,25076,up,1880,46,test,-1.66,0.865,0.865,0.08412500000000002
1447,d25_t04_r04_s047,2.1,4,4,28,ising2d_t04_r04_seed25076,25076,up,1920,47,test,-1.55,0.85,0.85,0.09781250000000001
1448,d25_t04_r04_s048,2.1,4,4,28,ising2d_t04_r04_seed25076,25076,up,1960,48,test,-1.54,0.825,0.825,0.11031250000000001
1449,d25_t04_r04_s049,2.1,4,4,28,ising2d_t04_r04_seed25076,25076,up,2000,49,test,-1.73,0.845,0.845,0.11862500000000001
1450,d25_t04_r05_s000,2.1,4,5,29,ising2d_t04_r05_seed25094,25094,down,40,0,test,-1.64,-0.88,0.88,0.10962500000000001
1451,d25_t04_r05_s001,2.1,4,5,29,ising2d_t04_r05_seed25094,25094,down,80,1,test,-1.64,-0.87,0.87,0.10674999999999998
1452,d25_t04_r05_s002,2.1,4,5,29,ising2d_t04_r05_seed25094,25094,down,120,2,test,-1.5,-0.75,0.75,0.11125
1453,d25_t04_r05_s003,2.1,4,5,29,ising2d_t04_r05_seed25094,25094,down,160,3,test,-1.69,-0.915,0.915,0.12656249999999997
1454,d25_t04_r05_s004,2.1,4,5,29,ising2d_t04_r05_seed25094,25094,down,200,4,test,-1.71,-0.905,0.905,0.12274999999999998
1455,d25_t04_r05_s005,2.1,4,5,29,ising2d_t04_r05_seed25094,25094,down,240,5,test,-1.73,-0.92,0.92,0.11343750000000001
1456,d25_t04_r05_s006,2.1,4,5,29,ising2d_t04_r05_seed25094,25094,down,280,6,test,-1.69,-0.875,0.875,0.09256250000000002
1457,d25_t04_r05_s007,2.1,4,5,29,ising2d_t04_r05_seed25094,25094,down,320,7,test,-1.5,-0.755,0.755,0.125875
1458,d25_t04_r05_s008,2.1,4,5,29,ising2d_t04_r05_seed25094,25094,down,360,8,test,-1.64,-0.89,0.89,0.11756249999999999
1459,d25_t04_r05_s009,2.1,4,5,29,ising2d_t04_r05_seed25094,25094,down,400,9,test,-1.6,-0.85,0.85,0.10324999999999998
1460,d25_t04_r05_s010,2.1,4,5,29,ising2d_t04_r05_seed25094,25094,down,440,10,test,-1.67,-0.895,0.895,0.08831249999999999
1461,d25_t04_r05_s011,2.1,4,5,29,ising2d_t04_r05_seed25094,25094,down,480,11,test,-1.42,-0.72,0.72,0.11568750000000001
1462,d25_t04_r05_s012,2.1,4,5,29,ising2d_t04_r05_seed25094,25094,down,520,12,test,-1.66,-0.905,0.905,0.1589375
1463,d25_t04_r05_s013,2.1,4,5,29,ising2d_t04_r05_seed25094,25094,down,560,13,test,-1.64,-0.885,0.885,0.09075000000000001
1464,d25_t04_r05_s014,2.1,4,5,29,ising2d_t04_r05_seed25094,25094,down,600,14,test,-1.62,-0.86,0.86,0.09868750000000001
1465,d25_t04_r05_s015,2.1,4,5,29,ising2d_t04_r05_seed25094,25094,down,640,15,test,-1.5,-0.775,0.775,0.11868750000000003
1466,d25_t04_r05_s016,2.1,4,5,29,ising2d_t04_r05_seed25094,25094,down,680,16,test,-1.77,-0.94,0.94,0.10643750000000003
1467,d25_t04_r05_s017,2.1,4,5,29,ising2d_t04_r05_seed25094,25094,down,720,17,test,-1.72,-0.925,0.925,0.07693750000000002
1468,d25_t04_r05_s018,2.1,4,5,29,ising2d_t04_r05_seed25094,25094,down,760,18,test,-1.68,-0.885,0.885,0.105625
1469,d25_t04_r05_s019,2.1,4,5,29,ising2d_t04_r05_seed25094,25094,down,800,19,test,-1.65,-0.885,0.885,0.113125
1470,d25_t04_r05_s020,2.1,4,5,29,ising2d_t04_r05_seed25094,25094,down,840,20,test,-1.63,-0.89,0.89,0.10931249999999999
1471,d25_t04_r05_s021,2.1,4,5,29,ising2d_t04_r05_seed25094,25094,down,880,21,test,-1.57,-0.865,0.865,0.1315625
1472,d25_t04_r05_s022,2.1,4,5,29,ising2d_t04_r05_seed25094,25094,down,920,22,test,-1.75,-0.925,0.925,0.08700000000000001
1473,d25_t04_r05_s023,2.1,4,5,29,ising2d_t04_r05_seed25094,25094,down,960,23,test,-1.64,-0.85,0.85,0.1074375
1474,d25_t04_r05_s024,2.1,4,5,29,ising2d_t04_r05_seed25094,25094,down,1000,24,test,-1.62,-0.85,0.85,0.0985
1475,d25_t04_r05_s025,2.1,4,5,29,ising2d_t04_r05_seed25094,25094,down,1040,25,test,-1.83,-0.95,0.95,0.1005
1476,d25_t04_r05_s026,2.1,4,5,29,ising2d_t04_r05_seed25094,25094,down,1080,26,test,-1.72,-0.895,0.895,0.09556250000000002
1477,d25_t04_r05_s027,2.1,4,5,29,ising2d_t04_r05_seed25094,25094,down,1120,27,test,-1.5,-0.76,0.76,0.11118750000000002
1478,d25_t04_r05_s028,2.1,4,5,29,ising2d_t04_r05_seed25094,25094,down,1160,28,test,-1.72,-0.895,0.895,0.1289375
1479,d25_t04_r05_s029,2.1,4,5,29,ising2d_t04_r05_seed25094,25094,down,1200,29,test,-1.72,-0.88,0.88,0.10668749999999998
1480,d25_t04_r05_s030,2.1,4,5,29,ising2d_t04_r05_seed25094,25094,down,1240,30,test,-1.72,-0.895,0.895,0.10356249999999997
1481,d25_t04_r05_s031,2.1,4,5,29,ising2d_t04_r05_seed25094,25094,down,1280,31,test,-1.75,-0.925,0.925,0.091625
1482,d25_t04_r05_s032,2.1,4,5,29,ising2d_t04_r05_seed25094,25094,down,1320,32,test,-1.76,-0.905,0.905,0.10500000000000001
1483,d25_t04_r05_s033,2.1,4,5,29,ising2d_t04_r05_seed25094,25094,down,1360,33,test,-1.55,-0.795,0.795,0.135
1484,d25_t04_r05_s034,2.1,4,5,29,ising2d_t04_r05_seed25094,25094,down,1400,34,test,-1.66,-0.885,0.885,0.13400000000000004
1485,d25_t04_r05_s035,2.1,4,5,29,ising2d_t04_r05_seed25094,25094,down,1440,35,test,-1.76,-0.93,0.93,0.09706249999999997
1486,d25_t04_r05_s036,2.1,4,5,29,ising2d_t04_r05_seed25094,25094,down,1480,36,test,-1.52,-0.81,0.81,0.10100000000000002
1487,d25_t04_r05_s037,2.1,4,5,29,ising2d_t04_r05_seed25094,25094,down,1520,37,test,-1.57,-0.86,0.86,0.12224999999999997
1488,d25_t04_r05_s038,2.1,4,5,29,ising2d_t04_r05_seed25094,25094,down,1560,38,test,-1.51,-0.815,0.815,0.1161875
1489,d25_t04_r05_s039,2.1,4,5,29,ising2d_t04_r05_seed25094,25094,down,1600,39,test,-1.58,-0.835,0.835,0.10225000000000002
1490,d25_t04_r05_s040,2.1,4,5,29,ising2d_t04_r05_seed25094,25094,down,1640,40,test,-1.59,-0.87,0.87,0.1101875
1491,d25_t04_r05_s041,2.1,4,5,29,ising2d_t04_r05_seed25094,25094,down,1680,41,test,-1.61,-0.845,0.845,0.15131250000000002
1492,d25_t04_r05_s042,2.1,4,5,29,ising2d_t04_r05_seed25094,25094,down,1720,42,test,-1.4,-0.555,0.555,0.14725
1493,d25_t04_r05_s043,2.1,4,5,29,ising2d_t04_r05_seed25094,25094,down,1760,43,test,-1.79,-0.925,0.925,0.11674999999999998
1494,d25_t04_r05_s044,2.1,4,5,29,ising2d_t04_r05_seed25094,25094,down,1800,44,test,-1.79,-0.935,0.935,0.09199999999999997
1495,d25_t04_r05_s045,2.1,4,5,29,ising2d_t04_r05_seed25094,25094,down,1840,45,test,-1.59,-0.86,0.86,0.11581249999999998
1496,d25_t04_r05_s046,2.1,4,5,29,ising2d_t04_r05_seed25094,25094,down,1880,46,test,-1.72,-0.92,0.92,0.09175
1497,d25_t04_r05_s047,2.1,4,5,29,ising2d_t04_r05_seed25094,25094,down,1920,47,test,-1.68,-0.915,0.915,0.11556249999999998
1498,d25_t04_r05_s048,2.1,4,5,29,ising2d_t04_r05_seed25094,25094,down,1960,48,test,-1.63,-0.895,0.895,0.10937500000000003
1499,d25_t04_r05_s049,2.1,4,5,29,ising2d_t04_r05_seed25094,25094,down,2000,49,test,-1.81,-0.94,0.94,0.12181250000000002
1500,d25_t05_r00_s000,2.15,5,0,30,ising2d_t05_r00_seed25005,25005,up,40,0,train,-1.63,0.85,0.85,0.1104375
1501,d25_t05_r00_s001,2.15,5,0,30,ising2d_t05_r00_seed25005,25005,up,80,1,train,-1.65,0.87,0.87,0.12825000000000003
1502,d25_t05_r00_s002,2.15,5,0,30,ising2d_t05_r00_seed25005,25005,up,120,2,train,-1.76,0.925,0.925,0.10906249999999999
1503,d25_t05_r00_s003,2.15,5,0,30,ising2d_t05_r00_seed25005,25005,up,160,3,train,-1.49,0.825,0.825,0.11237499999999997
1504,d25_t05_r00_s004,2.15,5,0,30,ising2d_t05_r00_seed25005,25005,up,200,4,train,-1.59,0.855,0.855,0.108375
1505,d25_t05_r00_s005,2.15,5,0,30,ising2d_t05_r00_seed25005,25005,up,240,5,train,-1.44,0.705,0.705,0.15875
1506,d25_t05_r00_s006,2.15,5,0,30,ising2d_t05_r00_seed25005,25005,up,280,6,train,-1.61,0.84,0.84,0.17168750000000005
1507,d25_t05_r00_s007,2.15,5,0,30,ising2d_t05_r00_seed25005,25005,up,320,7,train,-1.7,0.91,0.91,0.131625
1508,d25_t05_r00_s008,2.15,5,0,30,ising2d_t05_r00_seed25005,25005,up,360,8,train,-1.65,0.875,0.875,0.11893750000000003
1509,d25_t05_r00_s009,2.15,5,0,30,ising2d_t05_r00_seed25005,25005,up,400,9,train,-1.59,0.815,0.815,0.13337500000000002
1510,d25_t05_r00_s010,2.15,5,0,30,ising2d_t05_r00_seed25005,25005,up,440,10,train,-1.71,0.915,0.915,0.11900000000000002
1511,d25_t05_r00_s011,2.15,5,0,30,ising2d_t05_r00_seed25005,25005,up,480,11,train,-1.75,0.935,0.935,0.10037500000000002
1512,d25_t05_r00_s012,2.15,5,0,30,ising2d_t05_r00_seed25005,25005,up,520,12,train,-1.79,0.915,0.915,0.10125000000000002
1513,d25_t05_r00_s013,2.15,5,0,30,ising2d_t05_r00_seed25005,25005,up,560,13,train,-1.42,0.65,0.65,0.14306250000000004
1514,d25_t05_r00_s014,2.15,5,0,30,ising2d_t05_r00_seed25005,25005,up,600,14,train,-1.66,0.885,0.885,0.13718749999999993
1515,d25_t05_r00_s015,2.15,5,0,30,ising2d_t05_r00_seed25005,25005,up,640,15,train,-1.8,0.93,0.93,0.11318749999999997
1516,d25_t05_r00_s016,2.15,5,0,30,ising2d_t05_r00_seed25005,25005,up,680,16,train,-1.58,0.845,0.845,0.10981249999999998
1517,d25_t05_r00_s017,2.15,5,0,30,ising2d_t05_r00_seed25005,25005,up,720,17,train,-1.44,0.51,0.51,0.13018749999999998
1518,d25_t05_r00_s018,2.15,5,0,30,ising2d_t05_r00_seed25005,25005,up,760,18,train,-1.57,0.825,0.825,0.16031249999999997
1519,d25_t05_r00_s019,2.15,5,0,30,ising2d_t05_r00_seed25005,25005,up,800,19,train,-1.6,0.855,0.855,0.13062499999999996
1520,d25_t05_r00_s020,2.15,5,0,30,ising2d_t05_r00_seed25005,25005,up,840,20,train,-1.59,0.775,0.775,0.12212499999999997
1521,d25_t05_r00_s021,2.15,5,0,30,ising2d_t05_r00_seed25005,25005,up,880,21,train,-1.71,0.905,0.905,0.14674999999999994
1522,d25_t05_r00_s022,2.15,5,0,30,ising2d_t05_r00_seed25005,25005,up,920,22,train,-1.64,0.875,0.875,0.14824999999999997
1523,d25_t05_r00_s023,2.15,5,0,30,ising2d_t05_r00_seed25005,25005,up,960,23,train,-1.51,0.83,0.83,0.1230625
1524,d25_t05_r00_s024,2.15,5,0,30,ising2d_t05_r00_seed25005,25005,up,1000,24,train,-1.63,0.83,0.83,0.12200000000000003
1525,d25_t05_r00_s025,2.15,5,0,30,ising2d_t05_r00_seed25005,25005,up,1040,25,train,-1.74,0.915,0.915,0.1293125
1526,d25_t05_r00_s026,2.15,5,0,30,ising2d_t05_r00_seed25005,25005,up,1080,26,train,-1.57,0.855,0.855,0.10337499999999997
1527,d25_t05_r00_s027,2.15,5,0,30,ising2d_t05_r00_seed25005,25005,up,1120,27,train,-1.67,0.895,0.895,0.11187499999999999
1528,d25_t05_r00_s028,2.15,5,0,30,ising2d_t05_r00_seed25005,25005,up,1160,28,train,-1.47,0.705,0.705,0.14962500000000004
1529,d25_t05_r00_s029,2.15,5,0,30,ising2d_t05_r00_seed25005,25005,up,1200,29,train,-1.6,0.81,0.81,0.12256249999999995
1530,d25_t05_r00_s030,2.15,5,0,30,ising2d_t05_r00_seed25005,25005,up,1240,30,train,-1.79,0.935,0.935,0.14306249999999998
1531,d25_t05_r00_s031,2.15,5,0,30,ising2d_t05_r00_seed25005,25005,up,1280,31,train,-1.64,0.875,0.875,0.11425000000000003
1532,d25_t05_r00_s032,2.15,5,0,30,ising2d_t05_r00_seed25005,25005,up,1320,32,train,-1.57,0.835,0.835,0.10850000000000001
1533,d25_t05_r00_s033,2.15,5,0,30,ising2d_t05_r00_seed25005,25005,up,1360,33,train,-1.58,0.855,0.855,0.10500000000000001
1534,d25_t05_r00_s034,2.15,5,0,30,ising2d_t05_r00_seed25005,25005,up,1400,34,train,-1.84,0.955,0.955,0.10375000000000005
1535,d25_t05_r00_s035,2.15,5,0,30,ising2d_t05_r00_seed25005,25005,up,1440,35,train,-1.33,0.73,0.73,0.09993750000000003
1536,d25_t05_r00_s036,2.15,5,0,30,ising2d_t05_r00_seed25005,25005,up,1480,36,train,-1.66,0.865,0.865,0.11918749999999997
1537,d25_t05_r00_s037,2.15,5,0,30,ising2d_t05_r00_seed25005,25005,up,1520,37,train,-1.65,0.855,0.855,0.126125
1538,d25_t05_r00_s038,2.15,5,0,30,ising2d_t05_r00_seed25005,25005,up,1560,38,train,-1.47,0.845,0.845,0.13625
1539,d25_t05_r00_s039,2.15,5,0,30,ising2d_t05_r00_seed25005,25005,up,1600,39,train,-1.68,0.855,0.855,0.12050000000000001
1540,d25_t05_r00_s040,2.15,5,0,30,ising2d_t05_r00_seed25005,25005,up,1640,40,train,-1.63,0.865,0.865,0.13099999999999998
1541,d25_t05_r00_s041,2.15,5,0,30,ising2d_t05_r00_seed25005,25005,up,1680,41,train,-1.73,0.885,0.885,0.1395
1542,d25_t05_r00_s042,2.15,5,0,30,ising2d_t05_r00_seed25005,25005,up,1720,42,train,-1.64,0.885,0.885,0.10062500000000005
1543,d25_t05_r00_s043,2.15,5,0,30,ising2d_t05_r00_seed25005,25005,up,1760,43,train,-1.61,0.88,0.88,0.12506250000000005
1544,d25_t05_r00_s044,2.15,5,0,30,ising2d_t05_r00_seed25005,25005,up,1800,44,train,-1.63,0.865,0.865,0.12918749999999998
1545,d25_t05_r00_s045,2.15,5,0,30,ising2d_t05_r00_seed25005,25005,up,1840,45,train,-1.67,0.89,0.89,0.09931250000000001
1546,d25_t05_r00_s046,2.15,5,0,30,ising2d_t05_r00_seed25005,25005,up,1880,46,train,-1.61,0.855,0.855,0.1336875
1547,d25_t05_r00_s047,2.15,5,0,30,ising2d_t05_r00_seed25005,25005,up,1920,47,train,-1.62,0.885,0.885,0.10825
1548,d25_t05_r00_s048,2.15,5,0,30,ising2d_t05_r00_seed25005,25005,up,1960,48,train,-1.54,0.79,0.79,0.1024375
1549,d25_t05_r00_s049,2.15,5,0,30,ising2d_t05_r00_seed25005,25005,up,2000,49,train,-1.88,0.965,0.965,0.11543750000000001
1550,d25_t05_r01_s000,2.15,5,1,31,ising2d_t05_r01_seed25023,25023,down,40,0,train,-1.32,-0.51,0.51,0.166125
1551,d25_t05_r01_s001,2.15,5,1,31,ising2d_t05_r01_seed25023,25023,down,80,1,train,-1.43,-0.61,0.61,0.190625
1552,d25_t05_r01_s002,2.15,5,1,31,ising2d_t05_r01_seed25023,25023,down,120,2,train,-1.64,-0.88,0.88,0.13699999999999996
1553,d25_t05_r01_s003,2.15,5,1,31,ising2d_t05_r01_seed25023,25023,down,160,3,train,-1.69,-0.91,0.91,0.10537499999999997
1554,d25_t05_r01_s004,2.15,5,1,31,ising2d_t05_r01_seed25023,25023,down,200,4,train,-1.63,-0.86,0.86,0.1065
1555,d25_t05_r01_s005,2.15,5,1,31,ising2d_t05_r01_seed25023,25023,down,240,5,train,-1.62,-0.87,0.87,0.10337499999999997
1556,d25_t05_r01_s006,2.15,5,1,31,ising2d_t05_r01_seed25023,25023,down,280,6,train,-1.72,-0.905,0.905,0.0998125
1557,d25_t05_r01_s007,2.15,5,1,31,ising2d_t05_r01_seed25023,25023,down,320,7,train,-1.62,-0.825,0.825,0.17324999999999996
1558,d25_t05_r01_s008,2.15,5,1,31,ising2d_t05_r01_seed25023,25023,down,360,8,train,-1.69,-0.885,0.885,0.11625000000000003
1559,d25_t05_r01_s009,2.15,5,1,31,ising2d_t05_r01_seed25023,25023,down,400,9,train,-1.69,-0.91,0.91,0.11806250000000003
1560,d25_t05_r01_s010,2.15,5,1,31,ising2d_t05_r01_seed25023,25023,down,440,10,train,-1.69,-0.88,0.88,0.13062500000000002
1561,d25_t05_r01_s011,2.15,5,1,31,ising2d_t05_r01_seed25023,25023,down,480,11,train,-1.72,-0.905,0.905,0.10581250000000002
1562,d25_t05_r01_s012,2.15,5,1,31,ising2d_t05_r01_seed25023,25023,down,520,12,train,-1.49,-0.725,0.725,0.1145
1563,d25_t05_r01_s013,2.15,5,1,31,ising2d_t05_r01_seed25023,25023,down,560,13,train,-1.53,-0.785,0.785,0.12987500000000002
1564,d25_t05_r01_s014,2.15,5,1,31,ising2d_t05_r01_seed25023,25023,down,600,14,train,-1.68,-0.905,0.905,0.09749999999999999
1565,d25_t05_r01_s015,2.15,5,1,31,ising2d_t05_r01_seed25023,25023,down,640,15,train,-1.56,-0.835,0.835,0.12762499999999996
1566,d25_t05_r01_s016,2.15,5,1,31,ising2d_t05_r01_seed25023,25023,down,680,16,train,-1.45,-0.815,0.815,0.11562500000000002
1567,d25_t05_r01_s017,2.15,5,1,31,ising2d_t05_r01_seed25023,25023,down,720,17,train,-1.43,-0.705,0.705,0.15675
1568,d25_t05_r01_s018,2.15,5,1,31,ising2d_t05_r01_seed25023,25023,down,760,18,train,-1.63,-0.86,0.86,0.14618750000000003
1569,d25_t05_r01_s019,2.15,5,1,31,ising2d_t05_r01_seed25023,25023,down,800,19,train,-1.54,-0.85,0.85,0.12175000000000005
1570,d25_t05_r01_s020,2.15,5,1,31,ising2d_t05_r01_seed25023,25023,down,840,20,train,-1.52,-0.81,0.81,0.11512499999999996
1571,d25_t05_r01_s021,2.15,5,1,31,ising2d_t05_r01_seed25023,25023,down,880,21,train,-1.59,-0.815,0.815,0.1311875
1572,d25_t05_r01_s022,2.15,5,1,31,ising2d_t05_r01_seed25023,25023,down,920,22,train,-1.43,-0.745,0.745,0.16475
1573,d25_t05_r01_s023,2.15,5,1,31,ising2d_t05_r01_seed25023,25023,down,960,23,train,-1.49,-0.68,0.68,0.1721875
1574,d25_t05_r01_s024,2.15,5,1,31,ising2d_t05_r01_seed25023,25023,down,1000,24,train,-1.16,-0.325,0.325,0.22156250000000002
1575,d25_t05_r01_s025,2.15,5,1,31,ising2d_t05_r01_seed25023,25023,down,1040,25,train,-1.61,-0.75,0.75,0.20943750000000003
1576,d25_t05_r01_s026,2.15,5,1,31,ising2d_t05_r01_seed25023,25023,down,1080,26,train,-1.61,-0.865,0.865,0.1239375
1577,d25_t05_r01_s027,2.15,5,1,31,ising2d_t05_r01_seed25023,25023,down,1120,27,train,-1.44,-0.455,0.455,0.19649999999999998
1578,d25_t05_r01_s028,2.15,5,1,31,ising2d_t05_r01_seed25023,25023,down,1160,28,train,-1.61,-0.635,0.635,0.211
1579,d25_t05_r01_s029,2.15,5,1,31,ising2d_t05_r01_seed25023,25023,down,1200,29,train,-1.7,-0.885,0.885,0.13837500000000003
1580,d25_t05_r01_s030,2.15,5,1,31,ising2d_t05_r01_seed25023,25023,down,1240,30,train,-1.66,-0.83,0.83,0.11881249999999999
1581,d25_t05_r01_s031,2.15,5,1,31,ising2d_t05_r01_seed25023,25023,down,1280,31,train,-1.56,-0.82,0.82,0.12175
1582,d25_t05_r01_s032,2.15,5,1,31,ising2d_t05_r01_seed25023,25023,down,1320,32,train,-1.54,-0.815,0.815,0.12706250000000002
1583,d25_t05_r01_s033,2.15,5,1,31,ising2d_t05_r01_seed25023,25023,down,1360,33,train,-1.7,-0.875,0.875,0.13324999999999998
1584,d25_t05_r01_s034,2.15,5,1,31,ising2d_t05_r01_seed25023,25023,down,1400,34,train,-1.64,-0.84,0.84,0.11281250000000001
1585,d25_t05_r01_s035,2.15,5,1,31,ising2d_t05_r01_seed25023,25023,down,1440,35,train,-1.66,-0.895,0.895,0.10506249999999999
1586,d25_t05_r01_s036,2.15,5,1,31,ising2d_t05_r01_seed25023,25023,down,1480,36,train,-1.6,-0.785,0.785,0.13225000000000003
1587,d25_t05_r01_s037,2.15,5,1,31,ising2d_t05_r01_seed25023,25023,down,1520,37,train,-1.65,-0.89,0.89,0.11756250000000001
1588,d25_t05_r01_s038,2.15,5,1,31,ising2d_t05_r01_seed25023,25023,down,1560,38,train,-1.85,-0.96,0.96,0.11287500000000002
1589,d25_t05_r01_s039,2.15,5,1,31,ising2d_t05_r01_seed25023,25023,down,1600,39,train,-1.73,-0.865,0.865,0.11118749999999997
1590,d25_t05_r01_s040,2.15,5,1,31,ising2d_t05_r01_seed25023,25023,down,1640,40,train,-1.47,-0.795,0.795,0.12687500000000002
1591,d25_t05_r01_s041,2.15,5,1,31,ising2d_t05_r01_seed25023,25023,down,1680,41,train,-1.66,-0.875,0.875,0.11037499999999997
1592,d25_t05_r01_s042,2.15,5,1,31,ising2d_t05_r01_seed25023,25023,down,1720,42,train,-1.62,-0.865,0.865,0.13462500000000005
1593,d25_t05_r01_s043,2.15,5,1,31,ising2d_t05_r01_seed25023,25023,down,1760,43,train,-1.27,-0.67,0.67,0.1314375
1594,d25_t05_r01_s044,2.15,5,1,31,ising2d_t05_r01_seed25023,25023,down,1800,44,train,-1.65,-0.885,0.885,0.17581249999999998
1595,d25_t05_r01_s045,2.15,5,1,31,ising2d_t05_r01_seed25023,25023,down,1840,45,train,-1.54,-0.78,0.78,0.10931249999999999
1596,d25_t05_r01_s046,2.15,5,1,31,ising2d_t05_r01_seed25023,25023,down,1880,46,train,-1.62,-0.865,0.865,0.10581249999999998
1597,d25_t05_r01_s047,2.15,5,1,31,ising2d_t05_r01_seed25023,25023,down,1920,47,train,-1.69,-0.91,0.91,0.11118749999999997
1598,d25_t05_r01_s048,2.15,5,1,31,ising2d_t05_r01_seed25023,25023,down,1960,48,train,-1.39,-0.605,0.605,0.15156249999999996
1599,d25_t05_r01_s049,2.15,5,1,31,ising2d_t05_r01_seed25023,25023,down,2000,49,train,-1.88,-0.96,0.96,0.1455625
1600,d25_t05_r02_s000,2.15,5,2,32,ising2d_t05_r02_seed25041,25041,up,40,0,validation,-1.64,0.885,0.885,0.11837500000000001
1601,d25_t05_r02_s001,2.15,5,2,32,ising2d_t05_r02_seed25041,25041,up,80,1,validation,-1.55,0.82,0.82,0.10531250000000003
1602,d25_t05_r02_s002,2.15,5,2,32,ising2d_t05_r02_seed25041,25041,up,120,2,validation,-1.68,0.91,0.91,0.11012500000000006
1603,d25_t05_r02_s003,2.15,5,2,32,ising2d_t05_r02_seed25041,25041,up,160,3,validation,-1.77,0.925,0.925,0.09556250000000001
1604,d25_t05_r02_s004,2.15,5,2,32,ising2d_t05_r02_seed25041,25041,up,200,4,validation,-1.45,0.795,0.795,0.116375
1605,d25_t05_r02_s005,2.15,5,2,32,ising2d_t05_r02_seed25041,25041,up,240,5,validation,-1.65,0.89,0.89,0.1233125
1606,d25_t05_r02_s006,2.15,5,2,32,ising2d_t05_r02_seed25041,25041,up,280,6,validation,-1.76,0.92,0.92,0.12337499999999998
1607,d25_t05_r02_s007,2.15,5,2,32,ising2d_t05_r02_seed25041,25041,up,320,7,validation,-1.58,0.835,0.835,0.1066875
1608,d25_t05_r02_s008,2.15,5,2,32,ising2d_t05_r02_seed25041,25041,up,360,8,validation,-1.69,0.895,0.895,0.10724999999999998
1609,d25_t05_r02_s009,2.15,5,2,32,ising2d_t05_r02_seed25041,25041,up,400,9,validation,-1.67,0.905,0.905,0.13225000000000003
1610,d25_t05_r02_s010,2.15,5,2,32,ising2d_t05_r02_seed25041,25041,up,440,10,validation,-1.7,0.88,0.88,0.1345625
1611,d25_t05_r02_s011,2.15,5,2,32,ising2d_t05_r02_seed25041,25041,up,480,11,validation,-1.5,0.755,0.755,0.1339375
1612,d25_t05_r02_s012,2.15,5,2,32,ising2d_t05_r02_seed25041,25041,up,520,12,validation,-1.67,0.88,0.88,0.12181249999999999
1613,d25_t05_r02_s013,2.15,5,2,32,ising2d_t05_r02_seed25041,25041,up,560,13,validation,-1.63,0.785,0.785,0.11568749999999998
1614,d25_t05_r02_s014,2.15,5,2,32,ising2d_t05_r02_seed25041,25041,up,600,14,validation,-1.66,0.88,0.88,0.11668750000000001
1615,d25_t05_r02_s015,2.15,5,2,32,ising2d_t05_r02_seed25041,25041,up,640,15,validation,-1.72,0.915,0.915,0.1171875
1616,d25_t05_r02_s016,2.15,5,2,32,ising2d_t05_r02_seed25041,25041,up,680,16,validation,-1.74,0.915,0.915,0.10899999999999999
1617,d25_t05_r02_s017,2.15,5,2,32,ising2d_t05_r02_seed25041,25041,up,720,17,validation,-1.54,0.78,0.78,0.12781250000000005
1618,d25_t05_r02_s018,2.15,5,2,32,ising2d_t05_r02_seed25041,25041,up,760,18,validation,-1.51,0.805,0.805,0.1364375
1619,d25_t05_r02_s019,2.15,5,2,32,ising2d_t05_r02_seed25041,25041,up,800,19,validation,-1.75,0.93,0.93,0.12468750000000002
1620,d25_t05_r02_s020,2.15,5,2,32,ising2d_t05_r02_seed25041,25041,up,840,20,validation,-1.67,0.9,0.9,0.11174999999999999
1621,d25_t05_r02_s021,2.15,5,2,32,ising2d_t05_r02_seed25041,25041,up,880,21,validation,-1.6,0.845,0.845,0.12293749999999996
1622,d25_t05_r02_s022,2.15,5,2,32,ising2d_t05_r02_seed25041,25041,up,920,22,validation,-1.48,0.745,0.745,0.12612500000000004
1623,d25_t05_r02_s023,2.15,5,2,32,ising2d_t05_r02_seed25041,25041,up,960,23,validation,-1.72,0.92,0.92,0.1078125
1624,d25_t05_r02_s024,2.15,5,2,32,ising2d_t05_r02_seed25041,25041,up,1000,24,validation,-1.5,0.765,0.765,0.12906249999999997
1625,d25_t05_r02_s025,2.15,5,2,32,ising2d_t05_r02_seed25041,25041,up,1040,25,validation,-1.69,0.905,0.905,0.13399999999999998
1626,d25_t05_r02_s026,2.15,5,2,32,ising2d_t05_r02_seed25041,25041,up,1080,26,validation,-1.63,0.805,0.805,0.10162500000000001
1627,d25_t05_r02_s027,2.15,5,2,32,ising2d_t05_r02_seed25041,25041,up,1120,27,validation,-1.49,0.825,0.825,0.09737499999999999
1628,d25_t05_r02_s028,2.15,5,2,32,ising2d_t05_r02_seed25041,25041,up,1160,28,validation,-1.77,0.89,0.89,0.12193750000000003
1629,d25_t05_r02_s029,2.15,5,2,32,ising2d_t05_r02_seed25041,25041,up,1200,29,validation,-1.63,0.87,0.87,0.10687499999999997
1630,d25_t05_r02_s030,2.15,5,2,32,ising2d_t05_r02_seed25041,25041,up,1240,30,validation,-1.76,0.92,0.92,0.11412499999999999
1631,d25_t05_r02_s031,2.15,5,2,32,ising2d_t05_r02_seed25041,25041,up,1280,31,validation,-1.61,0.82,0.82,0.11925000000000001
1632,d25_t05_r02_s032,2.15,5,2,32,ising2d_t05_r02_seed25041,25041,up,1320,32,validation,-1.48,0.775,0.775,0.1284375
1633,d25_t05_r02_s033,2.15,5,2,32,ising2d_t05_r02_seed25041,25041,up,1360,33,validation,-1.36,0.74,0.74,0.1581875
1634,d25_t05_r02_s034,2.15,5,2,32,ising2d_t05_r02_seed25041,25041,up,1400,34,validation,-1.59,0.86,0.86,0.15212499999999998
1635,d25_t05_r02_s035,2.15,5,2,32,ising2d_t05_r02_seed25041,25041,up,1440,35,validation,-1.54,0.84,0.84,0.12474999999999996
1636,d25_t05_r02_s036,2.15,5,2,32,ising2d_t05_r02_seed25041,25041,up,1480,36,validation,-1.69,0.89,0.89,0.113125
1637,d25_t05_r02_s037,2.15,5,2,32,ising2d_t05_r02_seed25041,25041,up,1520,37,validation,-1.59,0.82,0.82,0.11462500000000002
1638,d25_t05_r02_s038,2.15,5,2,32,ising2d_t05_r02_seed25041,25041,up,1560,38,validation,-1.5,0.8,0.8,0.13012500000000002
1639,d25_t05_r02_s039,2.15,5,2,32,ising2d_t05_r02_seed25041,25041,up,1600,39,validation,-1.77,0.93,0.93,0.138125
1640,d25_t05_r02_s040,2.15,5,2,32,ising2d_t05_r02_seed25041,25041,up,1640,40,validation,-1.65,0.89,0.89,0.135125
1641,d25_t05_r02_s041,2.15,5,2,32,ising2d_t05_r02_seed25041,25041,up,1680,41,validation,-1.74,0.93,0.93,0.10149999999999997
1642,d25_t05_r02_s042,2.15,5,2,32,ising2d_t05_r02_seed25041,25041,up,1720,42,validation,-1.77,0.925,0.925,0.0983125
1643,d25_t05_r02_s043,2.15,5,2,32,ising2d_t05_r02_seed25041,25041,up,1760,43,validation,-1.58,0.825,0.825,0.10512500000000002
1644,d25_t05_r02_s044,2.15,5,2,32,ising2d_t05_r02_seed25041,25041,up,1800,44,validation,-1.69,0.905,0.905,0.11950000000000001
1645,d25_t05_r02_s045,2.15,5,2,32,ising2d_t05_r02_seed25041,25041,up,1840,45,validation,-1.71,0.905,0.905,0.09974999999999999
1646,d25_t05_r02_s046,2.15,5,2,32,ising2d_t05_r02_seed25041,25041,up,1880,46,validation,-1.59,0.7,0.7,0.13118749999999998
1647,d25_t05_r02_s047,2.15,5,2,32,ising2d_t05_r02_seed25041,25041,up,1920,47,validation,-1.47,0.75,0.75,0.15762500000000002
1648,d25_t05_r02_s048,2.15,5,2,32,ising2d_t05_r02_seed25041,25041,up,1960,48,validation,-1.61,0.84,0.84,0.12825
1649,d25_t05_r02_s049,2.15,5,2,32,ising2d_t05_r02_seed25041,25041,up,2000,49,validation,-1.71,0.925,0.925,0.13231249999999997
1650,d25_t05_r03_s000,2.15,5,3,33,ising2d_t05_r03_seed25059,25059,down,40,0,validation,-1.5,-0.795,0.795,0.19812500000000002
1651,d25_t05_r03_s001,2.15,5,3,33,ising2d_t05_r03_seed25059,25059,down,80,1,validation,-1.47,-0.805,0.805,0.142625
1652,d25_t05_r03_s002,2.15,5,3,33,ising2d_t05_r03_seed25059,25059,down,120,2,validation,-1.46,-0.46,0.46,0.1864375
1653,d25_t05_r03_s003,2.15,5,3,33,ising2d_t05_r03_seed25059,25059,down,160,3,validation,-1.62,-0.805,0.805,0.15406250000000002
1654,d25_t05_r03_s004,2.15,5,3,33,ising2d_t05_r03_seed25059,25059,down,200,4,validation,-1.66,-0.91,0.91,0.11881249999999996
1655,d25_t05_r03_s005,2.15,5,3,33,ising2d_t05_r03_seed25059,25059,down,240,5,validation,-1.61,-0.88,0.88,0.087
1656,d25_t05_r03_s006,2.15,5,3,33,ising2d_t05_r03_seed25059,25059,down,280,6,validation,-1.68,-0.915,0.915,0.11293749999999998
1657,d25_t05_r03_s007,2.15,5,3,33,ising2d_t05_r03_seed25059,25059,down,320,7,validation,-1.46,-0.795,0.795,0.11349999999999998
1658,d25_t05_r03_s008,2.15,5,3,33,ising2d_t05_r03_seed25059,25059,down,360,8,validation,-1.48,-0.815,0.815,0.13624999999999998
1659,d25_t05_r03_s009,2.15,5,3,33,ising2d_t05_r03_seed25059,25059,down,400,9,validation,-1.73,-0.895,0.895,0.13387499999999997
1660,d25_t05_r03_s010,2.15,5,3,33,ising2d_t05_r03_seed25059,25059,down,440,10,validation,-1.55,-0.775,0.775,0.14037500000000003
1661,d25_t05_r03_s011,2.15,5,3,33,ising2d_t05_r03_seed25059,25059,down,480,11,validation,-1.35,-0.705,0.705,0.18312499999999998
1662,d25_t05_r03_s012,2.15,5,3,33,ising2d_t05_r03_seed25059,25059,down,520,12,validation,-1.53,-0.785,0.785,0.13537500000000002
1663,d25_t05_r03_s013,2.15,5,3,33,ising2d_t05_r03_seed25059,25059,down,560,13,validation,-1.73,-0.9,0.9,0.10718749999999996
1664,d25_t05_r03_s014,2.15,5,3,33,ising2d_t05_r03_seed25059,25059,down,600,14,validation,-1.68,-0.89,0.89,0.12050000000000001
1665,d25_t05_r03_s015,2.15,5,3,33,ising2d_t05_r03_seed25059,25059,down,640,15,validation,-1.6,-0.835,0.835,0.1375625
1666,d25_t05_r03_s016,2.15,5,3,33,ising2d_t05_r03_seed25059,25059,down,680,16,validation,-1.71,-0.89,0.89,0.11656249999999999
1667,d25_t05_r03_s017,2.15,5,3,33,ising2d_t05_r03_seed25059,25059,down,720,17,validation,-1.5,-0.715,0.715,0.13568750000000002
1668,d25_t05_r03_s018,2.15,5,3,33,ising2d_t05_r03_seed25059,25059,down,760,18,validation,-1.59,-0.75,0.75,0.16531249999999997
1669,d25_t05_r03_s019,2.15,5,3,33,ising2d_t05_r03_seed25059,25059,down,800,19,validation,-1.62,-0.865,0.865,0.14568750000000003
1670,d25_t05_r03_s020,2.15,5,3,33,ising2d_t05_r03_seed25059,25059,down,840,20,validation,-1.61,-0.845,0.845,0.12825
1671,d25_t05_r03_s021,2.15,5,3,33,ising2d_t05_r03_seed25059,25059,down,880,21,validation,-1.68,-0.85,0.85,0.10931249999999999
1672,d25_t05_r03_s022,2.15,5,3,33,ising2d_t05_r03_seed25059,25059,down,920,22,validation,-1.64,-0.885,0.885,0.1335625
1673,d25_t05_r03_s023,2.15,5,3,33,ising2d_t05_r03_seed25059,25059,down,960,23,validation,-1.52,-0.765,0.765,0.14687499999999998
1674,d25_t05_r03_s024,2.15,5,3,33,ising2d_t05_r03_seed25059,25059,down,1000,24,validation,-1.64,-0.89,0.89,0.10143750000000003
1675,d25_t05_r03_s025,2.15,5,3,33,ising2d_t05_r03_seed25059,25059,down,1040,25,validation,-1.57,-0.84,0.84,0.11199999999999999
1676,d25_t05_r03_s026,2.15,5,3,33,ising2d_t05_r03_seed25059,25059,down,1080,26,validation,-1.64,-0.895,0.895,0.10068750000000001
1677,d25_t05_r03_s027,2.15,5,3,33,ising2d_t05_r03_seed25059,25059,down,1120,27,validation,-1.58,-0.845,0.845,0.12275
1678,d25_t05_r03_s028,2.15,5,3,33,ising2d_t05_r03_seed25059,25059,down,1160,28,validation,-1.54,-0.845,0.845,0.12537500000000004
1679,d25_t05_r03_s029,2.15,5,3,33,ising2d_t05_r03_seed25059,25059,down,1200,29,validation,-1.75,-0.93,0.93,0.1291875
1680,d25_t05_r03_s030,2.15,5,3,33,ising2d_t05_r03_seed25059,25059,down,1240,30,validation,-1.54,-0.845,0.845,0.11456250000000004
1681,d25_t05_r03_s031,2.15,5,3,33,ising2d_t05_r03_seed25059,25059,down,1280,31,validation,-1.44,-0.79,0.79,0.12693749999999998
1682,d25_t05_r03_s032,2.15,5,3,33,ising2d_t05_r03_seed25059,25059,down,1320,32,validation,-1.66,-0.865,0.865,0.1354375
1683,d25_t05_r03_s033,2.15,5,3,33,ising2d_t05_r03_seed25059,25059,down,1360,33,validation,-1.67,-0.88,0.88,0.1234375
1684,d25_t05_r03_s034,2.15,5,3,33,ising2d_t05_r03_seed25059,25059,down,1400,34,validation,-1.72,-0.89,0.89,0.09637499999999997
1685,d25_t05_r03_s035,2.15,5,3,33,ising2d_t05_r03_seed25059,25059,down,1440,35,validation,-1.67,-0.895,0.895,0.12518749999999995
1686,d25_t05_r03_s036,2.15,5,3,33,ising2d_t05_r03_seed25059,25059,down,1480,36,validation,-1.6,-0.81,0.81,0.1114375
1687,d25_t05_r03_s037,2.15,5,3,33,ising2d_t05_r03_seed25059,25059,down,1520,37,validation,-1.44,-0.735,0.735,0.12031250000000002
1688,d25_t05_r03_s038,2.15,5,3,33,ising2d_t05_r03_seed25059,25059,down,1560,38,validation,-1.63,-0.87,0.87,0.1534375
1689,d25_t05_r03_s039,2.15,5,3,33,ising2d_t05_r03_seed25059,25059,down,1600,39,validation,-1.68,-0.83,0.83,0.15287500000000004
1690,d25_t05_r03_s040,2.15,5,3,33,ising2d_t05_r03_seed25059,25059,down,1640,40,validation,-1.36,-0.67,0.67,0.11925000000000001
1691,d25_t05_r03_s041,2.15,5,3,33,ising2d_t05_r03_seed25059,25059,down,1680,41,validation,-1.51,-0.715,0.715,0.13343750000000001
1692,d25_t05_r03_s042,2.15,5,3,33,ising2d_t05_r03_seed25059,25059,down,1720,42,validation,-1.61,-0.84,0.84,0.12831250000000002
1693,d25_t05_r03_s043,2.15,5,3,33,ising2d_t05_r03_seed25059,25059,down,1760,43,validation,-1.59,-0.845,0.845,0.1481875
1694,d25_t05_r03_s044,2.15,5,3,33,ising2d_t05_r03_seed25059,25059,down,1800,44,validation,-1.66,-0.885,0.885,0.12425000000000004
1695,d25_t05_r03_s045,2.15,5,3,33,ising2d_t05_r03_seed25059,25059,down,1840,45,validation,-1.83,-0.935,0.935,0.10637499999999997
1696,d25_t05_r03_s046,2.15,5,3,33,ising2d_t05_r03_seed25059,25059,down,1880,46,validation,-1.48,-0.82,0.82,0.12756249999999997
1697,d25_t05_r03_s047,2.15,5,3,33,ising2d_t05_r03_seed25059,25059,down,1920,47,validation,-1.58,-0.85,0.85,0.100875
1698,d25_t05_r03_s048,2.15,5,3,33,ising2d_t05_r03_seed25059,25059,down,1960,48,validation,-1.53,-0.795,0.795,0.1599375
1699,d25_t05_r03_s049,2.15,5,3,33,ising2d_t05_r03_seed25059,25059,down,2000,49,validation,-1.78,-0.935,0.935,0.143875
1700,d25_t05_r04_s000,2.15,5,4,34,ising2d_t05_r04_seed25077,25077,up,40,0,test,-1.75,0.915,0.915,0.12443750000000006
1701,d25_t05_r04_s001,2.15,5,4,34,ising2d_t05_r04_seed25077,25077,up,80,1,test,-1.67,0.9,0.9,0.0968125
1702,d25_t05_r04_s002,2.15,5,4,34,ising2d_t05_r04_seed25077,25077,up,120,2,test,-1.5,0.825,0.825,0.11556249999999998
1703,d25_t05_r04_s003,2.15,5,4,34,ising2d_t05_r04_seed25077,25077,up,160,3,test,-1.79,0.925,0.925,0.14162499999999995
1704,d25_t05_r04_s004,2.15,5,4,34,ising2d_t05_r04_seed25077,25077,up,200,4,test,-1.58,0.855,0.855,0.109625
1705,d25_t05_r04_s005,2.15,5,4,34,ising2d_t05_r04_seed25077,25077,up,240,5,test,-1.74,0.895,0.895,0.105375
1706,d25_t05_r04_s006,2.15,5,4,34,ising2d_t05_r04_seed25077,25077,up,280,6,test,-1.68,0.895,0.895,0.09962499999999999
1707,d25_t05_r04_s007,2.15,5,4,34,ising2d_t05_r04_seed25077,25077,up,320,7,test,-1.72,0.895,0.895,0.11875000000000005
1708,d25_t05_r04_s008,2.15,5,4,34,ising2d_t05_r04_seed25077,25077,up,360,8,test,-1.48,0.795,0.795,0.11074999999999999
1709,d25_t05_r04_s009,2.15,5,4,34,ising2d_t05_r04_seed25077,25077,up,400,9,test,-1.81,0.95,0.95,0.0978125
1710,d25_t05_r04_s010,2.15,5,4,34,ising2d_t05_r04_seed25077,25077,up,440,10,test,-1.59,0.84,0.84,0.139125
1711,d25_t05_r04_s011,2.15,5,4,34,ising2d_t05_r04_seed25077,25077,up,480,11,test,-1.66,0.88,0.88,0.12837499999999996
1712,d25_t05_r04_s012,2.15,5,4,34,ising2d_t05_r04_seed25077,25077,up,520,12,test,-1.78,0.935,0.935,0.11706250000000003
1713,d25_t05_r04_s013,2.15,5,4,34,ising2d_t05_r04_seed25077,25077,up,560,13,test,-1.73,0.905,0.905,0.131875
1714,d25_t05_r04_s014,2.15,5,4,34,ising2d_t05_r04_seed25077,25077,up,600,14,test,-1.59,0.87,0.87,0.10156249999999997
1715,d25_t05_r04_s015,2.15,5,4,34,ising2d_t05_r04_seed25077,25077,up,640,15,test,-1.71,0.865,0.865,0.13943749999999996
1716,d25_t05_r04_s016,2.15,5,4,34,ising2d_t05_r04_seed25077,25077,up,680,16,test,-1.57,0.82,0.82,0.12893749999999998
1717,d25_t05_r04_s017,2.15,5,4,34,ising2d_t05_r04_seed25077,25077,up,720,17,test,-1.53,0.835,0.835,0.1579375
1718,d25_t05_r04_s018,2.15,5,4,34,ising2d_t05_r04_seed25077,25077,up,760,18,test,-1.75,0.92,0.92,0.10881249999999998
1719,d25_t05_r04_s019,2.15,5,4,34,ising2d_t05_r04_seed25077,25077,up,800,19,test,-1.7,0.905,0.905,0.10318750000000003
1720,d25_t05_r04_s020,2.15,5,4,34,ising2d_t05_r04_seed25077,25077,up,840,20,test,-1.52,0.815,0.815,0.11300000000000002
1721,d25_t05_r04_s021,2.15,5,4,34,ising2d_t05_r04_seed25077,25077,up,880,21,test,-1.55,0.815,0.815,0.1385
1722,d25_t05_r04_s022,2.15,5,4,34,ising2d_t05_r04_seed25077,25077,up,920,22,test,-1.5,0.72,0.72,0.12181250000000003
1723,d25_t05_r04_s023,2.15,5,4,34,ising2d_t05_r04_seed25077,25077,up,960,23,test,-1.49,0.75,0.75,0.13574999999999998
1724,d25_t05_r04_s024,2.15,5,4,34,ising2d_t05_r04_seed25077,25077,up,1000,24,test,-1.78,0.935,0.935,0.14893750000000003
1725,d25_t05_r04_s025,2.15,5,4,34,ising2d_t05_r04_seed25077,25077,up,1040,25,test,-1.71,0.915,0.915,0.10012499999999999
1726,d25_t05_r04_s026,2.15,5,4,34,ising2d_t05_r04_seed25077,25077,up,1080,26,test,-1.72,0.905,0.905,0.13012500000000002
1727,d25_t05_r04_s027,2.15,5,4,34,ising2d_t05_r04_seed25077,25077,up,1120,27,test,-1.69,0.89,0.89,0.11531250000000001
1728,d25_t05_r04_s028,2.15,5,4,34,ising2d_t05_r04_seed25077,25077,up,1160,28,test,-1.34,0.705,0.705,0.15631250000000002
1729,d25_t05_r04_s029,2.15,5,4,34,ising2d_t05_r04_seed25077,25077,up,1200,29,test,-1.79,0.945,0.945,0.1315
1730,d25_t05_r04_s030,2.15,5,4,34,ising2d_t05_r04_seed25077,25077,up,1240,30,test,-1.68,0.895,0.895,0.09274999999999999
1731,d25_t05_r04_s031,2.15,5,4,34,ising2d_t05_r04_seed25077,25077,up,1280,31,test,-1.58,0.865,0.865,0.11699999999999997
1732,d25_t05_r04_s032,2.15,5,4,34,ising2d_t05_r04_seed25077,25077,up,1320,32,test,-1.69,0.895,0.895,0.12975
1733,d25_t05_r04_s033,2.15,5,4,34,ising2d_t05_r04_seed25077,25077,up,1360,33,test,-1.22,0.565,0.565,0.19474999999999995
1734,d25_t05_r04_s034,2.15,5,4,34,ising2d_t05_r04_seed25077,25077,up,1400,34,test,-1.71,0.88,0.88,0.1529375
1735,d25_t05_r04_s035,2.15,5,4,34,ising2d_t05_r04_seed25077,25077,up,1440,35,test,-1.85,0.955,0.955,0.12743750000000004
1736,d25_t05_r04_s036,2.15,5,4,34,ising2d_t05_r04_seed25077,25077,up,1480,36,test,-1.65,0.79,0.79,0.1181875
1737,d25_t05_r04_s037,2.15,5,4,34,ising2d_t05_r04_seed25077,25077,up,1520,37,test,-1.68,0.86,0.86,0.12362500000000003
1738,d25_t05_r04_s038,2.15,5,4,34,ising2d_t05_r04_seed25077,25077,up,1560,38,test,-1.75,0.905,0.905,0.13293750000000001
1739,d25_t05_r04_s039,2.15,5,4,34,ising2d_t05_r04_seed25077,25077,up,1600,39,test,-1.67,0.89,0.89,0.1084375
1740,d25_t05_r04_s040,2.15,5,4,34,ising2d_t05_r04_seed25077,25077,up,1640,40,test,-1.47,0.825,0.825,0.13356250000000006
1741,d25_t05_r04_s041,2.15,5,4,34,ising2d_t05_r04_seed25077,25077,up,1680,41,test,-1.45,0.805,0.805,0.11724999999999997
1742,d25_t05_r04_s042,2.15,5,4,34,ising2d_t05_r04_seed25077,25077,up,1720,42,test,-1.61,0.755,0.755,0.128125
1743,d25_t05_r04_s043,2.15,5,4,34,ising2d_t05_r04_seed25077,25077,up,1760,43,test,-1.4,0.72,0.72,0.1405625
1744,d25_t05_r04_s044,2.15,5,4,34,ising2d_t05_r04_seed25077,25077,up,1800,44,test,-1.76,0.915,0.915,0.15206250000000002
1745,d25_t05_r04_s045,2.15,5,4,34,ising2d_t05_r04_seed25077,25077,up,1840,45,test,-1.45,0.78,0.78,0.0990625
1746,d25_t05_r04_s046,2.15,5,4,34,ising2d_t05_r04_seed25077,25077,up,1880,46,test,-1.7,0.85,0.85,0.112375
1747,d25_t05_r04_s047,2.15,5,4,34,ising2d_t05_r04_seed25077,25077,up,1920,47,test,-1.45,0.785,0.785,0.1443125
1748,d25_t05_r04_s048,2.15,5,4,34,ising2d_t05_r04_seed25077,25077,up,1960,48,test,-1.72,0.91,0.91,0.1200625
1749,d25_t05_r04_s049,2.15,5,4,34,ising2d_t05_r04_seed25077,25077,up,2000,49,test,-1.48,0.795,0.795,0.12706250000000002
1750,d25_t05_r05_s000,2.15,5,5,35,ising2d_t05_r05_seed25095,25095,down,40,0,test,-1.64,-0.835,0.835,0.12287500000000003
1751,d25_t05_r05_s001,2.15,5,5,35,ising2d_t05_r05_seed25095,25095,down,80,1,test,-1.81,-0.94,0.94,0.12268750000000002
1752,d25_t05_r05_s002,2.15,5,5,35,ising2d_t05_r05_seed25095,25095,down,120,2,test,-1.73,-0.91,0.91,0.10950000000000001
1753,d25_t05_r05_s003,2.15,5,5,35,ising2d_t05_r05_seed25095,25095,down,160,3,test,-1.57,-0.83,0.83,0.12674999999999997
1754,d25_t05_r05_s004,2.15,5,5,35,ising2d_t05_r05_seed25095,25095,down,200,4,test,-1.64,-0.87,0.87,0.09449999999999999
1755,d25_t05_r05_s005,2.15,5,5,35,ising2d_t05_r05_seed25095,25095,down,240,5,test,-1.63,-0.875,0.875,0.11906249999999999
1756,d25_t05_r05_s006,2.15,5,5,35,ising2d_t05_r05_seed25095,25095,down,280,6,test,-1.67,-0.885,0.885,0.12387499999999999
1757,d25_t05_r05_s007,2.15,5,5,35,ising2d_t05_r05_seed25095,25095,down,320,7,test,-1.45,-0.68,0.68,0.12343750000000002
1758,d25_t05_r05_s008,2.15,5,5,35,ising2d_t05_r05_seed25095,25095,down,360,8,test,-1.62,-0.86,0.86,0.13575
1759,d25_t05_r05_s009,2.15,5,5,35,ising2d_t05_r05_seed25095,25095,down,400,9,test,-1.69,-0.905,0.905,0.13556249999999997
1760,d25_t05_r05_s010,2.15,5,5,35,ising2d_t05_r05_seed25095,25095,down,440,10,test,-1.57,-0.83,0.83,0.10218750000000001
1761,d25_t05_r05_s011,2.15,5,5,35,ising2d_t05_r05_seed25095,25095,down,480,11,test,-1.65,-0.88,0.88,0.11487499999999998
1762,d25_t05_r05_s012,2.15,5,5,35,ising2d_t05_r05_seed25095,25095,down,520,12,test,-1.36,-0.72,0.72,0.146
1763,d25_t05_r05_s013,2.15,5,5,35,ising2d_t05_r05_seed25095,25095,down,560,13,test,-1.52,-0.795,0.795,0.14593750000000003
1764,d25_t05_r05_s014,2.15,5,5,35,ising2d_t05_r05_seed25095,25095,down,600,14,test,-1.62,-0.87,0.87,0.12543749999999998
1765,d25_t05_r05_s015,2.15,5,5,35,ising2d_t05_r05_seed25095,25095,down,640,15,test,-1.7,-0.865,0.865,0.14856250000000001
1766,d25_t05_r05_s016,2.15,5,5,35,ising2d_t05_r05_seed25095,25095,down,680,16,test,-1.63,-0.83,0.83,0.1384375
1767,d25_t05_r05_s017,2.15,5,5,35,ising2d_t05_r05_seed25095,25095,down,720,17,test,-1.56,-0.86,0.86,0.15600000000000003
1768,d25_t05_r05_s018,2.15,5,5,35,ising2d_t05_r05_seed25095,25095,down,760,18,test,-1.76,-0.895,0.895,0.1254375
1769,d25_t05_r05_s019,2.15,5,5,35,ising2d_t05_r05_seed25095,25095,down,800,19,test,-1.71,-0.915,0.915,0.10325000000000002
1770,d25_t05_r05_s020,2.15,5,5,35,ising2d_t05_r05_seed25095,25095,down,840,20,test,-1.8,-0.94,0.94,0.1038125
1771,d25_t05_r05_s021,2.15,5,5,35,ising2d_t05_r05_seed25095,25095,down,880,21,test,-1.71,-0.9,0.9,0.10200000000000001
1772,d25_t05_r05_s022,2.15,5,5,35,ising2d_t05_r05_seed25095,25095,down,920,22,test,-1.56,-0.845,0.845,0.16131250000000003
1773,d25_t05_r05_s023,2.15,5,5,35,ising2d_t05_r05_seed25095,25095,down,960,23,test,-1.71,-0.89,0.89,0.11268750000000005
1774,d25_t05_r05_s024,2.15,5,5,35,ising2d_t05_r05_seed25095,25095,down,1000,24,test,-1.35,-0.725,0.725,0.1423125
1775,d25_t05_r05_s025,2.15,5,5,35,ising2d_t05_r05_seed25095,25095,down,1040,25,test,-1.63,-0.87,0.87,0.13806250000000003
1776,d25_t05_r05_s026,2.15,5,5,35,ising2d_t05_r05_seed25095,25095,down,1080,26,test,-1.54,-0.86,0.86,0.12462500000000001
1777,d25_t05_r05_s027,2.15,5,5,35,ising2d_t05_r05_seed25095,25095,down,1120,27,test,-1.65,-0.895,0.895,0.10306250000000003
1778,d25_t05_r05_s028,2.15,5,5,35,ising2d_t05_r05_seed25095,25095,down,1160,28,test,-1.56,-0.845,0.845,0.10637500000000003
1779,d25_t05_r05_s029,2.15,5,5,35,ising2d_t05_r05_seed25095,25095,down,1200,29,test,-1.52,-0.795,0.795,0.11687499999999999
1780,d25_t05_r05_s030,2.15,5,5,35,ising2d_t05_r05_seed25095,25095,down,1240,30,test,-1.61,-0.85,0.85,0.13306250000000003
1781,d25_t05_r05_s031,2.15,5,5,35,ising2d_t05_r05_seed25095,25095,down,1280,31,test,-1.49,-0.835,0.835,0.1219375
1782,d25_t05_r05_s032,2.15,5,5,35,ising2d_t05_r05_seed25095,25095,down,1320,32,test,-1.62,-0.84,0.84,0.1073125
1783,d25_t05_r05_s033,2.15,5,5,35,ising2d_t05_r05_seed25095,25095,down,1360,33,test,-1.53,-0.81,0.81,0.13999999999999996
1784,d25_t05_r05_s034,2.15,5,5,35,ising2d_t05_r05_seed25095,25095,down,1400,34,test,-1.69,-0.885,0.885,0.11693750000000003
1785,d25_t05_r05_s035,2.15,5,5,35,ising2d_t05_r05_seed25095,25095,down,1440,35,test,-1.54,-0.86,0.86,0.09868750000000001
1786,d25_t05_r05_s036,2.15,5,5,35,ising2d_t05_r05_seed25095,25095,down,1480,36,test,-1.53,-0.83,0.83,0.1065
1787,d25_t05_r05_s037,2.15,5,5,35,ising2d_t05_r05_seed25095,25095,down,1520,37,test,-1.62,-0.855,0.855,0.10956250000000001
1788,d25_t05_r05_s038,2.15,5,5,35,ising2d_t05_r05_seed25095,25095,down,1560,38,test,-1.54,-0.855,0.855,0.103375
1789,d25_t05_r05_s039,2.15,5,5,35,ising2d_t05_r05_seed25095,25095,down,1600,39,test,-1.57,-0.77,0.77,0.13218750000000004
1790,d25_t05_r05_s040,2.15,5,5,35,ising2d_t05_r05_seed25095,25095,down,1640,40,test,-1.65,-0.895,0.895,0.12531250000000002
1791,d25_t05_r05_s041,2.15,5,5,35,ising2d_t05_r05_seed25095,25095,down,1680,41,test,-1.56,-0.81,0.81,0.12456249999999999
1792,d25_t05_r05_s042,2.15,5,5,35,ising2d_t05_r05_seed25095,25095,down,1720,42,test,-1.61,-0.89,0.89,0.12975
1793,d25_t05_r05_s043,2.15,5,5,35,ising2d_t05_r05_seed25095,25095,down,1760,43,test,-1.53,-0.83,0.83,0.12087500000000002
1794,d25_t05_r05_s044,2.15,5,5,35,ising2d_t05_r05_seed25095,25095,down,1800,44,test,-1.39,-0.685,0.685,0.1614375
1795,d25_t05_r05_s045,2.15,5,5,35,ising2d_t05_r05_seed25095,25095,down,1840,45,test,-1.57,-0.805,0.805,0.12725000000000003
1796,d25_t05_r05_s046,2.15,5,5,35,ising2d_t05_r05_seed25095,25095,down,1880,46,test,-1.48,-0.79,0.79,0.14143749999999997
1797,d25_t05_r05_s047,2.15,5,5,35,ising2d_t05_r05_seed25095,25095,down,1920,47,test,-1.67,-0.875,0.875,0.12493750000000003
1798,d25_t05_r05_s048,2.15,5,5,35,ising2d_t05_r05_seed25095,25095,down,1960,48,test,-1.59,-0.78,0.78,0.1174375
1799,d25_t05_r05_s049,2.15,5,5,35,ising2d_t05_r05_seed25095,25095,down,2000,49,test,-1.73,-0.915,0.915,0.11281250000000001
1800,d25_t06_r00_s000,2.2,6,0,36,ising2d_t06_r00_seed25006,25006,up,40,0,train,-1.61,0.82,0.82,0.12500000000000003
1801,d25_t06_r00_s001,2.2,6,0,36,ising2d_t06_r00_seed25006,25006,up,80,1,train,-1.81,0.92,0.92,0.12075000000000002
1802,d25_t06_r00_s002,2.2,6,0,36,ising2d_t06_r00_seed25006,25006,up,120,2,train,-1.6,0.875,0.875,0.12806249999999997
1803,d25_t06_r00_s003,2.2,6,0,36,ising2d_t06_r00_seed25006,25006,up,160,3,train,-1.58,0.87,0.87,0.15031250000000002
1804,d25_t06_r00_s004,2.2,6,0,36,ising2d_t06_r00_seed25006,25006,up,200,4,train,-1.67,0.85,0.85,0.12299999999999997
1805,d25_t06_r00_s005,2.2,6,0,36,ising2d_t06_r00_seed25006,25006,up,240,5,train,-1.59,0.82,0.82,0.16262499999999996
1806,d25_t06_r00_s006,2.2,6,0,36,ising2d_t06_r00_seed25006,25006,up,280,6,train,-1.72,0.915,0.915,0.15618749999999998
1807,d25_t06_r00_s007,2.2,6,0,36,ising2d_t06_r00_seed25006,25006,up,320,7,train,-1.46,0.765,0.765,0.15187499999999998
1808,d25_t06_r00_s008,2.2,6,0,36,ising2d_t06_r00_seed25006,25006,up,360,8,train,-1.58,0.86,0.86,0.1600625
1809,d25_t06_r00_s009,2.2,6,0,36,ising2d_t06_r00_seed25006,25006,up,400,9,train,-1.69,0.9,0.9,0.12874999999999998
1810,d25_t06_r00_s010,2.2,6,0,36,ising2d_t06_r00_seed25006,25006,up,440,10,train,-1.57,0.815,0.815,0.13568750000000002
1811,d25_t06_r00_s011,2.2,6,0,36,ising2d_t06_r00_seed25006,25006,up,480,11,train,-1.62,0.815,0.815,0.12337500000000001
1812,d25_t06_r00_s012,2.2,6,0,36,ising2d_t06_r00_seed25006,25006,up,520,12,train,-1.51,0.815,0.815,0.12449999999999994
1813,d25_t06_r00_s013,2.2,6,0,36,ising2d_t06_r00_seed25006,25006,up,560,13,train,-1.65,0.865,0.865,0.12212499999999997
1814,d25_t06_r00_s014,2.2,6,0,36,ising2d_t06_r00_seed25006,25006,up,600,14,train,-1.6,0.87,0.87,0.15281250000000002
1815,d25_t06_r00_s015,2.2,6,0,36,ising2d_t06_r00_seed25006,25006,up,640,15,train,-1.67,0.835,0.835,0.1569375
1816,d25_t06_r00_s016,2.2,6,0,36,ising2d_t06_r00_seed25006,25006,up,680,16,train,-1.73,0.92,0.92,0.12743749999999998
1817,d25_t06_r00_s017,2.2,6,0,36,ising2d_t06_r00_seed25006,25006,up,720,17,train,-1.57,0.85,0.85,0.1005
1818,d25_t06_r00_s018,2.2,6,0,36,ising2d_t06_r00_seed25006,25006,up,760,18,train,-1.59,0.84,0.84,0.12187499999999998
1819,d25_t06_r00_s019,2.2,6,0,36,ising2d_t06_r00_seed25006,25006,up,800,19,train,-1.72,0.915,0.915,0.1219375
1820,d25_t06_r00_s020,2.2,6,0,36,ising2d_t06_r00_seed25006,25006,up,840,20,train,-1.54,0.845,0.845,0.14225
1821,d25_t06_r00_s021,2.2,6,0,36,ising2d_t06_r00_seed25006,25006,up,880,21,train,-1.46,0.785,0.785,0.16475000000000004
1822,d25_t06_r00_s022,2.2,6,0,36,ising2d_t06_r00_seed25006,25006,up,920,22,train,-1.79,0.935,0.935,0.131375
1823,d25_t06_r00_s023,2.2,6,0,36,ising2d_t06_r00_seed25006,25006,up,960,23,train,-1.68,0.895,0.895,0.11675000000000002
1824,d25_t06_r00_s024,2.2,6,0,36,ising2d_t06_r00_seed25006,25006,up,1000,24,train,-1.7,0.89,0.89,0.11781249999999999
1825,d25_t06_r00_s025,2.2,6,0,36,ising2d_t06_r00_seed25006,25006,up,1040,25,train,-1.6,0.855,0.855,0.13356249999999997
1826,d25_t06_r00_s026,2.2,6,0,36,ising2d_t06_r00_seed25006,25006,up,1080,26,train,-1.6,0.795,0.795,0.129
1827,d25_t06_r00_s027,2.2,6,0,36,ising2d_t06_r00_seed25006,25006,up,1120,27,train,-1.61,0.795,0.795,0.15137499999999998
1828,d25_t06_r00_s028,2.2,6,0,36,ising2d_t06_r00_seed25006,25006,up,1160,28,train,-1.49,0.735,0.735,0.15574999999999997
1829,d25_t06_r00_s029,2.2,6,0,36,ising2d_t06_r00_seed25006,25006,up,1200,29,train,-1.58,0.845,0.845,0.13712499999999994
1830,d25_t06_r00_s030,2.2,6,0,36,ising2d_t06_r00_seed25006,25006,up,1240,30,train,-1.51,0.75,0.75,0.1321875
1831,d25_t06_r00_s031,2.2,6,0,36,ising2d_t06_r00_seed25006,25006,up,1280,31,train,-1.35,0.66,0.66,0.16949999999999996
1832,d25_t06_r00_s032,2.2,6,0,36,ising2d_t06_r00_seed25006,25006,up,1320,32,train,-1.59,0.875,0.875,0.1350625
1833,d25_t06_r00_s033,2.2,6,0,36,ising2d_t06_r00_seed25006,25006,up,1360,33,train,-1.43,0.76,0.76,0.17456249999999998
1834,d25_t06_r00_s034,2.2,6,0,36,ising2d_t06_r00_seed25006,25006,up,1400,34,train,-1.45,0.595,0.595,0.15343750000000003
1835,d25_t06_r00_s035,2.2,6,0,36,ising2d_t06_r00_seed25006,25006,up,1440,35,train,-1.62,0.875,0.875,0.15450000000000003
1836,d25_t06_r00_s036,2.2,6,0,36,ising2d_t06_r00_seed25006,25006,up,1480,36,train,-1.49,0.79,0.79,0.1723125
1837,d25_t06_r00_s037,2.2,6,0,36,ising2d_t06_r00_seed25006,25006,up,1520,37,train,-1.47,0.72,0.72,0.1315
1838,d25_t06_r00_s038,2.2,6,0,36,ising2d_t06_r00_seed25006,25006,up,1560,38,train,-1.5,0.79,0.79,0.134625
1839,d25_t06_r00_s039,2.2,6,0,36,ising2d_t06_r00_seed25006,25006,up,1600,39,train,-1.51,0.73,0.73,0.19074999999999992
1840,d25_t06_r00_s040,2.2,6,0,36,ising2d_t06_r00_seed25006,25006,up,1640,40,train,-1.6,0.865,0.865,0.1733125
1841,d25_t06_r00_s041,2.2,6,0,36,ising2d_t06_r00_seed25006,25006,up,1680,41,train,-1.62,0.835,0.835,0.12024999999999997
1842,d25_t06_r00_s042,2.2,6,0,36,ising2d_t06_r00_seed25006,25006,up,1720,42,train,-1.54,0.83,0.83,0.1381875
1843,d25_t06_r00_s043,2.2,6,0,36,ising2d_t06_r00_seed25006,25006,up,1760,43,train,-1.51,0.77,0.77,0.13737499999999997
1844,d25_t06_r00_s044,2.2,6,0,36,ising2d_t06_r00_seed25006,25006,up,1800,44,train,-1.8,0.94,0.94,0.14975
1845,d25_t06_r00_s045,2.2,6,0,36,ising2d_t06_r00_seed25006,25006,up,1840,45,train,-1.54,0.805,0.805,0.15268750000000003
1846,d25_t06_r00_s046,2.2,6,0,36,ising2d_t06_r00_seed25006,25006,up,1880,46,train,-1.33,0.77,0.77,0.11368750000000001
1847,d25_t06_r00_s047,2.2,6,0,36,ising2d_t06_r00_seed25006,25006,up,1920,47,train,-1.34,0.63,0.63,0.13575000000000007
1848,d25_t06_r00_s048,2.2,6,0,36,ising2d_t06_r00_seed25006,25006,up,1960,48,train,-1.55,0.795,0.795,0.14056249999999998
1849,d25_t06_r00_s049,2.2,6,0,36,ising2d_t06_r00_seed25006,25006,up,2000,49,train,-1.43,0.585,0.585,0.186
1850,d25_t06_r01_s000,2.2,6,1,37,ising2d_t06_r01_seed25024,25024,down,40,0,train,-1.62,-0.88,0.88,0.149875
1851,d25_t06_r01_s001,2.2,6,1,37,ising2d_t06_r01_seed25024,25024,down,80,1,train,-1.58,-0.77,0.77,0.15550000000000003
1852,d25_t06_r01_s002,2.2,6,1,37,ising2d_t06_r01_seed25024,25024,down,120,2,train,-1.56,-0.845,0.845,0.1611875
1853,d25_t06_r01_s003,2.2,6,1,37,ising2d_t06_r01_seed25024,25024,down,160,3,train,-1.48,-0.825,0.825,0.15862499999999996
1854,d25_t06_r01_s004,2.2,6,1,37,ising2d_t06_r01_seed25024,25024,down,200,4,train,-1.61,-0.85,0.85,0.11981249999999995
1855,d25_t06_r01_s005,2.2,6,1,37,ising2d_t06_r01_seed25024,25024,down,240,5,train,-1.32,-0.605,0.605,0.1450625
1856,d25_t06_r01_s006,2.2,6,1,37,ising2d_t06_r01_seed25024,25024,down,280,6,train,-1.63,-0.75,0.75,0.20531250000000006
1857,d25_t06_r01_s007,2.2,6,1,37,ising2d_t06_r01_seed25024,25024,down,320,7,train,-1.65,-0.875,0.875,0.1316875
1858,d25_t06_r01_s008,2.2,6,1,37,ising2d_t06_r01_seed25024,25024,down,360,8,train,-1.35,-0.675,0.675,0.17462499999999997
1859,d25_t06_r01_s009,2.2,6,1,37,ising2d_t06_r01_seed25024,25024,down,400,9,train,-1.37,-0.73,0.73,0.1521875
1860,d25_t06_r01_s010,2.2,6,1,37,ising2d_t06_r01_seed25024,25024,down,440,10,train,-1.33,-0.645,0.645,0.19306249999999997
1861,d25_t06_r01_s011,2.2,6,1,37,ising2d_t06_r01_seed25024,25024,down,480,11,train,-1.48,-0.815,0.815,0.179875
1862,d25_t06_r01_s012,2.2,6,1,37,ising2d_t06_r01_seed25024,25024,down,520,12,train,-1.68,-0.885,0.885,0.13874999999999998
1863,d25_t06_r01_s013,2.2,6,1,37,ising2d_t06_r01_seed25024,25024,down,560,13,train,-1.33,-0.585,0.585,0.18
1864,d25_t06_r01_s014,2.2,6,1,37,ising2d_t06_r01_seed25024,25024,down,600,14,train,-1.39,-0.745,0.745,0.195
1865,d25_t06_r01_s015,2.2,6,1,37,ising2d_t06_r01_seed25024,25024,down,640,15,train,-1.38,-0.725,0.725,0.15662499999999996
1866,d25_t06_r01_s016,2.2,6,1,37,ising2d_t06_r01_seed25024,25024,down,680,16,train,-1.42,-0.77,0.77,0.15006250000000002
1867,d25_t06_r01_s017,2.2,6,1,37,ising2d_t06_r01_seed25024,25024,down,720,17,train,-1.62,-0.865,0.865,0.14968750000000003
1868,d25_t06_r01_s018,2.2,6,1,37,ising2d_t06_r01_seed25024,25024,down,760,18,train,-1.35,-0.585,0.585,0.14337500000000003
1869,d25_t06_r01_s019,2.2,6,1,37,ising2d_t06_r01_seed25024,25024,down,800,19,train,-1.68,-0.885,0.885,0.168375
1870,d25_t06_r01_s020,2.2,6,1,37,ising2d_t06_r01_seed25024,25024,down,840,20,train,-1.75,-0.9,0.9,0.12056250000000002
1871,d25_t06_r01_s021,2.2,6,1,37,ising2d_t06_r01_seed25024,25024,down,880,21,train,-1.54,-0.79,0.79,0.15974999999999995
1872,d25_t06_r01_s022,2.2,6,1,37,ising2d_t06_r01_seed25024,25024,down,920,22,train,-1.49,-0.8,0.8,0.13800000000000004
1873,d25_t06_r01_s023,2.2,6,1,37,ising2d_t06_r01_seed25024,25024,down,960,23,train,-1.71,-0.915,0.915,0.11306250000000002
1874,d25_t06_r01_s024,2.2,6,1,37,ising2d_t06_r01_seed25024,25024,down,1000,24,train,-1.58,-0.82,0.82,0.13293750000000004
1875,d25_t06_r01_s025,2.2,6,1,37,ising2d_t06_r01_seed25024,25024,down,1040,25,train,-1.54,-0.805,0.805,0.15131250000000002
1876,d25_t06_r01_s026,2.2,6,1,37,ising2d_t06_r01_seed25024,25024,down,1080,26,train,-1.57,-0.845,0.845,0.132
1877,d25_t06_r01_s027,2.2,6,1,37,ising2d_t06_r01_seed25024,25024,down,1120,27,train,-1.62,-0.875,0.875,0.165
1878,d25_t06_r01_s028,2.2,6,1,37,ising2d_t06_r01_seed25024,25024,down,1160,28,train,-1.5,-0.735,0.735,0.15862500000000002
1879,d25_t06_r01_s029,2.2,6,1,37,ising2d_t06_r01_seed25024,25024,down,1200,29,train,-1.67,-0.88,0.88,0.13393750000000001
1880,d25_t06_r01_s030,2.2,6,1,37,ising2d_t06_r01_seed25024,25024,down,1240,30,train,-1.49,-0.825,0.825,0.17906249999999999
1881,d25_t06_r01_s031,2.2,6,1,37,ising2d_t06_r01_seed25024,25024,down,1280,31,train,-1.66,-0.88,0.88,0.1459375
1882,d25_t06_r01_s032,2.2,6,1,37,ising2d_t06_r01_seed25024,25024,down,1320,32,train,-1.5,-0.825,0.825,0.13568750000000002
1883,d25_t06_r01_s033,2.2,6,1,37,ising2d_t06_r01_seed25024,25024,down,1360,33,train,-1.56,-0.865,0.865,0.14574999999999996
1884,d25_t06_r01_s034,2.2,6,1,37,ising2d_t06_r01_seed25024,25024,down,1400,34,train,-1.67,-0.885,0.885,0.11600000000000002
1885,d25_t06_r01_s035,2.2,6,1,37,ising2d_t06_r01_seed25024,25024,down,1440,35,train,-1.52,-0.84,0.84,0.1258125
1886,d25_t06_r01_s036,2.2,6,1,37,ising2d_t06_r01_seed25024,25024,down,1480,36,train,-1.48,-0.745,0.745,0.17443750000000005
1887,d25_t06_r01_s037,2.2,6,1,37,ising2d_t06_r01_seed25024,25024,down,1520,37,train,-1.78,-0.905,0.905,0.149
1888,d25_t06_r01_s038,2.2,6,1,37,ising2d_t06_r01_seed25024,25024,down,1560,38,train,-1.79,-0.94,0.94,0.1339375
1889,d25_t06_r01_s039,2.2,6,1,37,ising2d_t06_r01_seed25024,25024,down,1600,39,train,-1.48,-0.775,0.775,0.15618749999999998
1890,d25_t06_r01_s040,2.2,6,1,37,ising2d_t06_r01_seed25024,25024,down,1640,40,train,-1.62,-0.88,0.88,0.11181250000000005
1891,d25_t06_r01_s041,2.2,6,1,37,ising2d_t06_r01_seed25024,25024,down,1680,41,train,-1.46,-0.66,0.66,0.14137499999999997
1892,d25_t06_r01_s042,2.2,6,1,37,ising2d_t06_r01_seed25024,25024,down,1720,42,train,-1.5,-0.805,0.805,0.1464375
1893,d25_t06_r01_s043,2.2,6,1,37,ising2d_t06_r01_seed25024,25024,down,1760,43,train,-1.57,-0.835,0.835,0.12462500000000001
1894,d25_t06_r01_s044,2.2,6,1,37,ising2d_t06_r01_seed25024,25024,down,1800,44,train,-1.5,-0.72,0.72,0.1169375
1895,d25_t06_r01_s045,2.2,6,1,37,ising2d_t06_r01_seed25024,25024,down,1840,45,train,-1.57,-0.86,0.86,0.131
1896,d25_t06_r01_s046,2.2,6,1,37,ising2d_t06_r01_seed25024,25024,down,1880,46,train,-1.7,-0.91,0.91,0.1075
1897,d25_t06_r01_s047,2.2,6,1,37,ising2d_t06_r01_seed25024,25024,down,1920,47,train,-1.63,-0.865,0.865,0.12893749999999998
1898,d25_t06_r01_s048,2.2,6,1,37,ising2d_t06_r01_seed25024,25024,down,1960,48,train,-1.48,-0.78,0.78,0.13918749999999996
1899,d25_t06_r01_s049,2.2,6,1,37,ising2d_t06_r01_seed25024,25024,down,2000,49,train,-1.46,-0.79,0.79,0.16137499999999996
1900,d25_t06_r02_s000,2.2,6,2,38,ising2d_t06_r02_seed25042,25042,up,40,0,validation,-1.68,0.865,0.865,0.15493750000000006
1901,d25_t06_r02_s001,2.2,6,2,38,ising2d_t06_r02_seed25042,25042,up,80,1,validation,-1.42,0.745,0.745,0.1435
1902,d25_t06_r02_s002,2.2,6,2,38,ising2d_t06_r02_seed25042,25042,up,120,2,validation,-1.59,0.805,0.805,0.136
1903,d25_t06_r02_s003,2.2,6,2,38,ising2d_t06_r02_seed25042,25042,up,160,3,validation,-1.58,0.81,0.81,0.1619375
1904,d25_t06_r02_s004,2.2,6,2,38,ising2d_t06_r02_seed25042,25042,up,200,4,validation,-1.79,0.945,0.945,0.12243749999999995
1905,d25_t06_r02_s005,2.2,6,2,38,ising2d_t06_r02_seed25042,25042,up,240,5,validation,-1.42,0.805,0.805,0.11987500000000002
1906,d25_t06_r02_s006,2.2,6,2,38,ising2d_t06_r02_seed25042,25042,up,280,6,validation,-1.67,0.875,0.875,0.13199999999999998
1907,d25_t06_r02_s007,2.2,6,2,38,ising2d_t06_r02_seed25042,25042,up,320,7,validation,-1.56,0.795,0.795,0.12999999999999998
1908,d25_t06_r02_s008,2.2,6,2,38,ising2d_t06_r02_seed25042,25042,up,360,8,validation,-1.45,0.705,0.705,0.15350000000000003
1909,d25_t06_r02_s009,2.2,6,2,38,ising2d_t06_r02_seed25042,25042,up,400,9,validation,-1.73,0.92,0.92,0.13043749999999996
1910,d25_t06_r02_s010,2.2,6,2,38,ising2d_t06_r02_seed25042,25042,up,440,10,validation,-1.67,0.895,0.895,0.11568749999999997
1911,d25_t06_r02_s011,2.2,6,2,38,ising2d_t06_r02_seed25042,25042,up,480,11,validation,-1.3,0.625,0.625,0.137625
1912,d25_t06_r02_s012,2.2,6,2,38,ising2d_t06_r02_seed25042,25042,up,520,12,validation,-1.48,0.755,0.755,0.19425
1913,d25_t06_r02_s013,2.2,6,2,38,ising2d_t06_r02_seed25042,25042,up,560,13,validation,-1.54,0.82,0.82,0.1466875
1914,d25_t06_r02_s014,2.2,6,2,38,ising2d_t06_r02_seed25042,25042,up,600,14,validation,-1.57,0.84,0.84,0.13525
1915,d25_t06_r02_s015,2.2,6,2,38,ising2d_t06_r02_seed25042,25042,up,640,15,validation,-1.47,0.795,0.795,0.15668749999999998
1916,d25_t06_r02_s016,2.2,6,2,38,ising2d_t06_r02_seed25042,25042,up,680,16,validation,-1.42,0.725,0.725,0.14237499999999997
1917,d25_t06_r02_s017,2.2,6,2,38,ising2d_t06_r02_seed25042,25042,up,720,17,validation,-1.64,0.86,0.86,0.13893750000000005
1918,d25_t06_r02_s018,2.2,6,2,38,ising2d_t06_r02_seed25042,25042,up,760,18,validation,-1.36,0.7,0.7,0.18500000000000003
1919,d25_t06_r02_s019,2.2,6,2,38,ising2d_t06_r02_seed25042,25042,up,800,19,validation,-1.5,0.795,0.795,0.1508125
1920,d25_t06_r02_s020,2.2,6,2,38,ising2d_t06_r02_seed25042,25042,up,840,20,validation,-1.61,0.825,0.825,0.131125
1921,d25_t06_r02_s021,2.2,6,2,38,ising2d_t06_r02_seed25042,25042,up,880,21,validation,-1.26,0.615,0.615,0.186125
1922,d25_t06_r02_s022,2.2,6,2,38,ising2d_t06_r02_seed25042,25042,up,920,22,validation,-1.42,0.725,0.725,0.17674999999999993
1923,d25_t06_r02_s023,2.2,6,2,38,ising2d_t06_r02_seed25042,25042,up,960,23,validation,-1.3,0.515,0.515,0.18374999999999997
1924,d25_t06_r02_s024,2.2,6,2,38,ising2d_t06_r02_seed25042,25042,up,1000,24,validation,-1.69,0.92,0.92,0.14756250000000004
1925,d25_t06_r02_s025,2.2,6,2,38,ising2d_t06_r02_seed25042,25042,up,1040,25,validation,-1.74,0.925,0.925,0.1306875
1926,d25_t06_r02_s026,2.2,6,2,38,ising2d_t06_r02_seed25042,25042,up,1080,26,validation,-1.34,0.745,0.745,0.12725000000000003
1927,d25_t06_r02_s027,2.2,6,2,38,ising2d_t06_r02_seed25042,25042,up,1120,27,validation,-1.52,0.765,0.765,0.14400000000000002
1928,d25_t06_r02_s028,2.2,6,2,38,ising2d_t06_r02_seed25042,25042,up,1160,28,validation,-1.57,0.795,0.795,0.163875
1929,d25_t06_r02_s029,2.2,6,2,38,ising2d_t06_r02_seed25042,25042,up,1200,29,validation,-1.38,0.685,0.685,0.142875
1930,d25_t06_r02_s030,2.2,6,2,38,ising2d_t06_r02_seed25042,25042,up,1240,30,validation,-1.4,0.455,0.455,0.21537500000000004
1931,d25_t06_r02_s031,2.2,6,2,38,ising2d_t06_r02_seed25042,25042,up,1280,31,validation,-1.14,0.435,0.435,0.238625
1932,d25_t06_r02_s032,2.2,6,2,38,ising2d_t06_r02_seed25042,25042,up,1320,32,validation,-1.31,0.415,0.415,0.22824999999999993
1933,d25_t06_r02_s033,2.2,6,2,38,ising2d_t06_r02_seed25042,25042,up,1360,33,validation,-1.35,0.545,0.545,0.2002500000000001
1934,d25_t06_r02_s034,2.2,6,2,38,ising2d_t06_r02_seed25042,25042,up,1400,34,validation,-1.65,0.835,0.835,0.172625
1935,d25_t06_r02_s035,2.2,6,2,38,ising2d_t06_r02_seed25042,25042,up,1440,35,validation,-1.51,0.79,0.79,0.1535625
1936,d25_t06_r02_s036,2.2,6,2,38,ising2d_t06_r02_seed25042,25042,up,1480,36,validation,-1.68,0.895,0.895,0.1438125
1937,d25_t06_r02_s037,2.2,6,2,38,ising2d_t06_r02_seed25042,25042,up,1520,37,validation,-1.55,0.81,0.81,0.1444375
1938,d25_t06_r02_s038,2.2,6,2,38,ising2d_t06_r02_seed25042,25042,up,1560,38,validation,-1.72,0.91,0.91,0.12087499999999998
1939,d25_t06_r02_s039,2.2,6,2,38,ising2d_t06_r02_seed25042,25042,up,1600,39,validation,-1.55,0.735,0.735,0.1463125
1940,d25_t06_r02_s040,2.2,6,2,38,ising2d_t06_r02_seed25042,25042,up,1640,40,validation,-1.5,0.79,0.79,0.15981250000000002
1941,d25_t06_r02_s041,2.2,6,2,38,ising2d_t06_r02_seed25042,25042,up,1680,41,validation,-1.51,0.74,0.74,0.178375
1942,d25_t06_r02_s042,2.2,6,2,38,ising2d_t06_r02_seed25042,25042,up,1720,42,validation,-1.66,0.835,0.835,0.13118749999999998
1943,d25_t06_r02_s043,2.2,6,2,38,ising2d_t06_r02_seed25042,25042,up,1760,43,validation,-1.55,0.79,0.79,0.14181249999999995
1944,d25_t06_r02_s044,2.2,6,2,38,ising2d_t06_r02_seed25042,25042,up,1800,44,validation,-1.7,0.885,0.885,0.1304375
1945,d25_t06_r02_s045,2.2,6,2,38,ising2d_t06_r02_seed25042,25042,up,1840,45,validation,-1.46,0.79,0.79,0.16868750000000002
1946,d25_t06_r02_s046,2.2,6,2,38,ising2d_t06_r02_seed25042,25042,up,1880,46,validation,-1.52,0.685,0.685,0.1484375
1947,d25_t06_r02_s047,2.2,6,2,38,ising2d_t06_r02_seed25042,25042,up,1920,47,validation,-1.62,0.88,0.88,0.16131250000000003
1948,d25_t06_r02_s048,2.2,6,2,38,ising2d_t06_r02_seed25042,25042,up,1960,48,validation,-1.71,0.825,0.825,0.1523125
1949,d25_t06_r02_s049,2.2,6,2,38,ising2d_t06_r02_seed25042,25042,up,2000,49,validation,-1.61,0.88,0.88,0.13281250000000003
1950,d25_t06_r03_s000,2.2,6,3,39,ising2d_t06_r03_seed25060,25060,down,40,0,validation,-1.2,-0.34,0.34,0.18943749999999995
1951,d25_t06_r03_s001,2.2,6,3,39,ising2d_t06_r03_seed25060,25060,down,80,1,validation,-1.31,-0.435,0.435,0.23381249999999998
1952,d25_t06_r03_s002,2.2,6,3,39,ising2d_t06_r03_seed25060,25060,down,120,2,validation,-1.69,-0.88,0.88,0.1775625
1953,d25_t06_r03_s003,2.2,6,3,39,ising2d_t06_r03_seed25060,25060,down,160,3,validation,-1.63,-0.85,0.85,0.12112500000000004
1954,d25_t06_r03_s004,2.2,6,3,39,ising2d_t06_r03_seed25060,25060,down,200,4,validation,-1.44,-0.735,0.735,0.12393749999999999
1955,d25_t06_r03_s005,2.2,6,3,39,ising2d_t06_r03_seed25060,25060,down,240,5,validation,-1.36,-0.66,0.66,0.14931250000000001
1956,d25_t06_r03_s006,2.2,6,3,39,ising2d_t06_r03_seed25060,25060,down,280,6,validation,-1.56,-0.86,0.86,0.131625
1957,d25_t06_r03_s007,2.2,6,3,39,ising2d_t06_r03_seed25060,25060,down,320,7,validation,-1.49,-0.82,0.82,0.13975
1958,d25_t06_r03_s008,2.2,6,3,39,ising2d_t06_r03_seed25060,25060,down,360,8,validation,-1.74,-0.92,0.92,0.10350000000000001
1959,d25_t06_r03_s009,2.2,6,3,39,ising2d_t06_r03_seed25060,25060,down,400,9,validation,-1.48,-0.725,0.725,0.16118749999999998
1960,d25_t06_r03_s010,2.2,6,3,39,ising2d_t06_r03_seed25060,25060,down,440,10,validation,-1.55,-0.82,0.82,0.1604375
1961,d25_t06_r03_s011,2.2,6,3,39,ising2d_t06_r03_seed25060,25060,down,480,11,validation,-1.65,-0.895,0.895,0.12456249999999999
1962,d25_t06_r03_s012,2.2,6,3,39,ising2d_t06_r03_seed25060,25060,down,520,12,validation,-1.36,-0.505,0.505,0.16124999999999995
1963,d25_t06_r03_s013,2.2,6,3,39,ising2d_t06_r03_seed25060,25060,down,560,13,validation,-1.25,-0.42,0.42,0.21681249999999994
1964,d25_t06_r03_s014,2.2,6,3,39,ising2d_t06_r03_seed25060,25060,down,600,14,validation,-1.35,-0.545,0.545,0.21243750000000006
1965,d25_t06_r03_s015,2.2,6,3,39,ising2d_t06_r03_seed25060,25060,down,640,15,validation,-1.35,-0.53,0.53,0.2209375
1966,d25_t06_r03_s016,2.2,6,3,39,ising2d_t06_r03_seed25060,25060,down,680,16,validation,-1.23,-0.355,0.355,0.26068749999999996
1967,d25_t06_r03_s017,2.2,6,3,39,ising2d_t06_r03_seed25060,25060,down,720,17,validation,-1.36,-0.435,0.435,0.22049999999999992
1968,d25_t06_r03_s018,2.2,6,3,39,ising2d_t06_r03_seed25060,25060,down,760,18,validation,-1.44,-0.685,0.685,0.20062500000000005
1969,d25_t06_r03_s019,2.2,6,3,39,ising2d_t06_r03_seed25060,25060,down,800,19,validation,-1.42,-0.61,0.61,0.1736875
1970,d25_t06_r03_s020,2.2,6,3,39,ising2d_t06_r03_seed25060,25060,down,840,20,validation,-1.64,-0.88,0.88,0.16537500000000005
1971,d25_t06_r03_s021,2.2,6,3,39,ising2d_t06_r03_seed25060,25060,down,880,21,validation,-1.52,-0.8,0.8,0.136625
1972,d25_t06_r03_s022,2.2,6,3,39,ising2d_t06_r03_seed25060,25060,down,920,22,validation,-1.74,-0.89,0.89,0.12025
1973,d25_t06_r03_s023,2.2,6,3,39,ising2d_t06_r03_seed25060,25060,down,960,23,validation,-1.57,-0.84,0.84,0.145125
1974,d25_t06_r03_s024,2.2,6,3,39,ising2d_t06_r03_seed25060,25060,down,1000,24,validation,-1.5,-0.69,0.69,0.14225000000000002
1975,d25_t06_r03_s025,2.2,6,3,39,ising2d_t06_r03_seed25060,25060,down,1040,25,validation,-1.65,-0.87,0.87,0.14350000000000004
1976,d25_t06_r03_s026,2.2,6,3,39,ising2d_t06_r03_seed25060,25060,down,1080,26,validation,-1.7,-0.885,0.885,0.1419375
1977,d25_t06_r03_s027,2.2,6,3,39,ising2d_t06_r03_seed25060,25060,down,1120,27,validation,-1.72,-0.93,0.93,0.1474375
1978,d25_t06_r03_s028,2.2,6,3,39,ising2d_t06_r03_seed25060,25060,down,1160,28,validation,-1.6,-0.855,0.855,0.10481250000000002
1979,d25_t06_r03_s029,2.2,6,3,39,ising2d_t06_r03_seed25060,25060,down,1200,29,validation,-1.47,-0.81,0.81,0.12743749999999995
1980,d25_t06_r03_s030,2.2,6,3,39,ising2d_t06_r03_seed25060,25060,down,1240,30,validation,-1.66,-0.885,0.885,0.12106249999999996
1981,d25_t06_r03_s031,2.2,6,3,39,ising2d_t06_r03_seed25060,25060,down,1280,31,validation,-1.49,-0.83,0.83,0.17243749999999997
1982,d25_t06_r03_s032,2.2,6,3,39,ising2d_t06_r03_seed25060,25060,down,1320,32,validation,-1.54,-0.81,0.81,0.14250000000000002
1983,d25_t06_r03_s033,2.2,6,3,39,ising2d_t06_r03_seed25060,25060,down,1360,33,validation,-1.7,-0.915,0.915,0.1038125
1984,d25_t06_r03_s034,2.2,6,3,39,ising2d_t06_r03_seed25060,25060,down,1400,34,validation,-1.58,-0.84,0.84,0.1329375
1985,d25_t06_r03_s035,2.2,6,3,39,ising2d_t06_r03_seed25060,25060,down,1440,35,validation,-1.61,-0.875,0.875,0.1326875
1986,d25_t06_r03_s036,2.2,6,3,39,ising2d_t06_r03_seed25060,25060,down,1480,36,validation,-1.6,-0.855,0.855,0.1285
1987,d25_t06_r03_s037,2.2,6,3,39,ising2d_t06_r03_seed25060,25060,down,1520,37,validation,-1.7,-0.89,0.89,0.1333125
1988,d25_t06_r03_s038,2.2,6,3,39,ising2d_t06_r03_seed25060,25060,down,1560,38,validation,-1.29,-0.62,0.62,0.19824999999999998
1989,d25_t06_r03_s039,2.2,6,3,39,ising2d_t06_r03_seed25060,25060,down,1600,39,validation,-1.48,-0.52,0.52,0.2
1990,d25_t06_r03_s040,2.2,6,3,39,ising2d_t06_r03_seed25060,25060,down,1640,40,validation,-1.65,-0.87,0.87,0.21612499999999998
1991,d25_t06_r03_s041,2.2,6,3,39,ising2d_t06_r03_seed25060,25060,down,1680,41,validation,-1.7,-0.9,0.9,0.10112499999999995
1992,d25_t06_r03_s042,2.2,6,3,39,ising2d_t06_r03_seed25060,25060,down,1720,42,validation,-1.42,-0.72,0.72,0.13575
1993,d25_t06_r03_s043,2.2,6,3,39,ising2d_t06_r03_seed25060,25060,down,1760,43,validation,-1.43,-0.815,0.815,0.1528125
1994,d25_t06_r03_s044,2.2,6,3,39,ising2d_t06_r03_seed25060,25060,down,1800,44,validation,-1.45,-0.745,0.745,0.16250000000000003
1995,d25_t06_r03_s045,2.2,6,3,39,ising2d_t06_r03_seed25060,25060,down,1840,45,validation,-1.51,-0.815,0.815,0.15600000000000003
1996,d25_t06_r03_s046,2.2,6,3,39,ising2d_t06_r03_seed25060,25060,down,1880,46,validation,-1.74,-0.925,0.925,0.13462500000000002
1997,d25_t06_r03_s047,2.2,6,3,39,ising2d_t06_r03_seed25060,25060,down,1920,47,validation,-1.47,-0.785,0.785,0.12799999999999997
1998,d25_t06_r03_s048,2.2,6,3,39,ising2d_t06_r03_seed25060,25060,down,1960,48,validation,-1.35,-0.725,0.725,0.16337500000000005
1999,d25_t06_r03_s049,2.2,6,3,39,ising2d_t06_r03_seed25060,25060,down,2000,49,validation,-1.57,-0.795,0.795,0.15174999999999997
2000,d25_t06_r04_s000,2.2,6,4,40,ising2d_t06_r04_seed25078,25078,up,40,0,test,-1.52,0.785,0.785,0.16737499999999997
2001,d25_t06_r04_s001,2.2,6,4,40,ising2d_t06_r04_seed25078,25078,up,80,1,test,-1.62,0.85,0.85,0.14743750000000005
2002,d25_t06_r04_s002,2.2,6,4,40,ising2d_t06_r04_seed25078,25078,up,120,2,test,-1.68,0.895,0.895,0.13693750000000002
2003,d25_t06_r04_s003,2.2,6,4,40,ising2d_t06_r04_seed25078,25078,up,160,3,test,-1.69,0.87,0.87,0.1346875
2004,d25_t06_r04_s004,2.2,6,4,40,ising2d_t06_r04_seed25078,25078,up,200,4,test,-1.62,0.835,0.835,0.1475625
2005,d25_t06_r04_s005,2.2,6,4,40,ising2d_t06_r04_seed25078,25078,up,240,5,test,-1.73,0.915,0.915,0.13600000000000004
2006,d25_t06_r04_s006,2.2,6,4,40,ising2d_t06_r04_seed25078,25078,up,280,6,test,-1.52,0.78,0.78,0.11918749999999997
2007,d25_t06_r04_s007,2.2,6,4,40,ising2d_t06_r04_seed25078,25078,up,320,7,test,-1.4,0.625,0.625,0.17131250000000003
2008,d25_t06_r04_s008,2.2,6,4,40,ising2d_t06_r04_seed25078,25078,up,360,8,test,-1.55,0.645,0.645,0.190625
2009,d25_t06_r04_s009,2.2,6,4,40,ising2d_t06_r04_seed25078,25078,up,400,9,test,-1.5,0.815,0.815,0.17137500000000006
2010,d25_t06_r04_s010,2.2,6,4,40,ising2d_t06_r04_seed25078,25078,up,440,10,test,-1.61,0.86,0.86,0.1639375
2011,d25_t06_r04_s011,2.2,6,4,40,ising2d_t06_r04_seed25078,25078,up,480,11,test,-1.52,0.855,0.855,0.12468749999999998
2012,d25_t06_r04_s012,2.2,6,4,40,ising2d_t06_r04_seed25078,25078,up,520,12,test,-1.47,0.72,0.72,0.1536875
2013,d25_t06_r04_s013,2.2,6,4,40,ising2d_t06_r04_seed25078,25078,up,560,13,test,-1.69,0.9,0.9,0.16050000000000003
2014,d25_t06_r04_s014,2.2,6,4,40,ising2d_t06_r04_seed25078,25078,up,600,14,test,-1.63,0.88,0.88,0.11737500000000001
2015,d25_t06_r04_s015,2.2,6,4,40,ising2d_t06_r04_seed25078,25078,up,640,15,test,-1.51,0.855,0.855,0.1305625
2016,d25_t06_r04_s016,2.2,6,4,40,ising2d_t06_r04_seed25078,25078,up,680,16,test,-1.51,0.82,0.82,0.1349375
2017,d25_t06_r04_s017,2.2,6,4,40,ising2d_t06_r04_seed25078,25078,up,720,17,test,-1.4,0.565,0.565,0.1784375
2018,d25_t06_r04_s018,2.2,6,4,40,ising2d_t06_r04_seed25078,25078,up,760,18,test,-1.37,0.445,0.445,0.22749999999999998
2019,d25_t06_r04_s019,2.2,6,4,40,ising2d_t06_r04_seed25078,25078,up,800,19,test,-1.41,0.725,0.725,0.20875000000000005
2020,d25_t06_r04_s020,2.2,6,4,40,ising2d_t06_r04_seed25078,25078,up,840,20,test,-1.47,0.79,0.79,0.16256250000000003
2021,d25_t06_r04_s021,2.2,6,4,40,ising2d_t06_r04_seed25078,25078,up,880,21,test,-1.51,0.735,0.735,0.2120625
2022,d25_t06_r04_s022,2.2,6,4,40,ising2d_t06_r04_seed25078,25078,up,920,22,test,-1.53,0.75,0.75,0.17131250000000003
2023,d25_t06_r04_s023,2.2,6,4,40,ising2d_t06_r04_seed25078,25078,up,960,23,test,-1.63,0.86,0.86,0.138
2024,d25_t06_r04_s024,2.2,6,4,40,ising2d_t06_r04_seed25078,25078,up,1000,24,test,-1.54,0.855,0.855,0.1445625
2025,d25_t06_r04_s025,2.2,6,4,40,ising2d_t06_r04_seed25078,25078,up,1040,25,test,-1.61,0.785,0.785,0.144
2026,d25_t06_r04_s026,2.2,6,4,40,ising2d_t06_r04_seed25078,25078,up,1080,26,test,-1.54,0.775,0.775,0.16112500000000002
2027,d25_t06_r04_s027,2.2,6,4,40,ising2d_t06_r04_seed25078,25078,up,1120,27,test,-1.53,0.67,0.67,0.19018749999999995
2028,d25_t06_r04_s028,2.2,6,4,40,ising2d_t06_r04_seed25078,25078,up,1160,28,test,-1.52,0.855,0.855,0.12706250000000002
2029,d25_t06_r04_s029,2.2,6,4,40,ising2d_t06_r04_seed25078,25078,up,1200,29,test,-1.56,0.85,0.85,0.1708125
2030,d25_t06_r04_s030,2.2,6,4,40,ising2d_t06_r04_seed25078,25078,up,1240,30,test,-1.72,0.895,0.895,0.12306250000000003
2031,d25_t06_r04_s031,2.2,6,4,40,ising2d_t06_r04_seed25078,25078,up,1280,31,test,-1.51,0.845,0.845,0.15875
2032,d25_t06_r04_s032,2.2,6,4,40,ising2d_t06_r04_seed25078,25078,up,1320,32,test,-1.5,0.8,0.8,0.11418749999999997
2033,d25_t06_r04_s033,2.2,6,4,40,ising2d_t06_r04_seed25078,25078,up,1360,33,test,-1.7,0.895,0.895,0.1369375
2034,d25_t06_r04_s034,2.2,6,4,40,ising2d_t06_r04_seed25078,25078,up,1400,34,test,-1.61,0.87,0.87,0.1300625
2035,d25_t06_r04_s035,2.2,6,4,40,ising2d_t06_r04_seed25078,25078,up,1440,35,test,-1.78,0.915,0.915,0.1174375
2036,d25_t06_r04_s036,2.2,6,4,40,ising2d_t06_r04_seed25078,25078,up,1480,36,test,-1.56,0.775,0.775,0.1505
2037,d25_t06_r04_s037,2.2,6,4,40,ising2d_t06_r04_seed25078,25078,up,1520,37,test,-1.54,0.75,0.75,0.1488125
2038,d25_t06_r04_s038,2.2,6,4,40,ising2d_t06_r04_seed25078,25078,up,1560,38,test,-1.57,0.825,0.825,0.14893749999999997
2039,d25_t06_r04_s039,2.2,6,4,40,ising2d_t06_r04_seed25078,25078,up,1600,39,test,-1.57,0.78,0.78,0.18168750000000006
2040,d25_t06_r04_s040,2.2,6,4,40,ising2d_t06_r04_seed25078,25078,up,1640,40,test,-1.35,0.235,0.235,0.20081249999999998
2041,d25_t06_r04_s041,2.2,6,4,40,ising2d_t06_r04_seed25078,25078,up,1680,41,test,-1.55,0.82,0.82,0.20381249999999995
2042,d25_t06_r04_s042,2.2,6,4,40,ising2d_t06_r04_seed25078,25078,up,1720,42,test,-1.49,0.735,0.735,0.1643125
2043,d25_t06_r04_s043,2.2,6,4,40,ising2d_t06_r04_seed25078,25078,up,1760,43,test,-1.55,0.84,0.84,0.15868750000000004
2044,d25_t06_r04_s044,2.2,6,4,40,ising2d_t06_r04_seed25078,25078,up,1800,44,test,-1.5,0.745,0.745,0.13006250000000003
2045,d25_t06_r04_s045,2.2,6,4,40,ising2d_t06_r04_seed25078,25078,up,1840,45,test,-1.47,0.68,0.68,0.15706249999999997
2046,d25_t06_r04_s046,2.2,6,4,40,ising2d_t06_r04_seed25078,25078,up,1880,46,test,-1.38,0.68,0.68,0.18950000000000006
2047,d25_t06_r04_s047,2.2,6,4,40,ising2d_t06_r04_seed25078,25078,up,1920,47,test,-1.62,0.84,0.84,0.16775000000000004
2048,d25_t06_r04_s048,2.2,6,4,40,ising2d_t06_r04_seed25078,25078,up,1960,48,test,-1.55,0.675,0.675,0.15806250000000002
2049,d25_t06_r04_s049,2.2,6,4,40,ising2d_t06_r04_seed25078,25078,up,2000,49,test,-1.38,0.77,0.77,0.13356250000000003
2050,d25_t06_r05_s000,2.2,6,5,41,ising2d_t06_r05_seed25096,25096,down,40,0,test,-1.62,-0.83,0.83,0.12231250000000002
2051,d25_t06_r05_s001,2.2,6,5,41,ising2d_t06_r05_seed25096,25096,down,80,1,test,-1.62,-0.87,0.87,0.102375
2052,d25_t06_r05_s002,2.2,6,5,41,ising2d_t06_r05_seed25096,25096,down,120,2,test,-1.52,-0.745,0.745,0.15031250000000002
2053,d25_t06_r05_s003,2.2,6,5,41,ising2d_t06_r05_seed25096,25096,down,160,3,test,-1.66,-0.89,0.89,0.13306250000000003
2054,d25_t06_r05_s004,2.2,6,5,41,ising2d_t06_r05_seed25096,25096,down,200,4,test,-1.65,-0.895,0.895,0.11606249999999999
2055,d25_t06_r05_s005,2.2,6,5,41,ising2d_t06_r05_seed25096,25096,down,240,5,test,-1.49,-0.83,0.83,0.18356250000000002
2056,d25_t06_r05_s006,2.2,6,5,41,ising2d_t06_r05_seed25096,25096,down,280,6,test,-1.71,-0.885,0.885,0.1305625
2057,d25_t06_r05_s007,2.2,6,5,41,ising2d_t06_r05_seed25096,25096,down,320,7,test,-1.69,-0.9,0.9,0.1375625
2058,d25_t06_r05_s008,2.2,6,5,41,ising2d_t06_r05_seed25096,25096,down,360,8,test,-1.61,-0.85,0.85,0.13174999999999998
2059,d25_t06_r05_s009,2.2,6,5,41,ising2d_t06_r05_seed25096,25096,down,400,9,test,-1.49,-0.81,0.81,0.14450000000000002
2060,d25_t06_r05_s010,2.2,6,5,41,ising2d_t06_r05_seed25096,25096,down,440,10,test,-1.5,-0.79,0.79,0.15475
2061,d25_t06_r05_s011,2.2,6,5,41,ising2d_t06_r05_seed25096,25096,down,480,11,test,-1.45,-0.78,0.78,0.13287500000000002
2062,d25_t06_r05_s012,2.2,6,5,41,ising2d_t06_r05_seed25096,25096,down,520,12,test,-1.57,-0.855,0.855,0.1113125
2063,d25_t06_r05_s013,2.2,6,5,41,ising2d_t06_r05_seed25096,25096,down,560,13,test,-1.58,-0.83,0.83,0.18043750000000003
2064,d25_t06_r05_s014,2.2,6,5,41,ising2d_t06_r05_seed25096,25096,down,600,14,test,-1.42,-0.73,0.73,0.14662499999999998
2065,d25_t06_r05_s015,2.2,6,5,41,ising2d_t06_r05_seed25096,25096,down,640,15,test,-1.73,-0.91,0.91,0.18625000000000005
2066,d25_t06_r05_s016,2.2,6,5,41,ising2d_t06_r05_seed25096,25096,down,680,16,test,-1.35,-0.675,0.675,0.14256249999999998
2067,d25_t06_r05_s017,2.2,6,5,41,ising2d_t06_r05_seed25096,25096,down,720,17,test,-1.36,-0.465,0.465,0.214625
2068,d25_t06_r05_s018,2.2,6,5,41,ising2d_t06_r05_seed25096,25096,down,760,18,test,-1.44,-0.635,0.635,0.22312500000000002
2069,d25_t06_r05_s019,2.2,6,5,41,ising2d_t06_r05_seed25096,25096,down,800,19,test,-1.69,-0.9,0.9,0.13668750000000002
2070,d25_t06_r05_s020,2.2,6,5,41,ising2d_t06_r05_seed25096,25096,down,840,20,test,-1.53,-0.67,0.67,0.17375000000000004
2071,d25_t06_r05_s021,2.2,6,5,41,ising2d_t06_r05_seed25096,25096,down,880,21,test,-1.45,-0.725,0.725,0.1531875
2072,d25_t06_r05_s022,2.2,6,5,41,ising2d_t06_r05_seed25096,25096,down,920,22,test,-1.65,-0.89,0.89,0.17081249999999998
2073,d25_t06_r05_s023,2.2,6,5,41,ising2d_t06_r05_seed25096,25096,down,960,23,test,-1.66,-0.895,0.895,0.1396875
2074,d25_t06_r05_s024,2.2,6,5,41,ising2d_t06_r05_seed25096,25096,down,1000,24,test,-1.59,-0.86,0.86,0.12293749999999999
2075,d25_t06_r05_s025,2.2,6,5,41,ising2d_t06_r05_seed25096,25096,down,1040,25,test,-1.77,-0.94,0.94,0.12375
2076,d25_t06_r05_s026,2.2,6,5,41,ising2d_t06_r05_seed25096,25096,down,1080,26,test,-1.53,-0.815,0.815,0.12443749999999998
2077,d25_t06_r05_s027,2.2,6,5,41,ising2d_t06_r05_seed25096,25096,down,1120,27,test,-1.45,-0.83,0.83,0.13706249999999998
2078,d25_t06_r05_s028,2.2,6,5,41,ising2d_t06_r05_seed25096,25096,down,1160,28,test,-1.67,-0.87,0.87,0.11524999999999999
2079,d25_t06_r05_s029,2.2,6,5,41,ising2d_t06_r05_seed25096,25096,down,1200,29,test,-1.75,-0.93,0.93,0.1335
2080,d25_t06_r05_s030,2.2,6,5,41,ising2d_t06_r05_seed25096,25096,down,1240,30,test,-1.52,-0.745,0.745,0.13543750000000002
2081,d25_t06_r05_s031,2.2,6,5,41,ising2d_t06_r05_seed25096,25096,down,1280,31,test,-1.39,-0.675,0.675,0.17950000000000005
2082,d25_t06_r05_s032,2.2,6,5,41,ising2d_t06_r05_seed25096,25096,down,1320,32,test,-1.6,-0.865,0.865,0.160125
2083,d25_t06_r05_s033,2.2,6,5,41,ising2d_t06_r05_seed25096,25096,down,1360,33,test,-1.49,-0.83,0.83,0.15906249999999997
2084,d25_t06_r05_s034,2.2,6,5,41,ising2d_t06_r05_seed25096,25096,down,1400,34,test,-1.86,-0.955,0.955,0.15156250000000002
2085,d25_t06_r05_s035,2.2,6,5,41,ising2d_t06_r05_seed25096,25096,down,1440,35,test,-1.6,-0.825,0.825,0.118
2086,d25_t06_r05_s036,2.2,6,5,41,ising2d_t06_r05_seed25096,25096,down,1480,36,test,-1.56,-0.82,0.82,0.1305625
2087,d25_t06_r05_s037,2.2,6,5,41,ising2d_t06_r05_seed25096,25096,down,1520,37,test,-1.62,-0.865,0.865,0.14081250000000003
2088,d25_t06_r05_s038,2.2,6,5,41,ising2d_t06_r05_seed25096,25096,down,1560,38,test,-1.34,-0.575,0.575,0.13874999999999998
2089,d25_t06_r05_s039,2.2,6,5,41,ising2d_t06_r05_seed25096,25096,down,1600,39,test,-1.61,-0.84,0.84,0.1458125
2090,d25_t06_r05_s040,2.2,6,5,41,ising2d_t06_r05_seed25096,25096,down,1640,40,test,-1.59,-0.86,0.86,0.13987500000000003
2091,d25_t06_r05_s041,2.2,6,5,41,ising2d_t06_r05_seed25096,25096,down,1680,41,test,-1.46,-0.725,0.725,0.16631250000000003
2092,d25_t06_r05_s042,2.2,6,5,41,ising2d_t06_r05_seed25096,25096,down,1720,42,test,-1.69,-0.89,0.89,0.18743749999999998
2093,d25_t06_r05_s043,2.2,6,5,41,ising2d_t06_r05_seed25096,25096,down,1760,43,test,-1.67,-0.875,0.875,0.11881249999999995
2094,d25_t06_r05_s044,2.2,6,5,41,ising2d_t06_r05_seed25096,25096,down,1800,44,test,-1.69,-0.9,0.9,0.14218749999999994
2095,d25_t06_r05_s045,2.2,6,5,41,ising2d_t06_r05_seed25096,25096,down,1840,45,test,-1.47,-0.745,0.745,0.14168750000000005
2096,d25_t06_r05_s046,2.2,6,5,41,ising2d_t06_r05_seed25096,25096,down,1880,46,test,-1.61,-0.835,0.835,0.12799999999999997
2097,d25_t06_r05_s047,2.2,6,5,41,ising2d_t06_r05_seed25096,25096,down,1920,47,test,-1.49,-0.82,0.82,0.17481249999999998
2098,d25_t06_r05_s048,2.2,6,5,41,ising2d_t06_r05_seed25096,25096,down,1960,48,test,-1.81,-0.93,0.93,0.13862500000000005
2099,d25_t06_r05_s049,2.2,6,5,41,ising2d_t06_r05_seed25096,25096,down,2000,49,test,-1.79,-0.935,0.935,0.11331250000000001
2100,d25_t07_r00_s000,2.23,7,0,42,ising2d_t07_r00_seed25007,25007,up,40,0,train,-1.39,0.7,0.7,0.1343125
2101,d25_t07_r00_s001,2.23,7,0,42,ising2d_t07_r00_seed25007,25007,up,80,1,train,-1.54,0.84,0.84,0.176
2102,d25_t07_r00_s002,2.23,7,0,42,ising2d_t07_r00_seed25007,25007,up,120,2,train,-1.55,0.84,0.84,0.151625
2103,d25_t07_r00_s003,2.23,7,0,42,ising2d_t07_r00_seed25007,25007,up,160,3,train,-1.57,0.84,0.84,0.122875
2104,d25_t07_r00_s004,2.23,7,0,42,ising2d_t07_r00_seed25007,25007,up,200,4,train,-1.35,0.735,0.735,0.1711875
2105,d25_t07_r00_s005,2.23,7,0,42,ising2d_t07_r00_seed25007,25007,up,240,5,train,-1.37,0.75,0.75,0.1588125
2106,d25_t07_r00_s006,2.23,7,0,42,ising2d_t07_r00_seed25007,25007,up,280,6,train,-1.4,0.765,0.765,0.1538125
2107,d25_t07_r00_s007,2.23,7,0,42,ising2d_t07_r00_seed25007,25007,up,320,7,train,-1.6,0.8,0.8,0.1299375
2108,d25_t07_r00_s008,2.23,7,0,42,ising2d_t07_r00_seed25007,25007,up,360,8,train,-1.47,0.7,0.7,0.17212500000000003
2109,d25_t07_r00_s009,2.23,7,0,42,ising2d_t07_r00_seed25007,25007,up,400,9,train,-1.26,0.62,0.62,0.22625
2110,d25_t07_r00_s010,2.23,7,0,42,ising2d_t07_r00_seed25007,25007,up,440,10,train,-1.57,0.855,0.855,0.1834375
2111,d25_t07_r00_s011,2.23,7,0,42,ising2d_t07_r00_seed25007,25007,up,480,11,train,-1.48,0.81,0.81,0.13981249999999998
2112,d25_t07_r00_s012,2.23,7,0,42,ising2d_t07_r00_seed25007,25007,up,520,12,train,-1.62,0.885,0.885,0.12793750000000007
2113,d25_t07_r00_s013,2.23,7,0,42,ising2d_t07_r00_seed25007,25007,up,560,13,train,-1.53,0.81,0.81,0.14068750000000002
2114,d25_t07_r00_s014,2.23,7,0,42,ising2d_t07_r00_seed25007,25007,up,600,14,train,-1.64,0.885,0.885,0.1174375
2115,d25_t07_r00_s015,2.23,7,0,42,ising2d_t07_r00_seed25007,25007,up,640,15,train,-1.45,0.785,0.785,0.14812499999999995
2116,d25_t07_r00_s016,2.23,7,0,42,ising2d_t07_r00_seed25007,25007,up,680,16,train,-1.61,0.855,0.855,0.172875
2117,d25_t07_r00_s017,2.23,7,0,42,ising2d_t07_r00_seed25007,25007,up,720,17,train,-1.45,0.755,0.755,0.20249999999999996
2118,d25_t07_r00_s018,2.23,7,0,42,ising2d_t07_r00_seed25007,25007,up,760,18,train,-1.52,0.83,0.83,0.1506875
2119,d25_t07_r00_s019,2.23,7,0,42,ising2d_t07_r00_seed25007,25007,up,800,19,train,-1.54,0.7,0.7,0.14875000000000002
2120,d25_t07_r00_s020,2.23,7,0,42,ising2d_t07_r00_seed25007,25007,up,840,20,train,-1.27,0.615,0.615,0.18468750000000003
2121,d25_t07_r00_s021,2.23,7,0,42,ising2d_t07_r00_seed25007,25007,up,880,21,train,-1.64,0.87,0.87,0.17143750000000005
2122,d25_t07_r00_s022,2.23,7,0,42,ising2d_t07_r00_seed25007,25007,up,920,22,train,-1.64,0.885,0.885,0.15831249999999994
2123,d25_t07_r00_s023,2.23,7,0,42,ising2d_t07_r00_seed25007,25007,up,960,23,train,-1.52,0.815,0.815,0.16075
2124,d25_t07_r00_s024,2.23,7,0,42,ising2d_t07_r00_seed25007,25007,up,1000,24,train,-1.61,0.89,0.89,0.14543750000000005
2125,d25_t07_r00_s025,2.23,7,0,42,ising2d_t07_r00_seed25007,25007,up,1040,25,train,-1.48,0.785,0.785,0.1699375
2126,d25_t07_r00_s026,2.23,7,0,42,ising2d_t07_r00_seed25007,25007,up,1080,26,train,-1.59,0.855,0.855,0.11200000000000002
2127,d25_t07_r00_s027,2.23,7,0,42,ising2d_t07_r00_seed25007,25007,up,1120,27,train,-1.42,0.675,0.675,0.17925000000000008
2128,d25_t07_r00_s028,2.23,7,0,42,ising2d_t07_r00_seed25007,25007,up,1160,28,train,-1.6,0.74,0.74,0.17818749999999994
2129,d25_t07_r00_s029,2.23,7,0,42,ising2d_t07_r00_seed25007,25007,up,1200,29,train,-1.57,0.83,0.83,0.15987499999999996
2130,d25_t07_r00_s030,2.23,7,0,42,ising2d_t07_r00_seed25007,25007,up,1240,30,train,-1.72,0.91,0.91,0.14437499999999998
2131,d25_t07_r00_s031,2.23,7,0,42,ising2d_t07_r00_seed25007,25007,up,1280,31,train,-1.53,0.825,0.825,0.12156249999999999
2132,d25_t07_r00_s032,2.23,7,0,42,ising2d_t07_r00_seed25007,25007,up,1320,32,train,-1.37,0.66,0.66,0.16356249999999997
2133,d25_t07_r00_s033,2.23,7,0,42,ising2d_t07_r00_seed25007,25007,up,1360,33,train,-1.56,0.825,0.825,0.17881249999999999
2134,d25_t07_r00_s034,2.23,7,0,42,ising2d_t07_r00_seed25007,25007,up,1400,34,train,-1.46,0.735,0.735,0.15050000000000002
2135,d25_t07_r00_s035,2.23,7,0,42,ising2d_t07_r00_seed25007,25007,up,1440,35,train,-1.32,0.65,0.65,0.18681249999999996
2136,d25_t07_r00_s036,2.23,7,0,42,ising2d_t07_r00_seed25007,25007,up,1480,36,train,-1.7,0.9,0.9,0.15387500000000004
2137,d25_t07_r00_s037,2.23,7,0,42,ising2d_t07_r00_seed25007,25007,up,1520,37,train,-1.65,0.88,0.88,0.153125
2138,d25_t07_r00_s038,2.23,7,0,42,ising2d_t07_r00_seed25007,25007,up,1560,38,train,-1.77,0.94,0.94,0.13175
2139,d25_t07_r00_s039,2.23,7,0,42,ising2d_t07_r00_seed25007,25007,up,1600,39,train,-1.39,0.74,0.74,0.13824999999999998
2140,d25_t07_r00_s040,2.23,7,0,42,ising2d_t07_r00_seed25007,25007,up,1640,40,train,-1.5,0.82,0.82,0.19100000000000003
2141,d25_t07_r00_s041,2.23,7,0,42,ising2d_t07_r00_seed25007,25007,up,1680,41,train,-1.74,0.915,0.915,0.13506250000000003
2142,d25_t07_r00_s042,2.23,7,0,42,ising2d_t07_r00_seed25007,25007,up,1720,42,train,-1.66,0.84,0.84,0.1409375
2143,d25_t07_r00_s043,2.23,7,0,42,ising2d_t07_r00_seed25007,25007,up,1760,43,train,-1.54,0.78,0.78,0.17612500000000003
2144,d25_t07_r00_s044,2.23,7,0,42,ising2d_t07_r00_seed25007,25007,up,1800,44,train,-1.58,0.805,0.805,0.16368749999999999
2145,d25_t07_r00_s045,2.23,7,0,42,ising2d_t07_r00_seed25007,25007,up,1840,45,train,-1.76,0.92,0.92,0.1224375
2146,d25_t07_r00_s046,2.23,7,0,42,ising2d_t07_r00_seed25007,25007,up,1880,46,train,-1.54,0.8,0.8,0.12737500000000004
2147,d25_t07_r00_s047,2.23,7,0,42,ising2d_t07_r00_seed25007,25007,up,1920,47,train,-1.42,0.7,0.7,0.1495
2148,d25_t07_r00_s048,2.23,7,0,42,ising2d_t07_r00_seed25007,25007,up,1960,48,train,-1.29,0.69,0.69,0.197875
2149,d25_t07_r00_s049,2.23,7,0,42,ising2d_t07_r00_seed25007,25007,up,2000,49,train,-1.48,0.68,0.68,0.15799999999999997
2150,d25_t07_r01_s000,2.23,7,1,43,ising2d_t07_r01_seed25025,25025,down,40,0,train,-1.57,-0.855,0.855,0.2144375
2151,d25_t07_r01_s001,2.23,7,1,43,ising2d_t07_r01_seed25025,25025,down,80,1,train,-1.62,-0.875,0.875,0.14775
2152,d25_t07_r01_s002,2.23,7,1,43,ising2d_t07_r01_seed25025,25025,down,120,2,train,-1.68,-0.88,0.88,0.15181249999999996
2153,d25_t07_r01_s003,2.23,7,1,43,ising2d_t07_r01_seed25025,25025,down,160,3,train,-1.53,-0.825,0.825,0.14631249999999998
2154,d25_t07_r01_s004,2.23,7,1,43,ising2d_t07_r01_seed25025,25025,down,200,4,train,-1.55,-0.825,0.825,0.12000000000000002
2155,d25_t07_r01_s005,2.23,7,1,43,ising2d_t07_r01_seed25025,25025,down,240,5,train,-1.64,-0.83,0.83,0.1894375
2156,d25_t07_r01_s006,2.23,7,1,43,ising2d_t07_r01_seed25025,25025,down,280,6,train,-1.85,-0.96,0.96,0.13237499999999996
2157,d25_t07_r01_s007,2.23,7,1,43,ising2d_t07_r01_seed25025,25025,down,320,7,train,-1.49,-0.81,0.81,0.12025
2158,d25_t07_r01_s008,2.23,7,1,43,ising2d_t07_r01_seed25025,25025,down,360,8,train,-1.7,-0.905,0.905,0.1124375
2159,d25_t07_r01_s009,2.23,7,1,43,ising2d_t07_r01_seed25025,25025,down,400,9,train,-1.58,-0.86,0.86,0.1505625
2160,d25_t07_r01_s010,2.23,7,1,43,ising2d_t07_r01_seed25025,25025,down,440,10,train,-1.45,-0.78,0.78,0.12387499999999999
2161,d25_t07_r01_s011,2.23,7,1,43,ising2d_t07_r01_seed25025,25025,down,480,11,train,-1.58,-0.845,0.845,0.1326875
2162,d25_t07_r01_s012,2.23,7,1,43,ising2d_t07_r01_seed25025,25025,down,520,12,train,-1.33,-0.47,0.47,0.1865625
2163,d25_t07_r01_s013,2.23,7,1,43,ising2d_t07_r01_seed25025,25025,down,560,13,train,-1.3,-0.435,0.435,0.22381249999999997
2164,d25_t07_r01_s014,2.23,7,1,43,ising2d_t07_r01_seed25025,25025,down,600,14,train,-1.73,-0.9,0.9,0.17668750000000003
2165,d25_t07_r01_s015,2.23,7,1,43,ising2d_t07_r01_seed25025,25025,down,640,15,train,-1.63,-0.885,0.885,0.13568750000000002
2166,d25_t07_r01_s016,2.23,7,1,43,ising2d_t07_r01_seed25025,25025,down,680,16,train,-1.3,-0.54,0.54,0.19456250000000003
2167,d25_t07_r01_s017,2.23,7,1,43,ising2d_t07_r01_seed25025,25025,down,720,17,train,-1.5,-0.815,0.815,0.1715625
2168,d25_t07_r01_s018,2.23,7,1,43,ising2d_t07_r01_seed25025,25025,down,760,18,train,-1.62,-0.865,0.865,0.13337500000000002
2169,d25_t07_r01_s019,2.23,7,1,43,ising2d_t07_r01_seed25025,25025,down,800,19,train,-1.53,-0.85,0.85,0.12281249999999996
2170,d25_t07_r01_s020,2.23,7,1,43,ising2d_t07_r01_seed25025,25025,down,840,20,train,-1.39,-0.73,0.73,0.14875
2171,d25_t07_r01_s021,2.23,7,1,43,ising2d_t07_r01_seed25025,25025,down,880,21,train,-1.54,-0.825,0.825,0.17943749999999997
2172,d25_t07_r01_s022,2.23,7,1,43,ising2d_t07_r01_seed25025,25025,down,920,22,train,-1.43,-0.55,0.55,0.13368750000000001
2173,d25_t07_r01_s023,2.23,7,1,43,ising2d_t07_r01_seed25025,25025,down,960,23,train,-1.52,-0.61,0.61,0.2348749999999999
2174,d25_t07_r01_s024,2.23,7,1,43,ising2d_t07_r01_seed25025,25025,down,1000,24,train,-1.39,-0.635,0.635,0.22106250000000008
2175,d25_t07_r01_s025,2.23,7,1,43,ising2d_t07_r01_seed25025,25025,down,1040,25,train,-1.46,-0.79,0.79,0.1569375
2176,d25_t07_r01_s026,2.23,7,1,43,ising2d_t07_r01_seed25025,25025,down,1080,26,train,-1.55,-0.84,0.84,0.136375
2177,d25_t07_r01_s027,2.23,7,1,43,ising2d_t07_r01_seed25025,25025,down,1120,27,train,-1.55,-0.805,0.805,0.16906250000000006
2178,d25_t07_r01_s028,2.23,7,1,43,ising2d_t07_r01_seed25025,25025,down,1160,28,train,-1.45,-0.79,0.79,0.1303125
2179,d25_t07_r01_s029,2.23,7,1,43,ising2d_t07_r01_seed25025,25025,down,1200,29,train,-1.49,-0.725,0.725,0.1468125
2180,d25_t07_r01_s030,2.23,7,1,43,ising2d_t07_r01_seed25025,25025,down,1240,30,train,-1.45,-0.7,0.7,0.1774375
2181,d25_t07_r01_s031,2.23,7,1,43,ising2d_t07_r01_seed25025,25025,down,1280,31,train,-1.48,-0.795,0.795,0.17168750000000002
2182,d25_t07_r01_s032,2.23,7,1,43,ising2d_t07_r01_seed25025,25025,down,1320,32,train,-1.47,-0.79,0.79,0.15206250000000002
2183,d25_t07_r01_s033,2.23,7,1,43,ising2d_t07_r01_seed25025,25025,down,1360,33,train,-1.59,-0.835,0.835,0.13843749999999996
2184,d25_t07_r01_s034,2.23,7,1,43,ising2d_t07_r01_seed25025,25025,down,1400,34,train,-1.46,-0.73,0.73,0.1505625
2185,d25_t07_r01_s035,2.23,7,1,43,ising2d_t07_r01_seed25025,25025,down,1440,35,train,-1.54,-0.785,0.785,0.14131249999999998
2186,d25_t07_r01_s036,2.23,7,1,43,ising2d_t07_r01_seed25025,25025,down,1480,36,train,-1.69,-0.88,0.88,0.13993750000000002
2187,d25_t07_r01_s037,2.23,7,1,43,ising2d_t07_r01_seed25025,25025,down,1520,37,train,-1.58,-0.845,0.845,0.11256249999999997
2188,d25_t07_r01_s038,2.23,7,1,43,ising2d_t07_r01_seed25025,25025,down,1560,38,train,-1.27,-0.585,0.585,0.163875
2189,d25_t07_r01_s039,2.23,7,1,43,ising2d_t07_r01_seed25025,25025,down,1600,39,train,-1.35,-0.755,0.755,0.17887500000000003
2190,d25_t07_r01_s040,2.23,7,1,43,ising2d_t07_r01_seed25025,25025,down,1640,40,train,-1.6,-0.87,0.87,0.13918749999999996
2191,d25_t07_r01_s041,2.23,7,1,43,ising2d_t07_r01_seed25025,25025,down,1680,41,train,-1.52,-0.82,0.82,0.14575
2192,d25_t07_r01_s042,2.23,7,1,43,ising2d_t07_r01_seed25025,25025,down,1720,42,train,-1.57,-0.79,0.79,0.17575
2193,d25_t07_r01_s043,2.23,7,1,43,ising2d_t07_r01_seed25025,25025,down,1760,43,train,-1.65,-0.895,0.895,0.14293750000000002
2194,d25_t07_r01_s044,2.23,7,1,43,ising2d_t07_r01_seed25025,25025,down,1800,44,train,-1.44,-0.78,0.78,0.13518750000000002
2195,d25_t07_r01_s045,2.23,7,1,43,ising2d_t07_r01_seed25025,25025,down,1840,45,train,-1.45,-0.74,0.74,0.14537500000000003
2196,d25_t07_r01_s046,2.23,7,1,43,ising2d_t07_r01_seed25025,25025,down,1880,46,train,-1.45,-0.69,0.69,0.20774999999999996
2197,d25_t07_r01_s047,2.23,7,1,43,ising2d_t07_r01_seed25025,25025,down,1920,47,train,-1.56,-0.855,0.855,0.14356249999999998
2198,d25_t07_r01_s048,2.23,7,1,43,ising2d_t07_r01_seed25025,25025,down,1960,48,train,-1.27,-0.595,0.595,0.160375
2199,d25_t07_r01_s049,2.23,7,1,43,ising2d_t07_r01_seed25025,25025,down,2000,49,train,-1.66,-0.82,0.82,0.1581875
2200,d25_t07_r02_s000,2.23,7,2,44,ising2d_t07_r02_seed25043,25043,up,40,0,validation,-1.54,0.84,0.84,0.13662499999999997
2201,d25_t07_r02_s001,2.23,7,2,44,ising2d_t07_r02_seed25043,25043,up,80,1,validation,-1.5,0.81,0.81,0.12475
2202,d25_t07_r02_s002,2.23,7,2,44,ising2d_t07_r02_seed25043,25043,up,120,2,validation,-1.24,0.635,0.635,0.14356250000000007
2203,d25_t07_r02_s003,2.23,7,2,44,ising2d_t07_r02_seed25043,25043,up,160,3,validation,-1.55,0.84,0.84,0.14218749999999997
2204,d25_t07_r02_s004,2.23,7,2,44,ising2d_t07_r02_seed25043,25043,up,200,4,validation,-1.19,0.57,0.57,0.18812500000000004
2205,d25_t07_r02_s005,2.23,7,2,44,ising2d_t07_r02_seed25043,25043,up,240,5,validation,-1.25,0.255,0.255,0.22456250000000005
2206,d25_t07_r02_s006,2.23,7,2,44,ising2d_t07_r02_seed25043,25043,up,280,6,validation,-1.23,-0.03,0.03,0.24218749999999994
2207,d25_t07_r02_s007,2.23,7,2,44,ising2d_t07_r02_seed25043,25043,up,320,7,validation,-1.4,-0.45,0.45,0.22474999999999995
2208,d25_t07_r02_s008,2.23,7,2,44,ising2d_t07_r02_seed25043,25043,up,360,8,validation,-1.45,-0.36,0.36,0.198
2209,d25_t07_r02_s009,2.23,7,2,44,ising2d_t07_r02_seed25043,25043,up,400,9,validation,-1.42,-0.66,0.66,0.24112499999999998
2210,d25_t07_r02_s010,2.23,7,2,44,ising2d_t07_r02_seed25043,25043,up,440,10,validation,-1.55,-0.825,0.825,0.14843749999999997
2211,d25_t07_r02_s011,2.23,7,2,44,ising2d_t07_r02_seed25043,25043,up,480,11,validation,-1.47,-0.81,0.81,0.14068749999999994
2212,d25_t07_r02_s012,2.23,7,2,44,ising2d_t07_r02_seed25043,25043,up,520,12,validation,-1.35,-0.745,0.745,0.1648125
2213,d25_t07_r02_s013,2.23,7,2,44,ising2d_t07_r02_seed25043,25043,up,560,13,validation,-1.41,-0.755,0.755,0.15325000000000005
2214,d25_t07_r02_s014,2.23,7,2,44,ising2d_t07_r02_seed25043,25043,up,600,14,validation,-1.58,-0.87,0.87,0.16668749999999996
2215,d25_t07_r02_s015,2.23,7,2,44,ising2d_t07_r02_seed25043,25043,up,640,15,validation,-1.42,-0.74,0.74,0.15737500000000004
2216,d25_t07_r02_s016,2.23,7,2,44,ising2d_t07_r02_seed25043,25043,up,680,16,validation,-1.76,-0.93,0.93,0.14150000000000001
2217,d25_t07_r02_s017,2.23,7,2,44,ising2d_t07_r02_seed25043,25043,up,720,17,validation,-1.56,-0.685,0.685,0.1753125
2218,d25_t07_r02_s018,2.23,7,2,44,ising2d_t07_r02_seed25043,25043,up,760,18,validation,-1.67,-0.89,0.89,0.1651875
2219,d25_t07_r02_s019,2.23,7,2,44,ising2d_t07_r02_seed25043,25043,up,800,19,validation,-1.3,-0.6,0.6,0.18287499999999998
2220,d25_t07_r02_s020,2.23,7,2,44,ising2d_t07_r02_seed25043,25043,up,840,20,validation,-1.48,-0.56,0.56,0.17387499999999997
2221,d25_t07_r02_s021,2.23,7,2,44,ising2d_t07_r02_seed25043,25043,up,880,21,validation,-1.47,-0.795,0.795,0.18206249999999996
2222,d25_t07_r02_s022,2.23,7,2,44,ising2d_t07_r02_seed25043,25043,up,920,22,validation,-1.36,-0.695,0.695,0.16724999999999998
2223,d25_t07_r02_s023,2.23,7,2,44,ising2d_t07_r02_seed25043,25043,up,960,23,validation,-1.6,-0.875,0.875,0.20062499999999997
2224,d25_t07_r02_s024,2.23,7,2,44,ising2d_t07_r02_seed25043,25043,up,1000,24,validation,-1.53,-0.73,0.73,0.1478125
2225,d25_t07_r02_s025,2.23,7,2,44,ising2d_t07_r02_seed25043,25043,up,1040,25,validation,-1.55,-0.82,0.82,0.15212499999999995
2226,d25_t07_r02_s026,2.23,7,2,44,ising2d_t07_r02_seed25043,25043,up,1080,26,validation,-1.47,-0.78,0.78,0.153875
2227,d25_t07_r02_s027,2.23,7,2,44,ising2d_t07_r02_seed25043,25043,up,1120,27,validation,-1.24,-0.59,0.59,0.160875
2228,d25_t07_r02_s028,2.23,7,2,44,ising2d_t07_r02_seed25043,25043,up,1160,28,validation,-1.33,-0.435,0.435,0.1836875
2229,d25_t07_r02_s029,2.23,7,2,44,ising2d_t07_r02_seed25043,25043,up,1200,29,validation,-1.24,-0.555,0.555,0.2295000000000001
2230,d25_t07_r02_s030,2.23,7,2,44,ising2d_t07_r02_seed25043,25043,up,1240,30,validation,-1.62,-0.87,0.87,0.15318750000000003
2231,d25_t07_r02_s031,2.23,7,2,44,ising2d_t07_r02_seed25043,25043,up,1280,31,validation,-1.65,-0.89,0.89,0.13999999999999996
2232,d25_t07_r02_s032,2.23,7,2,44,ising2d_t07_r02_seed25043,25043,up,1320,32,validation,-1.7,-0.905,0.905,0.1124375
2233,d25_t07_r02_s033,2.23,7,2,44,ising2d_t07_r02_seed25043,25043,up,1360,33,validation,-1.67,-0.905,0.905,0.12274999999999998
2234,d25_t07_r02_s034,2.23,7,2,44,ising2d_t07_r02_seed25043,25043,up,1400,34,validation,-1.71,-0.905,0.905,0.12700000000000006
2235,d25_t07_r02_s035,2.23,7,2,44,ising2d_t07_r02_seed25043,25043,up,1440,35,validation,-1.52,-0.785,0.785,0.17349999999999996
2236,d25_t07_r02_s036,2.23,7,2,44,ising2d_t07_r02_seed25043,25043,up,1480,36,validation,-1.6,-0.855,0.855,0.12962500000000002
2237,d25_t07_r02_s037,2.23,7,2,44,ising2d_t07_r02_seed25043,25043,up,1520,37,validation,-1.54,-0.82,0.82,0.14293750000000002
2238,d25_t07_r02_s038,2.23,7,2,44,ising2d_t07_r02_seed25043,25043,up,1560,38,validation,-1.49,-0.83,0.83,0.19725000000000004
2239,d25_t07_r02_s039,2.23,7,2,44,ising2d_t07_r02_seed25043,25043,up,1600,39,validation,-1.71,-0.92,0.92,0.13187500000000002
2240,d25_t07_r02_s040,2.23,7,2,44,ising2d_t07_r02_seed25043,25043,up,1640,40,validation,-1.36,-0.64,0.64,0.15912500000000002
2241,d25_t07_r02_s041,2.23,7,2,44,ising2d_t07_r02_seed25043,25043,up,1680,41,validation,-1.75,-0.925,0.925,0.1356875
2242,d25_t07_r02_s042,2.23,7,2,44,ising2d_t07_r02_seed25043,25043,up,1720,42,validation,-1.65,-0.845,0.845,0.14674999999999996
2243,d25_t07_r02_s043,2.23,7,2,44,ising2d_t07_r02_seed25043,25043,up,1760,43,validation,-1.42,-0.785,0.785,0.16399999999999998
2244,d25_t07_r02_s044,2.23,7,2,44,ising2d_t07_r02_seed25043,25043,up,1800,44,validation,-1.49,-0.75,0.75,0.1635625
2245,d25_t07_r02_s045,2.23,7,2,44,ising2d_t07_r02_seed25043,25043,up,1840,45,validation,-1.72,-0.905,0.905,0.1720625
2246,d25_t07_r02_s046,2.23,7,2,44,ising2d_t07_r02_seed25043,25043,up,1880,46,validation,-1.46,-0.745,0.745,0.16875000000000004
2247,d25_t07_r02_s047,2.23,7,2,44,ising2d_t07_r02_seed25043,25043,up,1920,47,validation,-1.48,-0.82,0.82,0.1351875
2248,d25_t07_r02_s048,2.23,7,2,44,ising2d_t07_r02_seed25043,25043,up,1960,48,validation,-1.57,-0.82,0.82,0.134125
2249,d25_t07_r02_s049,2.23,7,2,44,ising2d_t07_r02_seed25043,25043,up,2000,49,validation,-1.53,-0.74,0.74,0.148125
2250,d25_t07_r03_s000,2.23,7,3,45,ising2d_t07_r03_seed25061,25061,down,40,0,validation,-1.58,-0.85,0.85,0.1273125
2251,d25_t07_r03_s001,2.23,7,3,45,ising2d_t07_r03_seed25061,25061,down,80,1,validation,-1.51,-0.8,0.8,0.15449999999999997
2252,d25_t07_r03_s002,2.23,7,3,45,ising2d_t07_r03_seed25061,25061,down,120,2,validation,-1.4,-0.655,0.655,0.15856250000000002
2253,d25_t07_r03_s003,2.23,7,3,45,ising2d_t07_r03_seed25061,25061,down,160,3,validation,-1.4,-0.745,0.745,0.17399999999999996
2254,d25_t07_r03_s004,2.23,7,3,45,ising2d_t07_r03_seed25061,25061,down,200,4,validation,-1.37,-0.665,0.665,0.16925000000000004
2255,d25_t07_r03_s005,2.23,7,3,45,ising2d_t07_r03_seed25061,25061,down,240,5,validation,-1.29,-0.6,0.6,0.1900625
2256,d25_t07_r03_s006,2.23,7,3,45,ising2d_t07_r03_seed25061,25061,down,280,6,validation,-1.39,-0.46,0.46,0.19787499999999997
2257,d25_t07_r03_s007,2.23,7,3,45,ising2d_t07_r03_seed25061,25061,down,320,7,validation,-1.36,-0.505,0.505,0.2203125
2258,d25_t07_r03_s008,2.23,7,3,45,ising2d_t07_r03_seed25061,25061,down,360,8,validation,-1.6,-0.81,0.81,0.18968750000000004
2259,d25_t07_r03_s009,2.23,7,3,45,ising2d_t07_r03_seed25061,25061,down,400,9,validation,-1.36,-0.735,0.735,0.17643750000000005
2260,d25_t07_r03_s010,2.23,7,3,45,ising2d_t07_r03_seed25061,25061,down,440,10,validation,-1.73,-0.84,0.84,0.15381249999999996
2261,d25_t07_r03_s011,2.23,7,3,45,ising2d_t07_r03_seed25061,25061,down,480,11,validation,-1.6,-0.83,0.83,0.13274999999999998
2262,d25_t07_r03_s012,2.23,7,3,45,ising2d_t07_r03_seed25061,25061,down,520,12,validation,-1.62,-0.89,0.89,0.14475000000000005
2263,d25_t07_r03_s013,2.23,7,3,45,ising2d_t07_r03_seed25061,25061,down,560,13,validation,-1.66,-0.89,0.89,0.12762500000000002
2264,d25_t07_r03_s014,2.23,7,3,45,ising2d_t07_r03_seed25061,25061,down,600,14,validation,-1.45,-0.645,0.645,0.1654375
2265,d25_t07_r03_s015,2.23,7,3,45,ising2d_t07_r03_seed25061,25061,down,640,15,validation,-1.55,-0.85,0.85,0.17293750000000002
2266,d25_t07_r03_s016,2.23,7,3,45,ising2d_t07_r03_seed25061,25061,down,680,16,validation,-1.38,-0.76,0.76,0.13874999999999998
2267,d25_t07_r03_s017,2.23,7,3,45,ising2d_t07_r03_seed25061,25061,down,720,17,validation,-1.5,-0.695,0.695,0.18406250000000005
2268,d25_t07_r03_s018,2.23,7,3,45,ising2d_t07_r03_seed25061,25061,down,760,18,validation,-1.31,-0.355,0.355,0.20012499999999994
2269,d25_t07_r03_s019,2.23,7,3,45,ising2d_t07_r03_seed25061,25061,down,800,19,validation,-1.33,0.475,0.475,0.2659999999999999
2270,d25_t07_r03_s020,2.23,7,3,45,ising2d_t07_r03_seed25061,25061,down,840,20,validation,-1.35,0.78,0.78,0.2064375
2271,d25_t07_r03_s021,2.23,7,3,45,ising2d_t07_r03_seed25061,25061,down,880,21,validation,-1.48,0.82,0.82,0.15662500000000001
2272,d25_t07_r03_s022,2.23,7,3,45,ising2d_t07_r03_seed25061,25061,down,920,22,validation,-1.72,0.895,0.895,0.1386875
2273,d25_t07_r03_s023,2.23,7,3,45,ising2d_t07_r03_seed25061,25061,down,960,23,validation,-1.66,0.86,0.86,0.1326875
2274,d25_t07_r03_s024,2.23,7,3,45,ising2d_t07_r03_seed25061,25061,down,1000,24,validation,-1.49,0.835,0.835,0.12731250000000002
2275,d25_t07_r03_s025,2.23,7,3,45,ising2d_t07_r03_seed25061,25061,down,1040,25,validation,-1.47,0.82,0.82,0.1498125
2276,d25_t07_r03_s026,2.23,7,3,45,ising2d_t07_r03_seed25061,25061,down,1080,26,validation,-1.46,0.765,0.765,0.15943750000000004
2277,d25_t07_r03_s027,2.23,7,3,45,ising2d_t07_r03_seed25061,25061,down,1120,27,validation,-1.44,0.655,0.655,0.17924999999999996
2278,d25_t07_r03_s028,2.23,7,3,45,ising2d_t07_r03_seed25061,25061,down,1160,28,validation,-1.54,0.81,0.81,0.16856249999999995
2279,d25_t07_r03_s029,2.23,7,3,45,ising2d_t07_r03_seed25061,25061,down,1200,29,validation,-1.59,0.855,0.855,0.16868749999999993
2280,d25_t07_r03_s030,2.23,7,3,45,ising2d_t07_r03_seed25061,25061,down,1240,30,validation,-1.77,0.935,0.935,0.13674999999999998
2281,d25_t07_r03_s031,2.23,7,3,45,ising2d_t07_r03_seed25061,25061,down,1280,31,validation,-1.49,0.755,0.755,0.13724999999999998
2282,d25_t07_r03_s032,2.23,7,3,45,ising2d_t07_r03_seed25061,25061,down,1320,32,validation,-1.64,0.89,0.89,0.17568749999999997
2283,d25_t07_r03_s033,2.23,7,3,45,ising2d_t07_r03_seed25061,25061,down,1360,33,validation,-1.66,0.88,0.88,0.11612499999999999
2284,d25_t07_r03_s034,2.23,7,3,45,ising2d_t07_r03_seed25061,25061,down,1400,34,validation,-1.6,0.865,0.865,0.16481250000000003
2285,d25_t07_r03_s035,2.23,7,3,45,ising2d_t07_r03_seed25061,25061,down,1440,35,validation,-1.46,0.815,0.815,0.15387499999999998
2286,d25_t07_r03_s036,2.23,7,3,45,ising2d_t07_r03_seed25061,25061,down,1480,36,validation,-1.49,0.825,0.825,0.154875
2287,d25_t07_r03_s037,2.23,7,3,45,ising2d_t07_r03_seed25061,25061,down,1520,37,validation,-1.5,0.81,0.81,0.14681249999999998
2288,d25_t07_r03_s038,2.23,7,3,45,ising2d_t07_r03_seed25061,25061,down,1560,38,validation,-1.41,0.745,0.745,0.13856249999999998
2289,d25_t07_r03_s039,2.23,7,3,45,ising2d_t07_r03_seed25061,25061,down,1600,39,validation,-1.4,0.675,0.675,0.15350000000000003
2290,d25_t07_r03_s040,2.23,7,3,45,ising2d_t07_r03_seed25061,25061,down,1640,40,validation,-1.66,0.76,0.76,0.1826875
2291,d25_t07_r03_s041,2.23,7,3,45,ising2d_t07_r03_seed25061,25061,down,1680,41,validation,-1.63,0.87,0.87,0.153625
2292,d25_t07_r03_s042,2.23,7,3,45,ising2d_t07_r03_seed25061,25061,down,1720,42,validation,-1.49,0.795,0.795,0.1439375
2293,d25_t07_r03_s043,2.23,7,3,45,ising2d_t07_r03_seed25061,25061,down,1760,43,validation,-1.78,0.935,0.935,0.145625
2294,d25_t07_r03_s044,2.23,7,3,45,ising2d_t07_r03_seed25061,25061,down,1800,44,validation,-1.49,0.785,0.785,0.14087500000000003
2295,d25_t07_r03_s045,2.23,7,3,45,ising2d_t07_r03_seed25061,25061,down,1840,45,validation,-1.38,0.65,0.65,0.17781249999999998
2296,d25_t07_r03_s046,2.23,7,3,45,ising2d_t07_r03_seed25061,25061,down,1880,46,validation,-1.55,0.75,0.75,0.15950000000000003
2297,d25_t07_r03_s047,2.23,7,3,45,ising2d_t07_r03_seed25061,25061,down,1920,47,validation,-1.42,0.795,0.795,0.1519375
2298,d25_t07_r03_s048,2.23,7,3,45,ising2d_t07_r03_seed25061,25061,down,1960,48,validation,-1.68,0.91,0.91,0.14056249999999998
2299,d25_t07_r03_s049,2.23,7,3,45,ising2d_t07_r03_seed25061,25061,down,2000,49,validation,-1.6,0.82,0.82,0.146625
2300,d25_t07_r04_s000,2.23,7,4,46,ising2d_t07_r04_seed25079,25079,up,40,0,test,-1.68,0.91,0.91,0.16493750000000007
2301,d25_t07_r04_s001,2.23,7,4,46,ising2d_t07_r04_seed25079,25079,up,80,1,test,-1.21,0.65,0.65,0.1575
2302,d25_t07_r04_s002,2.23,7,4,46,ising2d_t07_r04_seed25079,25079,up,120,2,test,-1.51,0.805,0.805,0.1735625
2303,d25_t07_r04_s003,2.23,7,4,46,ising2d_t07_r04_seed25079,25079,up,160,3,test,-1.59,0.835,0.835,0.18699999999999997
2304,d25_t07_r04_s004,2.23,7,4,46,ising2d_t07_r04_seed25079,25079,up,200,4,test,-1.5,0.82,0.82,0.14218749999999997
2305,d25_t07_r04_s005,2.23,7,4,46,ising2d_t07_r04_seed25079,25079,up,240,5,test,-1.65,0.88,0.88,0.133
2306,d25_t07_r04_s006,2.23,7,4,46,ising2d_t07_r04_seed25079,25079,up,280,6,test,-1.59,0.865,0.865,0.17406249999999995
2307,d25_t07_r04_s007,2.23,7,4,46,ising2d_t07_r04_seed25079,25079,up,320,7,test,-1.5,0.765,0.765,0.15262499999999998
2308,d25_t07_r04_s008,2.23,7,4,46,ising2d_t07_r04_seed25079,25079,up,360,8,test,-1.52,0.83,0.83,0.16618750000000002
2309,d25_t07_r04_s009,2.23,7,4,46,ising2d_t07_r04_seed25079,25079,up,400,9,test,-1.49,0.805,0.805,0.1408125
2310,d25_t07_r04_s010,2.23,7,4,46,ising2d_t07_r04_seed25079,25079,up,440,10,test,-1.57,0.825,0.825,0.13699999999999998
2311,d25_t07_r04_s011,2.23,7,4,46,ising2d_t07_r04_seed25079,25079,up,480,11,test,-1.55,0.795,0.795,0.14100000000000004
2312,d25_t07_r04_s012,2.23,7,4,46,ising2d_t07_r04_seed25079,25079,up,520,12,test,-1.64,0.85,0.85,0.1765625
2313,d25_t07_r04_s013,2.23,7,4,46,ising2d_t07_r04_seed25079,25079,up,560,13,test,-1.49,0.805,0.805,0.12443750000000002
2314,d25_t07_r04_s014,2.23,7,4,46,ising2d_t07_r04_seed25079,25079,up,600,14,test,-1.49,0.695,0.695,0.16087500000000002
2315,d25_t07_r04_s015,2.23,7,4,46,ising2d_t07_r04_seed25079,25079,up,640,15,test,-1.35,0.415,0.415,0.2465
2316,d25_t07_r04_s016,2.23,7,4,46,ising2d_t07_r04_seed25079,25079,up,680,16,test,-1.32,0.135,0.135,0.2672500000000001
2317,d25_t07_r04_s017,2.23,7,4,46,ising2d_t07_r04_seed25079,25079,up,720,17,test,-1.34,0.345,0.345,0.22325000000000003
2318,d25_t07_r04_s018,2.23,7,4,46,ising2d_t07_r04_seed25079,25079,up,760,18,test,-1.46,-0.745,0.745,0.25162500000000004
2319,d25_t07_r04_s019,2.23,7,4,46,ising2d_t07_r04_seed25079,25079,up,800,19,test,-1.56,-0.74,0.74,0.1663125
2320,d25_t07_r04_s020,2.23,7,4,46,ising2d_t07_r04_seed25079,25079,up,840,20,test,-1.56,-0.82,0.82,0.146125
2321,d25_t07_r04_s021,2.23,7,4,46,ising2d_t07_r04_seed25079,25079,up,880,21,test,-1.35,-0.73,0.73,0.13562499999999997
2322,d25_t07_r04_s022,2.23,7,4,46,ising2d_t07_r04_seed25079,25079,up,920,22,test,-1.37,-0.78,0.78,0.13087500000000002
2323,d25_t07_r04_s023,2.23,7,4,46,ising2d_t07_r04_seed25079,25079,up,960,23,test,-1.59,-0.83,0.83,0.16512500000000002
2324,d25_t07_r04_s024,2.23,7,4,46,ising2d_t07_r04_seed25079,25079,up,1000,24,test,-1.37,-0.64,0.64,0.18424999999999997
2325,d25_t07_r04_s025,2.23,7,4,46,ising2d_t07_r04_seed25079,25079,up,1040,25,test,-1.46,-0.72,0.72,0.194
2326,d25_t07_r04_s026,2.23,7,4,46,ising2d_t07_r04_seed25079,25079,up,1080,26,test,-1.66,-0.895,0.895,0.14543750000000003
2327,d25_t07_r04_s027,2.23,7,4,46,ising2d_t07_r04_seed25079,25079,up,1120,27,test,-1.42,-0.69,0.69,0.1793125
2328,d25_t07_r04_s028,2.23,7,4,46,ising2d_t07_r04_seed25079,25079,up,1160,28,test,-1.46,-0.82,0.82,0.15487500000000004
2329,d25_t07_r04_s029,2.23,7,4,46,ising2d_t07_r04_seed25079,25079,up,1200,29,test,-1.57,-0.845,0.845,0.14606250000000004
2330,d25_t07_r04_s030,2.23,7,4,46,ising2d_t07_r04_seed25079,25079,up,1240,30,test,-1.56,-0.825,0.825,0.14450000000000002
2331,d25_t07_r04_s031,2.23,7,4,46,ising2d_t07_r04_seed25079,25079,up,1280,31,test,-1.67,-0.86,0.86,0.14756249999999999
2332,d25_t07_r04_s032,2.23,7,4,46,ising2d_t07_r04_seed25079,25079,up,1320,32,test,-1.55,-0.835,0.835,0.1683125
2333,d25_t07_r04_s033,2.23,7,4,46,ising2d_t07_r04_seed25079,25079,up,1360,33,test,-1.4,-0.74,0.74,0.15168749999999998
2334,d25_t07_r04_s034,2.23,7,4,46,ising2d_t07_r04_seed25079,25079,up,1400,34,test,-1.63,-0.87,0.87,0.157125
2335,d25_t07_r04_s035,2.23,7,4,46,ising2d_t07_r04_seed25079,25079,up,1440,35,test,-1.29,-0.76,0.76,0.161625
2336,d25_t07_r04_s036,2.23,7,4,46,ising2d_t07_r04_seed25079,25079,up,1480,36,test,-1.62,-0.855,0.855,0.1211875
2337,d25_t07_r04_s037,2.23,7,4,46,ising2d_t07_r04_seed25079,25079,up,1520,37,test,-1.45,-0.76,0.76,0.15043750000000003
2338,d25_t07_r04_s038,2.23,7,4,46,ising2d_t07_r04_seed25079,25079,up,1560,38,test,-1.37,-0.73,0.73,0.21999999999999997
2339,d25_t07_r04_s039,2.23,7,4,46,ising2d_t07_r04_seed25079,25079,up,1600,39,test,-1.44,-0.76,0.76,0.22312500000000002
2340,d25_t07_r04_s040,2.23,7,4,46,ising2d_t07_r04_seed25079,25079,up,1640,40,test,-1.52,-0.82,0.82,0.12075000000000002
2341,d25_t07_r04_s041,2.23,7,4,46,ising2d_t07_r04_seed25079,25079,up,1680,41,test,-1.6,-0.78,0.78,0.148
2342,d25_t07_r04_s042,2.23,7,4,46,ising2d_t07_r04_seed25079,25079,up,1720,42,test,-1.51,-0.795,0.795,0.13781249999999995
2343,d25_t07_r04_s043,2.23,7,4,46,ising2d_t07_r04_seed25079,25079,up,1760,43,test,-1.48,-0.55,0.55,0.18993750000000004
2344,d25_t07_r04_s044,2.23,7,4,46,ising2d_t07_r04_seed25079,25079,up,1800,44,test,-1.74,-0.9,0.9,0.18775000000000003
2345,d25_t07_r04_s045,2.23,7,4,46,ising2d_t07_r04_seed25079,25079,up,1840,45,test,-1.45,-0.805,0.805,0.12243749999999998
2346,d25_t07_r04_s046,2.23,7,4,46,ising2d_t07_r04_seed25079,25079,up,1880,46,test,-1.63,-0.82,0.82,0.1601875
2347,d25_t07_r04_s047,2.23,7,4,46,ising2d_t07_r04_seed25079,25079,up,1920,47,test,-1.56,-0.79,0.79,0.17212499999999992
2348,d25_t07_r04_s048,2.23,7,4,46,ising2d_t07_r04_seed25079,25079,up,1960,48,test,-1.58,-0.855,0.855,0.15343749999999998
2349,d25_t07_r04_s049,2.23,7,4,46,ising2d_t07_r04_seed25079,25079,up,2000,49,test,-1.53,-0.845,0.845,0.116125
2350,d25_t07_r05_s000,2.23,7,5,47,ising2d_t07_r05_seed25097,25097,down,40,0,test,-1.58,-0.825,0.825,0.15512499999999999
2351,d25_t07_r05_s001,2.23,7,5,47,ising2d_t07_r05_seed25097,25097,down,80,1,test,-1.67,-0.85,0.85,0.17343750000000005
2352,d25_t07_r05_s002,2.23,7,5,47,ising2d_t07_r05_seed25097,25097,down,120,2,test,-1.56,-0.835,0.835,0.12918749999999998
2353,d25_t07_r05_s003,2.23,7,5,47,ising2d_t07_r05_seed25097,25097,down,160,3,test,-1.46,-0.8,0.8,0.13418749999999996
2354,d25_t07_r05_s004,2.23,7,5,47,ising2d_t07_r05_seed25097,25097,down,200,4,test,-1.28,-0.585,0.585,0.18943749999999998
2355,d25_t07_r05_s005,2.23,7,5,47,ising2d_t07_r05_seed25097,25097,down,240,5,test,-1.54,-0.845,0.845,0.14475
2356,d25_t07_r05_s006,2.23,7,5,47,ising2d_t07_r05_seed25097,25097,down,280,6,test,-1.42,-0.79,0.79,0.1189375
2357,d25_t07_r05_s007,2.23,7,5,47,ising2d_t07_r05_seed25097,25097,down,320,7,test,-1.5,-0.725,0.725,0.16818750000000002
2358,d25_t07_r05_s008,2.23,7,5,47,ising2d_t07_r05_seed25097,25097,down,360,8,test,-1.72,-0.92,0.92,0.17706250000000004
2359,d25_t07_r05_s009,2.23,7,5,47,ising2d_t07_r05_seed25097,25097,down,400,9,test,-1.65,-0.835,0.835,0.1695625
2360,d25_t07_r05_s010,2.23,7,5,47,ising2d_t07_r05_seed25097,25097,down,440,10,test,-1.6,-0.835,0.835,0.174
2361,d25_t07_r05_s011,2.23,7,5,47,ising2d_t07_r05_seed25097,25097,down,480,11,test,-1.66,-0.87,0.87,0.18218750000000003
2362,d25_t07_r05_s012,2.23,7,5,47,ising2d_t07_r05_seed25097,25097,down,520,12,test,-1.55,-0.87,0.87,0.1545
2363,d25_t07_r05_s013,2.23,7,5,47,ising2d_t07_r05_seed25097,25097,down,560,13,test,-1.48,-0.795,0.795,0.14881250000000001
2364,d25_t07_r05_s014,2.23,7,5,47,ising2d_t07_r05_seed25097,25097,down,600,14,test,-1.46,-0.815,0.815,0.13600000000000004
2365,d25_t07_r05_s015,2.23,7,5,47,ising2d_t07_r05_seed25097,25097,down,640,15,test,-1.78,-0.935,0.935,0.13249999999999998
2366,d25_t07_r05_s016,2.23,7,5,47,ising2d_t07_r05_seed25097,25097,down,680,16,test,-1.57,-0.835,0.835,0.12262500000000001
2367,d25_t07_r05_s017,2.23,7,5,47,ising2d_t07_r05_seed25097,25097,down,720,17,test,-1.35,-0.625,0.625,0.15987499999999993
2368,d25_t07_r05_s018,2.23,7,5,47,ising2d_t07_r05_seed25097,25097,down,760,18,test,-1.39,-0.41,0.41,0.2280625
2369,d25_t07_r05_s019,2.23,7,5,47,ising2d_t07_r05_seed25097,25097,down,800,19,test,-1.2,-0.545,0.545,0.2048125
2370,d25_t07_r05_s020,2.23,7,5,47,ising2d_t07_r05_seed25097,25097,down,840,20,test,-1.64,-0.895,0.895,0.179875
2371,d25_t07_r05_s021,2.23,7,5,47,ising2d_t07_r05_seed25097,25097,down,880,21,test,-1.74,-0.925,0.925,0.16712500000000002
2372,d25_t07_r05_s022,2.23,7,5,47,ising2d_t07_r05_seed25097,25097,down,920,22,test,-1.49,-0.775,0.775,0.135125
2373,d25_t07_r05_s023,2.23,7,5,47,ising2d_t07_r05_seed25097,25097,down,960,23,test,-1.5,-0.765,0.765,0.15975
2374,d25_t07_r05_s024,2.23,7,5,47,ising2d_t07_r05_seed25097,25097,down,1000,24,test,-1.39,-0.725,0.725,0.166125
2375,d25_t07_r05_s025,2.23,7,5,47,ising2d_t07_r05_seed25097,25097,down,1040,25,test,-1.72,-0.925,0.925,0.13050000000000003
2376,d25_t07_r05_s026,2.23,7,5,47,ising2d_t07_r05_seed25097,25097,down,1080,26,test,-1.48,-0.81,0.81,0.10881249999999998
2377,d25_t07_r05_s027,2.23,7,5,47,ising2d_t07_r05_seed25097,25097,down,1120,27,test,-1.4,-0.65,0.65,0.19687500000000002
2378,d25_t07_r05_s028,2.23,7,5,47,ising2d_t07_r05_seed25097,25097,down,1160,28,test,-1.27,-0.725,0.725,0.16806249999999998
2379,d25_t07_r05_s029,2.23,7,5,47,ising2d_t07_r05_seed25097,25097,down,1200,29,test,-1.67,-0.88,0.88,0.15643749999999998
2380,d25_t07_r05_s030,2.23,7,5,47,ising2d_t07_r05_seed25097,25097,down,1240,30,test,-1.54,-0.835,0.835,0.12906250000000002
2381,d25_t07_r05_s031,2.23,7,5,47,ising2d_t07_r05_seed25097,25097,down,1280,31,test,-1.61,-0.79,0.79,0.12368749999999999
2382,d25_t07_r05_s032,2.23,7,5,47,ising2d_t07_r05_seed25097,25097,down,1320,32,test,-1.52,-0.835,0.835,0.13718750000000002
2383,d25_t07_r05_s033,2.23,7,5,47,ising2d_t07_r05_seed25097,25097,down,1360,33,test,-1.51,-0.775,0.775,0.142125
2384,d25_t07_r05_s034,2.23,7,5,47,ising2d_t07_r05_seed25097,25097,down,1400,34,test,-1.45,-0.57,0.57,0.19318750000000004
2385,d25_t07_r05_s035,2.23,7,5,47,ising2d_t07_r05_seed25097,25097,down,1440,35,test,-1.56,-0.79,0.79,0.193125
2386,d25_t07_r05_s036,2.23,7,5,47,ising2d_t07_r05_seed25097,25097,down,1480,36,test,-1.44,-0.715,0.715,0.2130625
2387,d25_t07_r05_s037,2.23,7,5,47,ising2d_t07_r05_seed25097,25097,down,1520,37,test,-1.51,-0.795,0.795,0.14400000000000004
2388,d25_t07_r05_s038,2.23,7,5,47,ising2d_t07_r05_seed25097,25097,down,1560,38,test,-1.65,-0.9,0.9,0.15018749999999997
2389,d25_t07_r05_s039,2.23,7,5,47,ising2d_t07_r05_seed25097,25097,down,1600,39,test,-1.41,-0.68,0.68,0.14324999999999996
2390,d25_t07_r05_s040,2.23,7,5,47,ising2d_t07_r05_seed25097,25097,down,1640,40,test,-1.64,-0.905,0.905,0.16006250000000002
2391,d25_t07_r05_s041,2.23,7,5,47,ising2d_t07_r05_seed25097,25097,down,1680,41,test,-1.45,-0.8,0.8,0.13668750000000002
2392,d25_t07_r05_s042,2.23,7,5,47,ising2d_t07_r05_seed25097,25097,down,1720,42,test,-1.41,-0.76,0.76,0.13325
2393,d25_t07_r05_s043,2.23,7,5,47,ising2d_t07_r05_seed25097,25097,down,1760,43,test,-1.38,-0.725,0.725,0.1681875
2394,d25_t07_r05_s044,2.23,7,5,47,ising2d_t07_r05_seed25097,25097,down,1800,44,test,-1.41,-0.68,0.68,0.18606249999999996
2395,d25_t07_r05_s045,2.23,7,5,47,ising2d_t07_r05_seed25097,25097,down,1840,45,test,-1.53,-0.86,0.86,0.17624999999999996
2396,d25_t07_r05_s046,2.23,7,5,47,ising2d_t07_r05_seed25097,25097,down,1880,46,test,-1.52,-0.785,0.785,0.1835625
2397,d25_t07_r05_s047,2.23,7,5,47,ising2d_t07_r05_seed25097,25097,down,1920,47,test,-1.54,-0.8,0.8,0.1573125
2398,d25_t07_r05_s048,2.23,7,5,47,ising2d_t07_r05_seed25097,25097,down,1960,48,test,-1.45,-0.8,0.8,0.15287500000000004
2399,d25_t07_r05_s049,2.23,7,5,47,ising2d_t07_r05_seed25097,25097,down,2000,49,test,-1.48,-0.665,0.665,0.20056250000000003
2400,d25_t08_r00_s000,2.25,8,0,48,ising2d_t08_r00_seed25008,25008,up,40,0,train,-1.47,0.8,0.8,0.15700000000000003
2401,d25_t08_r00_s001,2.25,8,0,48,ising2d_t08_r00_seed25008,25008,up,80,1,train,-1.6,0.89,0.89,0.13962500000000003
2402,d25_t08_r00_s002,2.25,8,0,48,ising2d_t08_r00_seed25008,25008,up,120,2,train,-1.5,0.785,0.785,0.16306250000000003
2403,d25_t08_r00_s003,2.25,8,0,48,ising2d_t08_r00_seed25008,25008,up,160,3,train,-1.63,0.895,0.895,0.14712499999999998
2404,d25_t08_r00_s004,2.25,8,0,48,ising2d_t08_r00_seed25008,25008,up,200,4,train,-1.66,0.89,0.89,0.14368750000000002
2405,d25_t08_r00_s005,2.25,8,0,48,ising2d_t08_r00_seed25008,25008,up,240,5,train,-1.52,0.775,0.775,0.14956250000000001
2406,d25_t08_r00_s006,2.25,8,0,48,ising2d_t08_r00_seed25008,25008,up,280,6,train,-1.66,0.885,0.885,0.13624999999999995
2407,d25_t08_r00_s007,2.25,8,0,48,ising2d_t08_r00_seed25008,25008,up,320,7,train,-1.43,0.675,0.675,0.19837500000000002
2408,d25_t08_r00_s008,2.25,8,0,48,ising2d_t08_r00_seed25008,25008,up,360,8,train,-1.58,0.805,0.805,0.19149999999999995
2409,d25_t08_r00_s009,2.25,8,0,48,ising2d_t08_r00_seed25008,25008,up,400,9,train,-1.38,0.71,0.71,0.19706250000000006
2410,d25_t08_r00_s010,2.25,8,0,48,ising2d_t08_r00_seed25008,25008,up,440,10,train,-1.13,0.265,0.265,0.27106249999999993
2411,d25_t08_r00_s011,2.25,8,0,48,ising2d_t08_r00_seed25008,25008,up,480,11,train,-1.51,0.72,0.72,0.23531249999999998
2412,d25_t08_r00_s012,2.25,8,0,48,ising2d_t08_r00_seed25008,25008,up,520,12,train,-1.6,0.88,0.88,0.1955
2413,d25_t08_r00_s013,2.25,8,0,48,ising2d_t08_r00_seed25008,25008,up,560,13,train,-1.45,0.785,0.785,0.1473125
2414,d25_t08_r00_s014,2.25,8,0,48,ising2d_t08_r00_seed25008,25008,up,600,14,train,-1.62,0.885,0.885,0.12774999999999995
2415,d25_t08_r00_s015,2.25,8,0,48,ising2d_t08_r00_seed25008,25008,up,640,15,train,-1.47,0.805,0.805,0.22112500000000007
2416,d25_t08_r00_s016,2.25,8,0,48,ising2d_t08_r00_seed25008,25008,up,680,16,train,-1.43,0.8,0.8,0.16918750000000002
2417,d25_t08_r00_s017,2.25,8,0,48,ising2d_t08_r00_seed25008,25008,up,720,17,train,-1.54,0.72,0.72,0.154375
2418,d25_t08_r00_s018,2.25,8,0,48,ising2d_t08_r00_seed25008,25008,up,760,18,train,-1.16,0.475,0.475,0.22318750000000004
2419,d25_t08_r00_s019,2.25,8,0,48,ising2d_t08_r00_seed25008,25008,up,800,19,train,-1.64,0.88,0.88,0.19393750000000004
2420,d25_t08_r00_s020,2.25,8,0,48,ising2d_t08_r00_seed25008,25008,up,840,20,train,-1.6,0.87,0.87,0.1365
2421,d25_t08_r00_s021,2.25,8,0,48,ising2d_t08_r00_seed25008,25008,up,880,21,train,-1.42,0.685,0.685,0.1606875
2422,d25_t08_r00_s022,2.25,8,0,48,ising2d_t08_r00_seed25008,25008,up,920,22,train,-1.3,0.615,0.615,0.22237500000000004
2423,d25_t08_r00_s023,2.25,8,0,48,ising2d_t08_r00_seed25008,25008,up,960,23,train,-1.51,0.7,0.7,0.2360625
2424,d25_t08_r00_s024,2.25,8,0,48,ising2d_t08_r00_seed25008,25008,up,1000,24,train,-1.57,0.775,0.775,0.19631249999999997
2425,d25_t08_r00_s025,2.25,8,0,48,ising2d_t08_r00_seed25008,25008,up,1040,25,train,-1.46,0.75,0.75,0.1463125
2426,d25_t08_r00_s026,2.25,8,0,48,ising2d_t08_r00_seed25008,25008,up,1080,26,train,-1.24,0.37,0.37,0.19825000000000004
2427,d25_t08_r00_s027,2.25,8,0,48,ising2d_t08_r00_seed25008,25008,up,1120,27,train,-1.22,0.435,0.435,0.27068749999999997
2428,d25_t08_r00_s028,2.25,8,0,48,ising2d_t08_r00_seed25008,25008,up,1160,28,train,-1.29,0.6,0.6,0.25631250000000005
2429,d25_t08_r00_s029,2.25,8,0,48,ising2d_t08_r00_seed25008,25008,up,1200,29,train,-1.35,0.615,0.615,0.19943750000000007
2430,d25_t08_r00_s030,2.25,8,0,48,ising2d_t08_r00_seed25008,25008,up,1240,30,train,-1.52,0.825,0.825,0.20687500000000006
2431,d25_t08_r00_s031,2.25,8,0,48,ising2d_t08_r00_seed25008,25008,up,1280,31,train,-1.35,0.595,0.595,0.162875
2432,d25_t08_r00_s032,2.25,8,0,48,ising2d_t08_r00_seed25008,25008,up,1320,32,train,-1.36,0.775,0.775,0.16325000000000003
2433,d25_t08_r00_s033,2.25,8,0,48,ising2d_t08_r00_seed25008,25008,up,1360,33,train,-1.49,0.78,0.78,0.16181250000000003
2434,d25_t08_r00_s034,2.25,8,0,48,ising2d_t08_r00_seed25008,25008,up,1400,34,train,-1.55,0.79,0.79,0.150625
2435,d25_t08_r00_s035,2.25,8,0,48,ising2d_t08_r00_seed25008,25008,up,1440,35,train,-1.57,0.85,0.85,0.14650000000000002
2436,d25_t08_r00_s036,2.25,8,0,48,ising2d_t08_r00_seed25008,25008,up,1480,36,train,-1.61,0.865,0.865,0.1459375
2437,d25_t08_r00_s037,2.25,8,0,48,ising2d_t08_r00_seed25008,25008,up,1520,37,train,-1.1,0.495,0.495,0.189125
2438,d25_t08_r00_s038,2.25,8,0,48,ising2d_t08_r00_seed25008,25008,up,1560,38,train,-1.56,0.84,0.84,0.14881250000000001
2439,d25_t08_r00_s039,2.25,8,0,48,ising2d_t08_r00_seed25008,25008,up,1600,39,train,-1.51,0.745,0.745,0.17206250000000003
2440,d25_t08_r00_s040,2.25,8,0,48,ising2d_t08_r00_seed25008,25008,up,1640,40,train,-1.76,0.885,0.885,0.16
2441,d25_t08_r00_s041,2.25,8,0,48,ising2d_t08_r00_seed25008,25008,up,1680,41,train,-1.31,0.605,0.605,0.174375
2442,d25_t08_r00_s042,2.25,8,0,48,ising2d_t08_r00_seed25008,25008,up,1720,42,train,-1.31,0.34,0.34,0.2460625
2443,d25_t08_r00_s043,2.25,8,0,48,ising2d_t08_r00_seed25008,25008,up,1760,43,train,-1.28,0.55,0.55,0.22325000000000003
2444,d25_t08_r00_s044,2.25,8,0,48,ising2d_t08_r00_seed25008,25008,up,1800,44,train,-1.33,0.545,0.545,0.19168749999999998
2445,d25_t08_r00_s045,2.25,8,0,48,ising2d_t08_r00_seed25008,25008,up,1840,45,train,-1.5,0.83,0.83,0.15331249999999996
2446,d25_t08_r00_s046,2.25,8,0,48,ising2d_t08_r00_seed25008,25008,up,1880,46,train,-1.48,0.81,0.81,0.155625
2447,d25_t08_r00_s047,2.25,8,0,48,ising2d_t08_r00_seed25008,25008,up,1920,47,train,-1.54,0.82,0.82,0.12400000000000004
2448,d25_t08_r00_s048,2.25,8,0,48,ising2d_t08_r00_seed25008,25008,up,1960,48,train,-1.53,0.835,0.835,0.14856250000000004
2449,d25_t08_r00_s049,2.25,8,0,48,ising2d_t08_r00_seed25008,25008,up,2000,49,train,-1.53,0.8,0.8,0.16231250000000003
2450,d25_t08_r01_s000,2.25,8,1,49,ising2d_t08_r01_seed25026,25026,down,40,0,train,-1.26,-0.105,0.105,0.266375
2451,d25_t08_r01_s001,2.25,8,1,49,ising2d_t08_r01_seed25026,25026,down,80,1,train,-1.27,-0.025,0.025,0.26637500000000003
2452,d25_t08_r01_s002,2.25,8,1,49,ising2d_t08_r01_seed25026,25026,down,120,2,train,-1.22,-0.375,0.375,0.26212500000000005
2453,d25_t08_r01_s003,2.25,8,1,49,ising2d_t08_r01_seed25026,25026,down,160,3,train,-1.37,-0.675,0.675,0.2145
2454,d25_t08_r01_s004,2.25,8,1,49,ising2d_t08_r01_seed25026,25026,down,200,4,train,-1.64,-0.87,0.87,0.16481250000000008
2455,d25_t08_r01_s005,2.25,8,1,49,ising2d_t08_r01_seed25026,25026,down,240,5,train,-1.73,-0.91,0.91,0.13412500000000002
2456,d25_t08_r01_s006,2.25,8,1,49,ising2d_t08_r01_seed25026,25026,down,280,6,train,-1.53,-0.8,0.8,0.13449999999999998
2457,d25_t08_r01_s007,2.25,8,1,49,ising2d_t08_r01_seed25026,25026,down,320,7,train,-1.51,-0.755,0.755,0.16443750000000001
2458,d25_t08_r01_s008,2.25,8,1,49,ising2d_t08_r01_seed25026,25026,down,360,8,train,-1.54,-0.8,0.8,0.17981250000000004
2459,d25_t08_r01_s009,2.25,8,1,49,ising2d_t08_r01_seed25026,25026,down,400,9,train,-1.57,-0.79,0.79,0.16212500000000002
2460,d25_t08_r01_s010,2.25,8,1,49,ising2d_t08_r01_seed25026,25026,down,440,10,train,-1.53,-0.655,0.655,0.19356249999999997
2461,d25_t08_r01_s011,2.25,8,1,49,ising2d_t08_r01_seed25026,25026,down,480,11,train,-1.48,-0.725,0.725,0.21749999999999997
2462,d25_t08_r01_s012,2.25,8,1,49,ising2d_t08_r01_seed25026,25026,down,520,12,train,-1.6,-0.83,0.83,0.1593124999999999
2463,d25_t08_r01_s013,2.25,8,1,49,ising2d_t08_r01_seed25026,25026,down,560,13,train,-1.53,-0.835,0.835,0.15406249999999996
2464,d25_t08_r01_s014,2.25,8,1,49,ising2d_t08_r01_seed25026,25026,down,600,14,train,-1.33,-0.735,0.735,0.141125
2465,d25_t08_r01_s015,2.25,8,1,49,ising2d_t08_r01_seed25026,25026,down,640,15,train,-1.56,-0.825,0.825,0.13124999999999998
2466,d25_t08_r01_s016,2.25,8,1,49,ising2d_t08_r01_seed25026,25026,down,680,16,train,-1.72,-0.92,0.92,0.13643750000000004
2467,d25_t08_r01_s017,2.25,8,1,49,ising2d_t08_r01_seed25026,25026,down,720,17,train,-1.5,-0.78,0.78,0.14712500000000003
2468,d25_t08_r01_s018,2.25,8,1,49,ising2d_t08_r01_seed25026,25026,down,760,18,train,-1.42,-0.775,0.775,0.15556250000000002
2469,d25_t08_r01_s019,2.25,8,1,49,ising2d_t08_r01_seed25026,25026,down,800,19,train,-1.36,-0.755,0.755,0.156125
2470,d25_t08_r01_s020,2.25,8,1,49,ising2d_t08_r01_seed25026,25026,down,840,20,train,-1.24,-0.67,0.67,0.1841875
2471,d25_t08_r01_s021,2.25,8,1,49,ising2d_t08_r01_seed25026,25026,down,880,21,train,-1.73,-0.92,0.92,0.14975
2472,d25_t08_r01_s022,2.25,8,1,49,ising2d_t08_r01_seed25026,25026,down,920,22,train,-1.41,-0.77,0.77,0.17099999999999996
2473,d25_t08_r01_s023,2.25,8,1,49,ising2d_t08_r01_seed25026,25026,down,960,23,train,-1.65,-0.885,0.885,0.1631875
2474,d25_t08_r01_s024,2.25,8,1,49,ising2d_t08_r01_seed25026,25026,down,1000,24,train,-1.36,-0.595,0.595,0.14225
2475,d25_t08_r01_s025,2.25,8,1,49,ising2d_t08_r01_seed25026,25026,down,1040,25,train,-1.19,-0.54,0.54,0.22043750000000006
2476,d25_t08_r01_s026,2.25,8,1,49,ising2d_t08_r01_seed25026,25026,down,1080,26,train,-1.31,-0.125,0.125,0.2586875
2477,d25_t08_r01_s027,2.25,8,1,49,ising2d_t08_r01_seed25026,25026,down,1120,27,train,-1.38,-0.355,0.355,0.24300000000000002
2478,d25_t08_r01_s028,2.25,8,1,49,ising2d_t08_r01_seed25026,25026,down,1160,28,train,-1.59,-0.805,0.805,0.19174999999999998
2479,d25_t08_r01_s029,2.25,8,1,49,ising2d_t08_r01_seed25026,25026,down,1200,29,train,-1.63,-0.815,0.815,0.17725000000000002
2480,d25_t08_r01_s030,2.25,8,1,49,ising2d_t08_r01_seed25026,25026,down,1240,30,train,-1.43,-0.56,0.56,0.17681249999999998
2481,d25_t08_r01_s031,2.25,8,1,49,ising2d_t08_r01_seed25026,25026,down,1280,31,train,-1.19,-0.495,0.495,0.2248125
2482,d25_t08_r01_s032,2.25,8,1,49,ising2d_t08_r01_seed25026,25026,down,1320,32,train,-1.16,-0.4,0.4,0.21631250000000005
2483,d25_t08_r01_s033,2.25,8,1,49,ising2d_t08_r01_seed25026,25026,down,1360,33,train,-1.42,-0.68,0.68,0.22875000000000006
2484,d25_t08_r01_s034,2.25,8,1,49,ising2d_t08_r01_seed25026,25026,down,1400,34,train,-1.32,-0.695,0.695,0.19118750000000004
2485,d25_t08_r01_s035,2.25,8,1,49,ising2d_t08_r01_seed25026,25026,down,1440,35,train,-1.42,-0.545,0.545,0.21125
2486,d25_t08_r01_s036,2.25,8,1,49,ising2d_t08_r01_seed25026,25026,down,1480,36,train,-1.27,-0.72,0.72,0.2084375
2487,d25_t08_r01_s037,2.25,8,1,49,ising2d_t08_r01_seed25026,25026,down,1520,37,train,-1.42,-0.575,0.575,0.21668749999999998
2488,d25_t08_r01_s038,2.25,8,1,49,ising2d_t08_r01_seed25026,25026,down,1560,38,train,-1.36,-0.735,0.735,0.23362499999999997
2489,d25_t08_r01_s039,2.25,8,1,49,ising2d_t08_r01_seed25026,25026,down,1600,39,train,-1.38,-0.755,0.755,0.15775
2490,d25_t08_r01_s040,2.25,8,1,49,ising2d_t08_r01_seed25026,25026,down,1640,40,train,-1.46,-0.73,0.73,0.16468750000000001
2491,d25_t08_r01_s041,2.25,8,1,49,ising2d_t08_r01_seed25026,25026,down,1680,41,train,-1.29,-0.605,0.605,0.21918749999999995
2492,d25_t08_r01_s042,2.25,8,1,49,ising2d_t08_r01_seed25026,25026,down,1720,42,train,-1.34,-0.54,0.54,0.20931249999999996
2493,d25_t08_r01_s043,2.25,8,1,49,ising2d_t08_r01_seed25026,25026,down,1760,43,train,-1.32,-0.515,0.515,0.23268750000000002
2494,d25_t08_r01_s044,2.25,8,1,49,ising2d_t08_r01_seed25026,25026,down,1800,44,train,-1.48,-0.82,0.82,0.1618125
2495,d25_t08_r01_s045,2.25,8,1,49,ising2d_t08_r01_seed25026,25026,down,1840,45,train,-1.4,-0.705,0.705,0.1711875
2496,d25_t08_r01_s046,2.25,8,1,49,ising2d_t08_r01_seed25026,25026,down,1880,46,train,-1.52,-0.725,0.725,0.21887500000000001
2497,d25_t08_r01_s047,2.25,8,1,49,ising2d_t08_r01_seed25026,25026,down,1920,47,train,-1.28,-0.295,0.295,0.22362499999999996
2498,d25_t08_r01_s048,2.25,8,1,49,ising2d_t08_r01_seed25026,25026,down,1960,48,train,-1.32,-0.575,0.575,0.250875
2499,d25_t08_r01_s049,2.25,8,1,49,ising2d_t08_r01_seed25026,25026,down,2000,49,train,-1.17,-0.27,0.27,0.25243750000000004
2500,d25_t08_r02_s000,2.25,8,2,50,ising2d_t08_r02_seed25044,25044,up,40,0,validation,-1.54,0.835,0.835,0.14049999999999996
2501,d25_t08_r02_s001,2.25,8,2,50,ising2d_t08_r02_seed25044,25044,up,80,1,validation,-1.32,0.7,0.7,0.1556875
2502,d25_t08_r02_s002,2.25,8,2,50,ising2d_t08_r02_seed25044,25044,up,120,2,validation,-1.61,0.86,0.86,0.15525000000000003
2503,d25_t08_r02_s003,2.25,8,2,50,ising2d_t08_r02_seed25044,25044,up,160,3,validation,-1.6,0.855,0.855,0.1333125
2504,d25_t08_r02_s004,2.25,8,2,50,ising2d_t08_r02_seed25044,25044,up,200,4,validation,-1.28,0.385,0.385,0.20625
2505,d25_t08_r02_s005,2.25,8,2,50,ising2d_t08_r02_seed25044,25044,up,240,5,validation,-1.47,0.82,0.82,0.21568750000000003
2506,d25_t08_r02_s006,2.25,8,2,50,ising2d_t08_r02_seed25044,25044,up,280,6,validation,-1.28,0.27,0.27,0.20875
2507,d25_t08_r02_s007,2.25,8,2,50,ising2d_t08_r02_seed25044,25044,up,320,7,validation,-1.43,0.695,0.695,0.21756250000000002
2508,d25_t08_r02_s008,2.25,8,2,50,ising2d_t08_r02_seed25044,25044,up,360,8,validation,-1.41,0.74,0.74,0.20143750000000002
2509,d25_t08_r02_s009,2.25,8,2,50,ising2d_t08_r02_seed25044,25044,up,400,9,validation,-1.44,0.755,0.755,0.13743750000000005
2510,d25_t08_r02_s010,2.25,8,2,50,ising2d_t08_r02_seed25044,25044,up,440,10,validation,-1.52,0.805,0.805,0.167625
2511,d25_t08_r02_s011,2.25,8,2,50,ising2d_t08_r02_seed25044,25044,up,480,11,validation,-1.53,0.82,0.82,0.17493750000000002
2512,d25_t08_r02_s012,2.25,8,2,50,ising2d_t08_r02_seed25044,25044,up,520,12,validation,-1.19,0.5,0.5,0.19025000000000006
2513,d25_t08_r02_s013,2.25,8,2,50,ising2d_t08_r02_seed25044,25044,up,560,13,validation,-1.35,0.54,0.54,0.20012499999999997
2514,d25_t08_r02_s014,2.25,8,2,50,ising2d_t08_r02_seed25044,25044,up,600,14,validation,-1.39,0.68,0.68,0.20449999999999996
2515,d25_t08_r02_s015,2.25,8,2,50,ising2d_t08_r02_seed25044,25044,up,640,15,validation,-1.24,0.555,0.555,0.23906249999999996
2516,d25_t08_r02_s016,2.25,8,2,50,ising2d_t08_r02_seed25044,25044,up,680,16,validation,-1.54,0.75,0.75,0.20331250000000006
2517,d25_t08_r02_s017,2.25,8,2,50,ising2d_t08_r02_seed25044,25044,up,720,17,validation,-1.44,0.7,0.7,0.18124999999999997
2518,d25_t08_r02_s018,2.25,8,2,50,ising2d_t08_r02_seed25044,25044,up,760,18,validation,-1.59,0.85,0.85,0.18037499999999998
2519,d25_t08_r02_s019,2.25,8,2,50,ising2d_t08_r02_seed25044,25044,up,800,19,validation,-1.57,0.85,0.85,0.14975
2520,d25_t08_r02_s020,2.25,8,2,50,ising2d_t08_r02_seed25044,25044,up,840,20,validation,-1.57,0.83,0.83,0.1565
2521,d25_t08_r02_s021,2.25,8,2,50,ising2d_t08_r02_seed25044,25044,up,880,21,validation,-1.72,0.92,0.92,0.155125
2522,d25_t08_r02_s022,2.25,8,2,50,ising2d_t08_r02_seed25044,25044,up,920,22,validation,-1.39,0.74,0.74,0.15150000000000002
2523,d25_t08_r02_s023,2.25,8,2,50,ising2d_t08_r02_seed25044,25044,up,960,23,validation,-1.5,0.8,0.8,0.13174999999999998
2524,d25_t08_r02_s024,2.25,8,2,50,ising2d_t08_r02_seed25044,25044,up,1000,24,validation,-1.53,0.8,0.8,0.19549999999999998
2525,d25_t08_r02_s025,2.25,8,2,50,ising2d_t08_r02_seed25044,25044,up,1040,25,validation,-1.66,0.86,0.86,0.134125
2526,d25_t08_r02_s026,2.25,8,2,50,ising2d_t08_r02_seed25044,25044,up,1080,26,validation,-1.76,0.93,0.93,0.15012499999999998
2527,d25_t08_r02_s027,2.25,8,2,50,ising2d_t08_r02_seed25044,25044,up,1120,27,validation,-1.58,0.83,0.83,0.14925000000000002
2528,d25_t08_r02_s028,2.25,8,2,50,ising2d_t08_r02_seed25044,25044,up,1160,28,validation,-1.5,0.805,0.805,0.14806249999999996
2529,d25_t08_r02_s029,2.25,8,2,50,ising2d_t08_r02_seed25044,25044,up,1200,29,validation,-1.76,0.93,0.93,0.13393750000000004
2530,d25_t08_r02_s030,2.25,8,2,50,ising2d_t08_r02_seed25044,25044,up,1240,30,validation,-1.51,0.755,0.755,0.16681250000000003
2531,d25_t08_r02_s031,2.25,8,2,50,ising2d_t08_r02_seed25044,25044,up,1280,31,validation,-1.54,0.655,0.655,0.17925
2532,d25_t08_r02_s032,2.25,8,2,50,ising2d_t08_r02_seed25044,25044,up,1320,32,validation,-1.51,0.79,0.79,0.1734375
2533,d25_t08_r02_s033,2.25,8,2,50,ising2d_t08_r02_seed25044,25044,up,1360,33,validation,-1.3,0.68,0.68,0.16412500000000002
2534,d25_t08_r02_s034,2.25,8,2,50,ising2d_t08_r02_seed25044,25044,up,1400,34,validation,-1.52,0.81,0.81,0.18587500000000004
2535,d25_t08_r02_s035,2.25,8,2,50,ising2d_t08_r02_seed25044,25044,up,1440,35,validation,-1.47,0.735,0.735,0.16206250000000003
2536,d25_t08_r02_s036,2.25,8,2,50,ising2d_t08_r02_seed25044,25044,up,1480,36,validation,-1.39,0.555,0.555,0.21900000000000003
2537,d25_t08_r02_s037,2.25,8,2,50,ising2d_t08_r02_seed25044,25044,up,1520,37,validation,-1.82,0.95,0.95,0.1430625
2538,d25_t08_r02_s038,2.25,8,2,50,ising2d_t08_r02_seed25044,25044,up,1560,38,validation,-1.42,0.62,0.62,0.14812500000000003
2539,d25_t08_r02_s039,2.25,8,2,50,ising2d_t08_r02_seed25044,25044,up,1600,39,validation,-1.62,0.87,0.87,0.179625
2540,d25_t08_r02_s040,2.25,8,2,50,ising2d_t08_r02_seed25044,25044,up,1640,40,validation,-1.55,0.85,0.85,0.15262499999999998
2541,d25_t08_r02_s041,2.25,8,2,50,ising2d_t08_r02_seed25044,25044,up,1680,41,validation,-1.37,0.725,0.725,0.15181250000000002
2542,d25_t08_r02_s042,2.25,8,2,50,ising2d_t08_r02_seed25044,25044,up,1720,42,validation,-1.23,0.69,0.69,0.1869375
2543,d25_t08_r02_s043,2.25,8,2,50,ising2d_t08_r02_seed25044,25044,up,1760,43,validation,-1.51,0.81,0.81,0.16362499999999996
2544,d25_t08_r02_s044,2.25,8,2,50,ising2d_t08_r02_seed25044,25044,up,1800,44,validation,-1.57,0.755,0.755,0.15981249999999997
2545,d25_t08_r02_s045,2.25,8,2,50,ising2d_t08_r02_seed25044,25044,up,1840,45,validation,-1.42,0.81,0.81,0.13843750000000002
2546,d25_t08_r02_s046,2.25,8,2,50,ising2d_t08_r02_seed25044,25044,up,1880,46,validation,-1.4,0.78,0.78,0.14212499999999997
2547,d25_t08_r02_s047,2.25,8,2,50,ising2d_t08_r02_seed25044,25044,up,1920,47,validation,-1.74,0.905,0.905,0.14568749999999997
2548,d25_t08_r02_s048,2.25,8,2,50,ising2d_t08_r02_seed25044,25044,up,1960,48,validation,-1.4,0.76,0.76,0.1625625
2549,d25_t08_r02_s049,2.25,8,2,50,ising2d_t08_r02_seed25044,25044,up,2000,49,validation,-1.42,0.69,0.69,0.19737500000000002
2550,d25_t08_r03_s000,2.25,8,3,51,ising2d_t08_r03_seed25062,25062,down,40,0,validation,-1.45,-0.74,0.74,0.15593750000000006
2551,d25_t08_r03_s001,2.25,8,3,51,ising2d_t08_r03_seed25062,25062,down,80,1,validation,-1.63,-0.885,0.885,0.13618750000000007
2552,d25_t08_r03_s002,2.25,8,3,51,ising2d_t08_r03_seed25062,25062,down,120,2,validation,-1.61,-0.78,0.78,0.16831250000000003
2553,d25_t08_r03_s003,2.25,8,3,51,ising2d_t08_r03_seed25062,25062,down,160,3,validation,-1.51,-0.785,0.785,0.16406249999999997
2554,d25_t08_r03_s004,2.25,8,3,51,ising2d_t08_r03_seed25062,25062,down,200,4,validation,-1.45,-0.75,0.75,0.19793750000000002
2555,d25_t08_r03_s005,2.25,8,3,51,ising2d_t08_r03_seed25062,25062,down,240,5,validation,-1.45,-0.78,0.78,0.187875
2556,d25_t08_r03_s006,2.25,8,3,51,ising2d_t08_r03_seed25062,25062,down,280,6,validation,-1.61,-0.855,0.855,0.1398125
2557,d25_t08_r03_s007,2.25,8,3,51,ising2d_t08_r03_seed25062,25062,down,320,7,validation,-1.34,-0.66,0.66,0.16306250000000003
2558,d25_t08_r03_s008,2.25,8,3,51,ising2d_t08_r03_seed25062,25062,down,360,8,validation,-1.4,-0.75,0.75,0.20637500000000003
2559,d25_t08_r03_s009,2.25,8,3,51,ising2d_t08_r03_seed25062,25062,down,400,9,validation,-1.39,-0.755,0.755,0.1698125
2560,d25_t08_r03_s010,2.25,8,3,51,ising2d_t08_r03_seed25062,25062,down,440,10,validation,-1.51,-0.835,0.835,0.14737499999999998
2561,d25_t08_r03_s011,2.25,8,3,51,ising2d_t08_r03_seed25062,25062,down,480,11,validation,-1.21,-0.475,0.475,0.18912500000000004
2562,d25_t08_r03_s012,2.25,8,3,51,ising2d_t08_r03_seed25062,25062,down,520,12,validation,-1.51,-0.745,0.745,0.207
2563,d25_t08_r03_s013,2.25,8,3,51,ising2d_t08_r03_seed25062,25062,down,560,13,validation,-1.56,-0.845,0.845,0.14937500000000006
2564,d25_t08_r03_s014,2.25,8,3,51,ising2d_t08_r03_seed25062,25062,down,600,14,validation,-1.6,-0.805,0.805,0.13000000000000003
2565,d25_t08_r03_s015,2.25,8,3,51,ising2d_t08_r03_seed25062,25062,down,640,15,validation,-1.28,-0.375,0.375,0.171375
2566,d25_t08_r03_s016,2.25,8,3,51,ising2d_t08_r03_seed25062,25062,down,680,16,validation,-1.06,0.065,0.065,0.25999999999999995
2567,d25_t08_r03_s017,2.25,8,3,51,ising2d_t08_r03_seed25062,25062,down,720,17,validation,-1.45,-0.505,0.505,0.30012500000000003
2568,d25_t08_r03_s018,2.25,8,3,51,ising2d_t08_r03_seed25062,25062,down,760,18,validation,-1.41,-0.635,0.635,0.19974999999999993
2569,d25_t08_r03_s019,2.25,8,3,51,ising2d_t08_r03_seed25062,25062,down,800,19,validation,-1.39,-0.74,0.74,0.19606249999999997
2570,d25_t08_r03_s020,2.25,8,3,51,ising2d_t08_r03_seed25062,25062,down,840,20,validation,-1.49,-0.785,0.785,0.1740625
2571,d25_t08_r03_s021,2.25,8,3,51,ising2d_t08_r03_seed25062,25062,down,880,21,validation,-1.46,-0.7,0.7,0.18118749999999997
2572,d25_t08_r03_s022,2.25,8,3,51,ising2d_t08_r03_seed25062,25062,down,920,22,validation,-1.68,-0.84,0.84,0.137125
2573,d25_t08_r03_s023,2.25,8,3,51,ising2d_t08_r03_seed25062,25062,down,960,23,validation,-1.53,-0.82,0.82,0.154375
2574,d25_t08_r03_s024,2.25,8,3,51,ising2d_t08_r03_seed25062,25062,down,1000,24,validation,-1.59,-0.825,0.825,0.1708125
2575,d25_t08_r03_s025,2.25,8,3,51,ising2d_t08_r03_seed25062,25062,down,1040,25,validation,-1.56,-0.85,0.85,0.1668125
2576,d25_t08_r03_s026,2.25,8,3,51,ising2d_t08_r03_seed25062,25062,down,1080,26,validation,-1.52,-0.735,0.735,0.21056249999999999
2577,d25_t08_r03_s027,2.25,8,3,51,ising2d_t08_r03_seed25062,25062,down,1120,27,validation,-1.53,-0.82,0.82,0.14968749999999997
2578,d25_t08_r03_s028,2.25,8,3,51,ising2d_t08_r03_seed25062,25062,down,1160,28,validation,-1.54,-0.735,0.735,0.14306250000000004
2579,d25_t08_r03_s029,2.25,8,3,51,ising2d_t08_r03_seed25062,25062,down,1200,29,validation,-1.22,-0.48,0.48,0.18406249999999996
2580,d25_t08_r03_s030,2.25,8,3,51,ising2d_t08_r03_seed25062,25062,down,1240,30,validation,-1.55,-0.865,0.865,0.1831875
2581,d25_t08_r03_s031,2.25,8,3,51,ising2d_t08_r03_seed25062,25062,down,1280,31,validation,-1.52,-0.79,0.79,0.1296875
2582,d25_t08_r03_s032,2.25,8,3,51,ising2d_t08_r03_seed25062,25062,down,1320,32,validation,-1.39,-0.755,0.755,0.13868750000000005
2583,d25_t08_r03_s033,2.25,8,3,51,ising2d_t08_r03_seed25062,25062,down,1360,33,validation,-1.6,-0.86,0.86,0.1545625
2584,d25_t08_r03_s034,2.25,8,3,51,ising2d_t08_r03_seed25062,25062,down,1400,34,validation,-1.5,-0.805,0.805,0.15018749999999997
2585,d25_t08_r03_s035,2.25,8,3,51,ising2d_t08_r03_seed25062,25062,down,1440,35,validation,-1.52,-0.72,0.72,0.2035625
2586,d25_t08_r03_s036,2.25,8,3,51,ising2d_t08_r03_seed25062,25062,down,1480,36,validation,-1.38,-0.585,0.585,0.20393750000000005
2587,d25_t08_r03_s037,2.25,8,3,51,ising2d_t08_r03_seed25062,25062,down,1520,37,validation,-1.52,-0.8,0.8,0.1933125
2588,d25_t08_r03_s038,2.25,8,3,51,ising2d_t08_r03_seed25062,25062,down,1560,38,validation,-1.48,-0.82,0.82,0.16149999999999998
2589,d25_t08_r03_s039,2.25,8,3,51,ising2d_t08_r03_seed25062,25062,down,1600,39,validation,-1.48,-0.785,0.785,0.16056250000000002
2590,d25_t08_r03_s040,2.25,8,3,51,ising2d_t08_r03_seed25062,25062,down,1640,40,validation,-1.49,-0.745,0.745,0.16949999999999996
2591,d25_t08_r03_s041,2.25,8,3,51,ising2d_t08_r03_seed25062,25062,down,1680,41,validation,-1.5,-0.76,0.76,0.20031250000000003
2592,d25_t08_r03_s042,2.25,8,3,51,ising2d_t08_r03_seed25062,25062,down,1720,42,validation,-1.52,-0.785,0.785,0.17631250000000004
2593,d25_t08_r03_s043,2.25,8,3,51,ising2d_t08_r03_seed25062,25062,down,1760,43,validation,-1.58,-0.805,0.805,0.140875
2594,d25_t08_r03_s044,2.25,8,3,51,ising2d_t08_r03_seed25062,25062,down,1800,44,validation,-1.3,-0.675,0.675,0.183375
2595,d25_t08_r03_s045,2.25,8,3,51,ising2d_t08_r03_seed25062,25062,down,1840,45,validation,-1.51,-0.81,0.81,0.2026875
2596,d25_t08_r03_s046,2.25,8,3,51,ising2d_t08_r03_seed25062,25062,down,1880,46,validation,-1.25,-0.71,0.71,0.1515
2597,d25_t08_r03_s047,2.25,8,3,51,ising2d_t08_r03_seed25062,25062,down,1920,47,validation,-1.56,-0.825,0.825,0.16831250000000003
2598,d25_t08_r03_s048,2.25,8,3,51,ising2d_t08_r03_seed25062,25062,down,1960,48,validation,-1.57,-0.84,0.84,0.16781249999999992
2599,d25_t08_r03_s049,2.25,8,3,51,ising2d_t08_r03_seed25062,25062,down,2000,49,validation,-1.37,-0.62,0.62,0.16612499999999997
2600,d25_t08_r04_s000,2.25,8,4,52,ising2d_t08_r04_seed25080,25080,up,40,0,test,-1.58,0.835,0.835,0.17593749999999997
2601,d25_t08_r04_s001,2.25,8,4,52,ising2d_t08_r04_seed25080,25080,up,80,1,test,-1.68,0.9,0.9,0.1423125
2602,d25_t08_r04_s002,2.25,8,4,52,ising2d_t08_r04_seed25080,25080,up,120,2,test,-1.46,0.825,0.825,0.14843750000000003
2603,d25_t08_r04_s003,2.25,8,4,52,ising2d_t08_r04_seed25080,25080,up,160,3,test,-1.56,0.865,0.865,0.13687499999999997
2604,d25_t08_r04_s004,2.25,8,4,52,ising2d_t08_r04_seed25080,25080,up,200,4,test,-1.38,0.575,0.575,0.16624999999999995
2605,d25_t08_r04_s005,2.25,8,4,52,ising2d_t08_r04_seed25080,25080,up,240,5,test,-1.42,0.655,0.655,0.242625
2606,d25_t08_r04_s006,2.25,8,4,52,ising2d_t08_r04_seed25080,25080,up,280,6,test,-1.52,0.835,0.835,0.176625
2607,d25_t08_r04_s007,2.25,8,4,52,ising2d_t08_r04_seed25080,25080,up,320,7,test,-1.51,0.825,0.825,0.14437500000000003
2608,d25_t08_r04_s008,2.25,8,4,52,ising2d_t08_r04_seed25080,25080,up,360,8,test,-1.63,0.845,0.845,0.1385
2609,d25_t08_r04_s009,2.25,8,4,52,ising2d_t08_r04_seed25080,25080,up,400,9,test,-1.59,0.85,0.85,0.13781249999999998
2610,d25_t08_r04_s010,2.25,8,4,52,ising2d_t08_r04_seed25080,25080,up,440,10,test,-1.36,0.715,0.715,0.16506249999999997
2611,d25_t08_r04_s011,2.25,8,4,52,ising2d_t08_r04_seed25080,25080,up,480,11,test,-1.59,0.85,0.85,0.1654375
2612,d25_t08_r04_s012,2.25,8,4,52,ising2d_t08_r04_seed25080,25080,up,520,12,test,-1.59,0.845,0.845,0.1476875
2613,d25_t08_r04_s013,2.25,8,4,52,ising2d_t08_r04_seed25080,25080,up,560,13,test,-1.55,0.75,0.75,0.16631249999999997
2614,d25_t08_r04_s014,2.25,8,4,52,ising2d_t08_r04_seed25080,25080,up,600,14,test,-1.6,0.81,0.81,0.15975000000000003
2615,d25_t08_r04_s015,2.25,8,4,52,ising2d_t08_r04_seed25080,25080,up,640,15,test,-1.4,0.705,0.705,0.1715625
2616,d25_t08_r04_s016,2.25,8,4,52,ising2d_t08_r04_seed25080,25080,up,680,16,test,-1.7,0.87,0.87,0.1660625
2617,d25_t08_r04_s017,2.25,8,4,52,ising2d_t08_r04_seed25080,25080,up,720,17,test,-1.52,0.805,0.805,0.16718749999999996
2618,d25_t08_r04_s018,2.25,8,4,52,ising2d_t08_r04_seed25080,25080,up,760,18,test,-1.3,0.625,0.625,0.19824999999999998
2619,d25_t08_r04_s019,2.25,8,4,52,ising2d_t08_r04_seed25080,25080,up,800,19,test,-1.71,0.905,0.905,0.17724999999999996
2620,d25_t08_r04_s020,2.25,8,4,52,ising2d_t08_r04_seed25080,25080,up,840,20,test,-1.6,0.86,0.86,0.15781249999999997
2621,d25_t08_r04_s021,2.25,8,4,52,ising2d_t08_r04_seed25080,25080,up,880,21,test,-1.72,0.9,0.9,0.15925
2622,d25_t08_r04_s022,2.25,8,4,52,ising2d_t08_r04_seed25080,25080,up,920,22,test,-1.3,0.64,0.64,0.14875000000000002
2623,d25_t08_r04_s023,2.25,8,4,52,ising2d_t08_r04_seed25080,25080,up,960,23,test,-1.38,0.525,0.525,0.2519374999999999
2624,d25_t08_r04_s024,2.25,8,4,52,ising2d_t08_r04_seed25080,25080,up,1000,24,test,-1.6,0.82,0.82,0.1649375
2625,d25_t08_r04_s025,2.25,8,4,52,ising2d_t08_r04_seed25080,25080,up,1040,25,test,-1.63,0.855,0.855,0.14106249999999998
2626,d25_t08_r04_s026,2.25,8,4,52,ising2d_t08_r04_seed25080,25080,up,1080,26,test,-1.46,0.745,0.745,0.13374999999999998
2627,d25_t08_r04_s027,2.25,8,4,52,ising2d_t08_r04_seed25080,25080,up,1120,27,test,-1.47,0.685,0.685,0.161375
2628,d25_t08_r04_s028,2.25,8,4,52,ising2d_t08_r04_seed25080,25080,up,1160,28,test,-1.55,0.835,0.835,0.20675
2629,d25_t08_r04_s029,2.25,8,4,52,ising2d_t08_r04_seed25080,25080,up,1200,29,test,-1.37,0.69,0.69,0.1431875
2630,d25_t08_r04_s030,2.25,8,4,52,ising2d_t08_r04_seed25080,25080,up,1240,30,test,-1.63,0.87,0.87,0.16325
2631,d25_t08_r04_s031,2.25,8,4,52,ising2d_t08_r04_seed25080,25080,up,1280,31,test,-1.5,0.725,0.725,0.1520625
2632,d25_t08_r04_s032,2.25,8,4,52,ising2d_t08_r04_seed25080,25080,up,1320,32,test,-1.66,0.89,0.89,0.14543750000000003
2633,d25_t08_r04_s033,2.25,8,4,52,ising2d_t08_r04_seed25080,25080,up,1360,33,test,-1.51,0.72,0.72,0.15399999999999997
2634,d25_t08_r04_s034,2.25,8,4,52,ising2d_t08_r04_seed25080,25080,up,1400,34,test,-1.28,0.71,0.71,0.152125
2635,d25_t08_r04_s035,2.25,8,4,52,ising2d_t08_r04_seed25080,25080,up,1440,35,test,-1.45,0.775,0.775,0.15656250000000002
2636,d25_t08_r04_s036,2.25,8,4,52,ising2d_t08_r04_seed25080,25080,up,1480,36,test,-1.5,0.76,0.76,0.18643749999999998
2637,d25_t08_r04_s037,2.25,8,4,52,ising2d_t08_r04_seed25080,25080,up,1520,37,test,-1.45,0.745,0.745,0.15618750000000003
2638,d25_t08_r04_s038,2.25,8,4,52,ising2d_t08_r04_seed25080,25080,up,1560,38,test,-1.43,0.655,0.655,0.173875
2639,d25_t08_r04_s039,2.25,8,4,52,ising2d_t08_r04_seed25080,25080,up,1600,39,test,-1.54,0.7,0.7,0.19856250000000003
2640,d25_t08_r04_s040,2.25,8,4,52,ising2d_t08_r04_seed25080,25080,up,1640,40,test,-1.58,0.81,0.81,0.1695
2641,d25_t08_r04_s041,2.25,8,4,52,ising2d_t08_r04_seed25080,25080,up,1680,41,test,-1.64,0.805,0.805,0.18318749999999992
2642,d25_t08_r04_s042,2.25,8,4,52,ising2d_t08_r04_seed25080,25080,up,1720,42,test,-1.81,0.95,0.95,0.14343750000000002
2643,d25_t08_r04_s043,2.25,8,4,52,ising2d_t08_r04_seed25080,25080,up,1760,43,test,-1.65,0.875,0.875,0.14556249999999996
2644,d25_t08_r04_s044,2.25,8,4,52,ising2d_t08_r04_seed25080,25080,up,1800,44,test,-1.62,0.89,0.89,0.14943750000000003
2645,d25_t08_r04_s045,2.25,8,4,52,ising2d_t08_r04_seed25080,25080,up,1840,45,test,-1.49,0.8,0.8,0.163875
2646,d25_t08_r04_s046,2.25,8,4,52,ising2d_t08_r04_seed25080,25080,up,1880,46,test,-1.54,0.815,0.815,0.16781249999999998
2647,d25_t08_r04_s047,2.25,8,4,52,ising2d_t08_r04_seed25080,25080,up,1920,47,test,-1.55,0.8,0.8,0.17206249999999998
2648,d25_t08_r04_s048,2.25,8,4,52,ising2d_t08_r04_seed25080,25080,up,1960,48,test,-1.74,0.905,0.905,0.16706250000000003
2649,d25_t08_r04_s049,2.25,8,4,52,ising2d_t08_r04_seed25080,25080,up,2000,49,test,-1.6,0.86,0.86,0.17031250000000003
2650,d25_t08_r05_s000,2.25,8,5,53,ising2d_t08_r05_seed25098,25098,down,40,0,test,-1.32,-0.66,0.66,0.16937500000000005
2651,d25_t08_r05_s001,2.25,8,5,53,ising2d_t08_r05_seed25098,25098,down,80,1,test,-1.51,-0.72,0.72,0.23437500000000008
2652,d25_t08_r05_s002,2.25,8,5,53,ising2d_t08_r05_seed25098,25098,down,120,2,test,-1.42,-0.585,0.585,0.21118750000000003
2653,d25_t08_r05_s003,2.25,8,5,53,ising2d_t08_r05_seed25098,25098,down,160,3,test,-1.42,-0.77,0.77,0.16243749999999998
2654,d25_t08_r05_s004,2.25,8,5,53,ising2d_t08_r05_seed25098,25098,down,200,4,test,-1.7,-0.875,0.875,0.19756249999999997
2655,d25_t08_r05_s005,2.25,8,5,53,ising2d_t08_r05_seed25098,25098,down,240,5,test,-1.25,-0.59,0.59,0.17218749999999997
2656,d25_t08_r05_s006,2.25,8,5,53,ising2d_t08_r05_seed25098,25098,down,280,6,test,-1.47,-0.77,0.77,0.15375
2657,d25_t08_r05_s007,2.25,8,5,53,ising2d_t08_r05_seed25098,25098,down,320,7,test,-1.38,-0.78,0.78,0.13475
2658,d25_t08_r05_s008,2.25,8,5,53,ising2d_t08_r05_seed25098,25098,down,360,8,test,-1.54,-0.805,0.805,0.15443749999999995
2659,d25_t08_r05_s009,2.25,8,5,53,ising2d_t08_r05_seed25098,25098,down,400,9,test,-1.53,-0.825,0.825,0.15825000000000003
2660,d25_t08_r05_s010,2.25,8,5,53,ising2d_t08_r05_seed25098,25098,down,440,10,test,-1.58,-0.83,0.83,0.14006250000000003
2661,d25_t08_r05_s011,2.25,8,5,53,ising2d_t08_r05_seed25098,25098,down,480,11,test,-1.4,-0.735,0.735,0.17318749999999997
2662,d25_t08_r05_s012,2.25,8,5,53,ising2d_t08_r05_seed25098,25098,down,520,12,test,-1.67,-0.885,0.885,0.144875
2663,d25_t08_r05_s013,2.25,8,5,53,ising2d_t08_r05_seed25098,25098,down,560,13,test,-1.58,-0.85,0.85,0.15781250000000002
2664,d25_t08_r05_s014,2.25,8,5,53,ising2d_t08_r05_seed25098,25098,down,600,14,test,-1.6,-0.845,0.845,0.14281250000000004
2665,d25_t08_r05_s015,2.25,8,5,53,ising2d_t08_r05_seed25098,25098,down,640,15,test,-1.43,-0.615,0.615,0.192625
2666,d25_t08_r05_s016,2.25,8,5,53,ising2d_t08_r05_seed25098,25098,down,680,16,test,-1.38,-0.765,0.765,0.18800000000000003
2667,d25_t08_r05_s017,2.25,8,5,53,ising2d_t08_r05_seed25098,25098,down,720,17,test,-1.61,-0.85,0.85,0.1453125
2668,d25_t08_r05_s018,2.25,8,5,53,ising2d_t08_r05_seed25098,25098,down,760,18,test,-1.44,-0.815,0.815,0.1551875
2669,d25_t08_r05_s019,2.25,8,5,53,ising2d_t08_r05_seed25098,25098,down,800,19,test,-1.54,-0.81,0.81,0.13106249999999997
2670,d25_t08_r05_s020,2.25,8,5,53,ising2d_t08_r05_seed25098,25098,down,840,20,test,-1.59,-0.83,0.83,0.14562499999999995
2671,d25_t08_r05_s021,2.25,8,5,53,ising2d_t08_r05_seed25098,25098,down,880,21,test,-1.57,-0.825,0.825,0.14131249999999998
2672,d25_t08_r05_s022,2.25,8,5,53,ising2d_t08_r05_seed25098,25098,down,920,22,test,-1.82,-0.945,0.945,0.159
2673,d25_t08_r05_s023,2.25,8,5,53,ising2d_t08_r05_seed25098,25098,down,960,23,test,-1.54,-0.855,0.855,0.1685
2674,d25_t08_r05_s024,2.25,8,5,53,ising2d_t08_r05_seed25098,25098,down,1000,24,test,-1.52,-0.74,0.74,0.13943750000000002
2675,d25_t08_r05_s025,2.25,8,5,53,ising2d_t08_r05_seed25098,25098,down,1040,25,test,-1.61,-0.855,0.855,0.12543749999999998
2676,d25_t08_r05_s026,2.25,8,5,53,ising2d_t08_r05_seed25098,25098,down,1080,26,test,-1.37,-0.775,0.775,0.170375
2677,d25_t08_r05_s027,2.25,8,5,53,ising2d_t08_r05_seed25098,25098,down,1120,27,test,-1.23,-0.3,0.3,0.2051875
2678,d25_t08_r05_s028,2.25,8,5,53,ising2d_t08_r05_seed25098,25098,down,1160,28,test,-1.28,-0.25,0.25,0.2695
2679,d25_t08_r05_s029,2.25,8,5,53,ising2d_t08_r05_seed25098,25098,down,1200,29,test,-1.1,-0.035,0.035,0.27931249999999996
2680,d25_t08_r05_s030,2.25,8,5,53,ising2d_t08_r05_seed25098,25098,down,1240,30,test,-1.47,-0.56,0.56,0.24168749999999997
2681,d25_t08_r05_s031,2.25,8,5,53,ising2d_t08_r05_seed25098,25098,down,1280,31,test,-1.49,-0.675,0.675,0.20806250000000004
2682,d25_t08_r05_s032,2.25,8,5,53,ising2d_t08_r05_seed25098,25098,down,1320,32,test,-1.46,-0.77,0.77,0.1918125
2683,d25_t08_r05_s033,2.25,8,5,53,ising2d_t08_r05_seed25098,25098,down,1360,33,test,-1.73,-0.91,0.91,0.13687500000000002
2684,d25_t08_r05_s034,2.25,8,5,53,ising2d_t08_r05_seed25098,25098,down,1400,34,test,-1.66,-0.885,0.885,0.14418750000000002
2685,d25_t08_r05_s035,2.25,8,5,53,ising2d_t08_r05_seed25098,25098,down,1440,35,test,-1.45,-0.765,0.765,0.136375
2686,d25_t08_r05_s036,2.25,8,5,53,ising2d_t08_r05_seed25098,25098,down,1480,36,test,-1.5,-0.825,0.825,0.11962500000000001
2687,d25_t08_r05_s037,2.25,8,5,53,ising2d_t08_r05_seed25098,25098,down,1520,37,test,-1.52,-0.775,0.775,0.147125
2688,d25_t08_r05_s038,2.25,8,5,53,ising2d_t08_r05_seed25098,25098,down,1560,38,test,-1.38,-0.635,0.635,0.20125
2689,d25_t08_r05_s039,2.25,8,5,53,ising2d_t08_r05_seed25098,25098,down,1600,39,test,-1.48,-0.7,0.7,0.19881250000000003
2690,d25_t08_r05_s040,2.25,8,5,53,ising2d_t08_r05_seed25098,25098,down,1640,40,test,-1.68,-0.88,0.88,0.18824999999999997
2691,d25_t08_r05_s041,2.25,8,5,53,ising2d_t08_r05_seed25098,25098,down,1680,41,test,-1.34,-0.67,0.67,0.19137500000000005
2692,d25_t08_r05_s042,2.25,8,5,53,ising2d_t08_r05_seed25098,25098,down,1720,42,test,-1.31,-0.56,0.56,0.20350000000000001
2693,d25_t08_r05_s043,2.25,8,5,53,ising2d_t08_r05_seed25098,25098,down,1760,43,test,-1.19,-0.535,0.535,0.1793125
2694,d25_t08_r05_s044,2.25,8,5,53,ising2d_t08_r05_seed25098,25098,down,1800,44,test,-1.37,-0.645,0.645,0.17700000000000007
2695,d25_t08_r05_s045,2.25,8,5,53,ising2d_t08_r05_seed25098,25098,down,1840,45,test,-1.06,-0.135,0.135,0.24362499999999998
2696,d25_t08_r05_s046,2.25,8,5,53,ising2d_t08_r05_seed25098,25098,down,1880,46,test,-1.39,-0.67,0.67,0.2426875
2697,d25_t08_r05_s047,2.25,8,5,53,ising2d_t08_r05_seed25098,25098,down,1920,47,test,-1.31,-0.585,0.585,0.16006250000000002
2698,d25_t08_r05_s048,2.25,8,5,53,ising2d_t08_r05_seed25098,25098,down,1960,48,test,-1.48,-0.805,0.805,0.139125
2699,d25_t08_r05_s049,2.25,8,5,53,ising2d_t08_r05_seed25098,25098,down,2000,49,test,-1.7,-0.86,0.86,0.17343750000000002
2700,d25_t09_r00_s000,2.269185314213022,9,0,54,ising2d_t09_r00_seed25009,25009,up,40,0,train,-1.48,0.8,0.8,0.16893750000000002
2701,d25_t09_r00_s001,2.269185314213022,9,0,54,ising2d_t09_r00_seed25009,25009,up,80,1,train,-1.55,0.78,0.78,0.16175
2702,d25_t09_r00_s002,2.269185314213022,9,0,54,ising2d_t09_r00_seed25009,25009,up,120,2,train,-1.71,0.92,0.92,0.133625
2703,d25_t09_r00_s003,2.269185314213022,9,0,54,ising2d_t09_r00_seed25009,25009,up,160,3,train,-1.38,0.705,0.705,0.15956250000000005
2704,d25_t09_r00_s004,2.269185314213022,9,0,54,ising2d_t09_r00_seed25009,25009,up,200,4,train,-1.18,0.45,0.45,0.2104375
2705,d25_t09_r00_s005,2.269185314213022,9,0,54,ising2d_t09_r00_seed25009,25009,up,240,5,train,-1.56,0.775,0.775,0.19431250000000005
2706,d25_t09_r00_s006,2.269185314213022,9,0,54,ising2d_t09_r00_seed25009,25009,up,280,6,train,-1.31,0.375,0.375,0.20687499999999998
2707,d25_t09_r00_s007,2.269185314213022,9,0,54,ising2d_t09_r00_seed25009,25009,up,320,7,train,-1.33,0.6,0.6,0.19568750000000004
2708,d25_t09_r00_s008,2.269185314213022,9,0,54,ising2d_t09_r00_seed25009,25009,up,360,8,train,-1.3,0.685,0.685,0.23956249999999998
2709,d25_t09_r00_s009,2.269185314213022,9,0,54,ising2d_t09_r00_seed25009,25009,up,400,9,train,-1.41,0.675,0.675,0.19450000000000006
2710,d25_t09_r00_s010,2.269185314213022,9,0,54,ising2d_t09_r00_seed25009,25009,up,440,10,train,-1.3,0.405,0.405,0.24549999999999997
2711,d25_t09_r00_s011,2.269185314213022,9,0,54,ising2d_t09_r00_seed25009,25009,up,480,11,train,-1.4,-0.39,0.39,0.2655625
2712,d25_t09_r00_s012,2.269185314213022,9,0,54,ising2d_t09_r00_seed25009,25009,up,520,12,train,-1.11,-0.035,0.035,0.2511875
2713,d25_t09_r00_s013,2.269185314213022,9,0,54,ising2d_t09_r00_seed25009,25009,up,560,13,train,-1.28,0.455,0.455,0.26124999999999987
2714,d25_t09_r00_s014,2.269185314213022,9,0,54,ising2d_t09_r00_seed25009,25009,up,600,14,train,-1.38,0.525,0.525,0.24312499999999998
2715,d25_t09_r00_s015,2.269185314213022,9,0,54,ising2d_t09_r00_seed25009,25009,up,640,15,train,-1.3,0.54,0.54,0.22593750000000004
2716,d25_t09_r00_s016,2.269185314213022,9,0,54,ising2d_t09_r00_seed25009,25009,up,680,16,train,-1.5,0.805,0.805,0.2109375
2717,d25_t09_r00_s017,2.269185314213022,9,0,54,ising2d_t09_r00_seed25009,25009,up,720,17,train,-1.6,0.795,0.795,0.19037500000000002
2718,d25_t09_r00_s018,2.269185314213022,9,0,54,ising2d_t09_r00_seed25009,25009,up,760,18,train,-1.42,0.765,0.765,0.17187499999999997
2719,d25_t09_r00_s019,2.269185314213022,9,0,54,ising2d_t09_r00_seed25009,25009,up,800,19,train,-1.08,0.31,0.31,0.21993750000000004
2720,d25_t09_r00_s020,2.269185314213022,9,0,54,ising2d_t09_r00_seed25009,25009,up,840,20,train,-1.23,-0.155,0.155,0.24556250000000004
2721,d25_t09_r00_s021,2.269185314213022,9,0,54,ising2d_t09_r00_seed25009,25009,up,880,21,train,-1.19,-0.47,0.47,0.2406874999999999
2722,d25_t09_r00_s022,2.269185314213022,9,0,54,ising2d_t09_r00_seed25009,25009,up,920,22,train,-1.14,-0.105,0.105,0.25306249999999997
2723,d25_t09_r00_s023,2.269185314213022,9,0,54,ising2d_t09_r00_seed25009,25009,up,960,23,train,-1.5,0.705,0.705,0.2508749999999999
2724,d25_t09_r00_s024,2.269185314213022,9,0,54,ising2d_t09_r00_seed25009,25009,up,1000,24,train,-1.24,0.535,0.535,0.19649999999999995
2725,d25_t09_r00_s025,2.269185314213022,9,0,54,ising2d_t09_r00_seed25009,25009,up,1040,25,train,-1.43,0.745,0.745,0.19387499999999996
2726,d25_t09_r00_s026,2.269185314213022,9,0,54,ising2d_t09_r00_seed25009,25009,up,1080,26,train,-1.61,0.855,0.855,0.17174999999999996
2727,d25_t09_r00_s027,2.269185314213022,9,0,54,ising2d_t09_r00_seed25009,25009,up,1120,27,train,-1.24,0.26,0.26,0.22393749999999996
2728,d25_t09_r00_s028,2.269185314213022,9,0,54,ising2d_t09_r00_seed25009,25009,up,1160,28,train,-1.33,-0.185,0.185,0.25618749999999996
2729,d25_t09_r00_s029,2.269185314213022,9,0,54,ising2d_t09_r00_seed25009,25009,up,1200,29,train,-1.51,0.735,0.735,0.25425
2730,d25_t09_r00_s030,2.269185314213022,9,0,54,ising2d_t09_r00_seed25009,25009,up,1240,30,train,-1.55,0.78,0.78,0.16318749999999996
2731,d25_t09_r00_s031,2.269185314213022,9,0,54,ising2d_t09_r00_seed25009,25009,up,1280,31,train,-1.48,0.805,0.805,0.14693749999999997
2732,d25_t09_r00_s032,2.269185314213022,9,0,54,ising2d_t09_r00_seed25009,25009,up,1320,32,train,-1.51,0.81,0.81,0.14856250000000001
2733,d25_t09_r00_s033,2.269185314213022,9,0,54,ising2d_t09_r00_seed25009,25009,up,1360,33,train,-1.34,0.715,0.715,0.14243750000000002
2734,d25_t09_r00_s034,2.269185314213022,9,0,54,ising2d_t09_r00_seed25009,25009,up,1400,34,train,-1.69,0.91,0.91,0.1708125
2735,d25_t09_r00_s035,2.269185314213022,9,0,54,ising2d_t09_r00_seed25009,25009,up,1440,35,train,-1.57,0.84,0.84,0.160375
2736,d25_t09_r00_s036,2.269185314213022,9,0,54,ising2d_t09_r00_seed25009,25009,up,1480,36,train,-1.34,0.585,0.585,0.1589375
2737,d25_t09_r00_s037,2.269185314213022,9,0,54,ising2d_t09_r00_seed25009,25009,up,1520,37,train,-1.33,0.575,0.575,0.20975000000000002
2738,d25_t09_r00_s038,2.269185314213022,9,0,54,ising2d_t09_r00_seed25009,25009,up,1560,38,train,-1.67,0.905,0.905,0.17837499999999995
2739,d25_t09_r00_s039,2.269185314213022,9,0,54,ising2d_t09_r00_seed25009,25009,up,1600,39,train,-1.25,0.64,0.64,0.19031250000000002
2740,d25_t09_r00_s040,2.269185314213022,9,0,54,ising2d_t09_r00_seed25009,25009,up,1640,40,train,-1.52,0.755,0.755,0.19068750000000004
2741,d25_t09_r00_s041,2.269185314213022,9,0,54,ising2d_t09_r00_seed25009,25009,up,1680,41,train,-1.46,0.81,0.81,0.1316875
2742,d25_t09_r00_s042,2.269185314213022,9,0,54,ising2d_t09_r00_seed25009,25009,up,1720,42,train,-1.68,0.9,0.9,0.183
2743,d25_t09_r00_s043,2.269185314213022,9,0,54,ising2d_t09_r00_seed25009,25009,up,1760,43,train,-1.75,0.925,0.925,0.15031250000000002
2744,d25_t09_r00_s044,2.269185314213022,9,0,54,ising2d_t09_r00_seed25009,25009,up,1800,44,train,-1.36,0.665,0.665,0.162625
2745,d25_t09_r00_s045,2.269185314213022,9,0,54,ising2d_t09_r00_seed25009,25009,up,1840,45,train,-1.53,0.745,0.745,0.186125
2746,d25_t09_r00_s046,2.269185314213022,9,0,54,ising2d_t09_r00_seed25009,25009,up,1880,46,train,-1.65,0.89,0.89,0.16356249999999997
2747,d25_t09_r00_s047,2.269185314213022,9,0,54,ising2d_t09_r00_seed25009,25009,up,1920,47,train,-1.45,0.69,0.69,0.16412500000000002
2748,d25_t09_r00_s048,2.269185314213022,9,0,54,ising2d_t09_r00_seed25009,25009,up,1960,48,train,-1.39,0.685,0.685,0.19981249999999995
2749,d25_t09_r00_s049,2.269185314213022,9,0,54,ising2d_t09_r00_seed25009,25009,up,2000,49,train,-1.35,0.66,0.66,0.1748125
2750,d25_t09_r01_s000,2.269185314213022,9,1,55,ising2d_t09_r01_seed25027,25027,down,40,0,train,-1.59,0.86,0.86,0.18143749999999997
2751,d25_t09_r01_s001,2.269185314213022,9,1,55,ising2d_t09_r01_seed25027,25027,down,80,1,train,-1.41,0.7,0.7,0.171375
2752,d25_t09_r01_s002,2.269185314213022,9,1,55,ising2d_t09_r01_seed25027,25027,down,120,2,train,-1.27,0.66,0.66,0.159125
2753,d25_t09_r01_s003,2.269185314213022,9,1,55,ising2d_t09_r01_seed25027,25027,down,160,3,train,-1.21,0.445,0.445,0.2498125
2754,d25_t09_r01_s004,2.269185314213022,9,1,55,ising2d_t09_r01_seed25027,25027,down,200,4,train,-1.42,0.79,0.79,0.17368750000000002
2755,d25_t09_r01_s005,2.269185314213022,9,1,55,ising2d_t09_r01_seed25027,25027,down,240,5,train,-1.62,0.815,0.815,0.14206249999999998
2756,d25_t09_r01_s006,2.269185314213022,9,1,55,ising2d_t09_r01_seed25027,25027,down,280,6,train,-1.35,0.585,0.585,0.19587500000000002
2757,d25_t09_r01_s007,2.269185314213022,9,1,55,ising2d_t09_r01_seed25027,25027,down,320,7,train,-1.68,0.91,0.91,0.15043749999999995
2758,d25_t09_r01_s008,2.269185314213022,9,1,55,ising2d_t09_r01_seed25027,25027,down,360,8,train,-1.15,0.455,0.455,0.2185625
2759,d25_t09_r01_s009,2.269185314213022,9,1,55,ising2d_t09_r01_seed25027,25027,down,400,9,train,-1.62,0.855,0.855,0.19562500000000002
2760,d25_t09_r01_s010,2.269185314213022,9,1,55,ising2d_t09_r01_seed25027,25027,down,440,10,train,-1.4,0.65,0.65,0.1763125
2761,d25_t09_r01_s011,2.269185314213022,9,1,55,ising2d_t09_r01_seed25027,25027,down,480,11,train,-1.65,0.865,0.865,0.16406250000000006
2762,d25_t09_r01_s012,2.269185314213022,9,1,55,ising2d_t09_r01_seed25027,25027,down,520,12,train,-1.68,0.88,0.88,0.1549375
2763,d25_t09_r01_s013,2.269185314213022,9,1,55,ising2d_t09_r01_seed25027,25027,down,560,13,train,-1.65,0.89,0.89,0.14375
2764,d25_t09_r01_s014,2.269185314213022,9,1,55,ising2d_t09_r01_seed25027,25027,down,600,14,train,-1.48,0.755,0.755,0.14643749999999994
2765,d25_t09_r01_s015,2.269185314213022,9,1,55,ising2d_t09_r01_seed25027,25027,down,640,15,train,-1.72,0.915,0.915,0.14537499999999998
2766,d25_t09_r01_s016,2.269185314213022,9,1,55,ising2d_t09_r01_seed25027,25027,down,680,16,train,-1.31,0.655,0.655,0.17875
2767,d25_t09_r01_s017,2.269185314213022,9,1,55,ising2d_t09_r01_seed25027,25027,down,720,17,train,-1.54,0.745,0.745,0.18112500000000004
2768,d25_t09_r01_s018,2.269185314213022,9,1,55,ising2d_t09_r01_seed25027,25027,down,760,18,train,-1.4,0.65,0.65,0.20018749999999996
2769,d25_t09_r01_s019,2.269185314213022,9,1,55,ising2d_t09_r01_seed25027,25027,down,800,19,train,-1.47,0.795,0.795,0.15631249999999994
2770,d25_t09_r01_s020,2.269185314213022,9,1,55,ising2d_t09_r01_seed25027,25027,down,840,20,train,-1.44,0.81,0.81,0.14868749999999994
2771,d25_t09_r01_s021,2.269185314213022,9,1,55,ising2d_t09_r01_seed25027,25027,down,880,21,train,-1.41,0.3,0.3,0.18775000000000003
2772,d25_t09_r01_s022,2.269185314213022,9,1,55,ising2d_t09_r01_seed25027,25027,down,920,22,train,-1.29,-0.14,0.14,0.265375
2773,d25_t09_r01_s023,2.269185314213022,9,1,55,ising2d_t09_r01_seed25027,25027,down,960,23,train,-1.35,-0.22,0.22,0.2365000000000001
2774,d25_t09_r01_s024,2.269185314213022,9,1,55,ising2d_t09_r01_seed25027,25027,down,1000,24,train,-1.42,-0.18,0.18,0.25549999999999995
2775,d25_t09_r01_s025,2.269185314213022,9,1,55,ising2d_t09_r01_seed25027,25027,down,1040,25,train,-1.3,-0.395,0.395,0.26893749999999994
2776,d25_t09_r01_s026,2.269185314213022,9,1,55,ising2d_t09_r01_seed25027,25027,down,1080,26,train,-1.16,0.04,0.04,0.27068749999999997
2777,d25_t09_r01_s027,2.269185314213022,9,1,55,ising2d_t09_r01_seed25027,25027,down,1120,27,train,-1.05,0.09,0.09,0.29025
2778,d25_t09_r01_s028,2.269185314213022,9,1,55,ising2d_t09_r01_seed25027,25027,down,1160,28,train,-1.21,-0.04,0.04,0.282625
2779,d25_t09_r01_s029,2.269185314213022,9,1,55,ising2d_t09_r01_seed25027,25027,down,1200,29,train,-1.31,-0.51,0.51,0.2585
2780,d25_t09_r01_s030,2.269185314213022,9,1,55,ising2d_t09_r01_seed25027,25027,down,1240,30,train,-1.31,-0.69,0.69,0.23725000000000002
2781,d25_t09_r01_s031,2.269185314213022,9,1,55,ising2d_t09_r01_seed25027,25027,down,1280,31,train,-1.49,-0.775,0.775,0.18306250000000002
2782,d25_t09_r01_s032,2.269185314213022,9,1,55,ising2d_t09_r01_seed25027,25027,down,1320,32,train,-1.66,-0.87,0.87,0.15493749999999998
2783,d25_t09_r01_s033,2.269185314213022,9,1,55,ising2d_t09_r01_seed25027,25027,down,1360,33,train,-1.34,-0.625,0.625,0.1823125
2784,d25_t09_r01_s034,2.269185314213022,9,1,55,ising2d_t09_r01_seed25027,25027,down,1400,34,train,-1.25,-0.605,0.605,0.219
2785,d25_t09_r01_s035,2.269185314213022,9,1,55,ising2d_t09_r01_seed25027,25027,down,1440,35,train,-1.63,-0.865,0.865,0.18862500000000001
2786,d25_t09_r01_s036,2.269185314213022,9,1,55,ising2d_t09_r01_seed25027,25027,down,1480,36,train,-1.68,-0.89,0.89,0.1411875
2787,d25_t09_r01_s037,2.269185314213022,9,1,55,ising2d_t09_r01_seed25027,25027,down,1520,37,train,-1.29,-0.525,0.525,0.18306250000000002
2788,d25_t09_r01_s038,2.269185314213022,9,1,55,ising2d_t09_r01_seed25027,25027,down,1560,38,train,-1.53,-0.825,0.825,0.18400000000000002
2789,d25_t09_r01_s039,2.269185314213022,9,1,55,ising2d_t09_r01_seed25027,25027,down,1600,39,train,-1.47,-0.78,0.78,0.1464375
2790,d25_t09_r01_s040,2.269185314213022,9,1,55,ising2d_t09_r01_seed25027,25027,down,1640,40,train,-1.47,-0.77,0.77,0.18499999999999997
2791,d25_t09_r01_s041,2.269185314213022,9,1,55,ising2d_t09_r01_seed25027,25027,down,1680,41,train,-1.6,-0.865,0.865,0.1439375
2792,d25_t09_r01_s042,2.269185314213022,9,1,55,ising2d_t09_r01_seed25027,25027,down,1720,42,train,-1.53,-0.84,0.84,0.1400625
2793,d25_t09_r01_s043,2.269185314213022,9,1,55,ising2d_t09_r01_seed25027,25027,down,1760,43,train,-1.52,-0.82,0.82,0.17749999999999994
2794,d25_t09_r01_s044,2.269185314213022,9,1,55,ising2d_t09_r01_seed25027,25027,down,1800,44,train,-1.58,-0.855,0.855,0.1440625
2795,d25_t09_r01_s045,2.269185314213022,9,1,55,ising2d_t09_r01_seed25027,25027,down,1840,45,train,-1.38,-0.76,0.76,0.1624375
2796,d25_t09_r01_s046,2.269185314213022,9,1,55,ising2d_t09_r01_seed25027,25027,down,1880,46,train,-1.41,-0.645,0.645,0.16106249999999994
2797,d25_t09_r01_s047,2.269185314213022,9,1,55,ising2d_t09_r01_seed25027,25027,down,1920,47,train,-1.32,-0.7,0.7,0.19181249999999997
2798,d25_t09_r01_s048,2.269185314213022,9,1,55,ising2d_t09_r01_seed25027,25027,down,1960,48,train,-1.32,-0.66,0.66,0.247875
2799,d25_t09_r01_s049,2.269185314213022,9,1,55,ising2d_t09_r01_seed25027,25027,down,2000,49,train,-1.4,-0.555,0.555,0.2480625
2800,d25_t09_r02_s000,2.269185314213022,9,2,56,ising2d_t09_r02_seed25045,25045,up,40,0,validation,-1.65,-0.89,0.89,0.176125
2801,d25_t09_r02_s001,2.269185314213022,9,2,56,ising2d_t09_r02_seed25045,25045,up,80,1,validation,-1.48,-0.74,0.74,0.19075000000000003
2802,d25_t09_r02_s002,2.269185314213022,9,2,56,ising2d_t09_r02_seed25045,25045,up,120,2,validation,-1.48,-0.63,0.63,0.192
2803,d25_t09_r02_s003,2.269185314213022,9,2,56,ising2d_t09_r02_seed25045,25045,up,160,3,validation,-1.5,-0.755,0.755,0.19968750000000002
2804,d25_t09_r02_s004,2.269185314213022,9,2,56,ising2d_t09_r02_seed25045,25045,up,200,4,validation,-1.57,-0.82,0.82,0.1671875
2805,d25_t09_r02_s005,2.269185314213022,9,2,56,ising2d_t09_r02_seed25045,25045,up,240,5,validation,-1.53,-0.825,0.825,0.1734375
2806,d25_t09_r02_s006,2.269185314213022,9,2,56,ising2d_t09_r02_seed25045,25045,up,280,6,validation,-1.3,-0.62,0.62,0.16468750000000001
2807,d25_t09_r02_s007,2.269185314213022,9,2,56,ising2d_t09_r02_seed25045,25045,up,320,7,validation,-1.64,-0.83,0.83,0.18925
2808,d25_t09_r02_s008,2.269185314213022,9,2,56,ising2d_t09_r02_seed25045,25045,up,360,8,validation,-1.48,-0.82,0.82,0.18725
2809,d25_t09_r02_s009,2.269185314213022,9,2,56,ising2d_t09_r02_seed25045,25045,up,400,9,validation,-1.35,-0.565,0.565,0.16893749999999996
2810,d25_t09_r02_s010,2.269185314213022,9,2,56,ising2d_t09_r02_seed25045,25045,up,440,10,validation,-1.31,-0.61,0.61,0.2246875
2811,d25_t09_r02_s011,2.269185314213022,9,2,56,ising2d_t09_r02_seed25045,25045,up,480,11,validation,-1.63,-0.89,0.89,0.18012500000000004
2812,d25_t09_r02_s012,2.269185314213022,9,2,56,ising2d_t09_r02_seed25045,25045,up,520,12,validation,-1.43,-0.725,0.725,0.1845625
2813,d25_t09_r02_s013,2.269185314213022,9,2,56,ising2d_t09_r02_seed25045,25045,up,560,13,validation,-1.5,-0.79,0.79,0.17493749999999997
2814,d25_t09_r02_s014,2.269185314213022,9,2,56,ising2d_t09_r02_seed25045,25045,up,600,14,validation,-1.55,-0.835,0.835,0.19393750000000004
2815,d25_t09_r02_s015,2.269185314213022,9,2,56,ising2d_t09_r02_seed25045,25045,up,640,15,validation,-1.52,-0.785,0.785,0.12712500000000004
2816,d25_t09_r02_s016,2.269185314213022,9,2,56,ising2d_t09_r02_seed25045,25045,up,680,16,validation,-1.49,-0.815,0.815,0.16287500000000005
2817,d25_t09_r02_s017,2.269185314213022,9,2,56,ising2d_t09_r02_seed25045,25045,up,720,17,validation,-1.44,-0.765,0.765,0.15162500000000007
2818,d25_t09_r02_s018,2.269185314213022,9,2,56,ising2d_t09_r02_seed25045,25045,up,760,18,validation,-1.59,-0.86,0.86,0.16106250000000005
2819,d25_t09_r02_s019,2.269185314213022,9,2,56,ising2d_t09_r02_seed25045,25045,up,800,19,validation,-1.58,-0.795,0.795,0.15968750000000004
2820,d25_t09_r02_s020,2.269185314213022,9,2,56,ising2d_t09_r02_seed25045,25045,up,840,20,validation,-1.39,-0.73,0.73,0.17531249999999998
2821,d25_t09_r02_s021,2.269185314213022,9,2,56,ising2d_t09_r02_seed25045,25045,up,880,21,validation,-1.42,-0.68,0.68,0.213625
2822,d25_t09_r02_s022,2.269185314213022,9,2,56,ising2d_t09_r02_seed25045,25045,up,920,22,validation,-1.46,-0.825,0.825,0.22718750000000001
2823,d25_t09_r02_s023,2.269185314213022,9,2,56,ising2d_t09_r02_seed25045,25045,up,960,23,validation,-1.5,-0.845,0.845,0.16900000000000007
2824,d25_t09_r02_s024,2.269185314213022,9,2,56,ising2d_t09_r02_seed25045,25045,up,1000,24,validation,-1.6,-0.86,0.86,0.16481250000000003
2825,d25_t09_r02_s025,2.269185314213022,9,2,56,ising2d_t09_r02_seed25045,25045,up,1040,25,validation,-1.46,-0.775,0.775,0.1769375
2826,d25_t09_r02_s026,2.269185314213022,9,2,56,ising2d_t09_r02_seed25045,25045,up,1080,26,validation,-1.33,-0.74,0.74,0.1948125
2827,d25_t09_r02_s027,2.269185314213022,9,2,56,ising2d_t09_r02_seed25045,25045,up,1120,27,validation,-1.51,-0.84,0.84,0.16962500000000008
2828,d25_t09_r02_s028,2.269185314213022,9,2,56,ising2d_t09_r02_seed25045,25045,up,1160,28,validation,-1.28,-0.585,0.585,0.1763125
2829,d25_t09_r02_s029,2.269185314213022,9,2,56,ising2d_t09_r02_seed25045,25045,up,1200,29,validation,-1.27,-0.41,0.41,0.23343750000000002
2830,d25_t09_r02_s030,2.269185314213022,9,2,56,ising2d_t09_r02_seed25045,25045,up,1240,30,validation,-1.18,-0.565,0.565,0.22143749999999995
2831,d25_t09_r02_s031,2.269185314213022,9,2,56,ising2d_t09_r02_seed25045,25045,up,1280,31,validation,-1.56,-0.85,0.85,0.17981250000000004
2832,d25_t09_r02_s032,2.269185314213022,9,2,56,ising2d_t09_r02_seed25045,25045,up,1320,32,validation,-1.34,-0.755,0.755,0.2034375
2833,d25_t09_r02_s033,2.269185314213022,9,2,56,ising2d_t09_r02_seed25045,25045,up,1360,33,validation,-1.37,-0.76,0.76,0.16718749999999996
2834,d25_t09_r02_s034,2.269185314213022,9,2,56,ising2d_t09_r02_seed25045,25045,up,1400,34,validation,-1.46,-0.795,0.795,0.16118750000000004
2835,d25_t09_r02_s035,2.269185314213022,9,2,56,ising2d_t09_r02_seed25045,25045,up,1440,35,validation,-1.41,-0.76,0.76,0.1766875
2836,d25_t09_r02_s036,2.269185314213022,9,2,56,ising2d_t09_r02_seed25045,25045,up,1480,36,validation,-1.43,-0.8,0.8,0.19587500000000002
2837,d25_t09_r02_s037,2.269185314213022,9,2,56,ising2d_t09_r02_seed25045,25045,up,1520,37,validation,-1.65,-0.88,0.88,0.15599999999999997
2838,d25_t09_r02_s038,2.269185314213022,9,2,56,ising2d_t09_r02_seed25045,25045,up,1560,38,validation,-1.55,-0.81,0.81,0.14387500000000003
2839,d25_t09_r02_s039,2.269185314213022,9,2,56,ising2d_t09_r02_seed25045,25045,up,1600,39,validation,-1.71,-0.9,0.9,0.12262499999999996
2840,d25_t09_r02_s040,2.269185314213022,9,2,56,ising2d_t09_r02_seed25045,25045,up,1640,40,validation,-1.45,-0.725,0.725,0.18868750000000004
2841,d25_t09_r02_s041,2.269185314213022,9,2,56,ising2d_t09_r02_seed25045,25045,up,1680,41,validation,-1.26,-0.485,0.485,0.20650000000000004
2842,d25_t09_r02_s042,2.269185314213022,9,2,56,ising2d_t09_r02_seed25045,25045,up,1720,42,validation,-1.44,-0.7,0.7,0.23831249999999998
2843,d25_t09_r02_s043,2.269185314213022,9,2,56,ising2d_t09_r02_seed25045,25045,up,1760,43,validation,-1.38,-0.64,0.64,0.181375
2844,d25_t09_r02_s044,2.269185314213022,9,2,56,ising2d_t09_r02_seed25045,25045,up,1800,44,validation,-1.37,-0.455,0.455,0.17631249999999998
2845,d25_t09_r02_s045,2.269185314213022,9,2,56,ising2d_t09_r02_seed25045,25045,up,1840,45,validation,-1.54,-0.82,0.82,0.18443749999999998
2846,d25_t09_r02_s046,2.269185314213022,9,2,56,ising2d_t09_r02_seed25045,25045,up,1880,46,validation,-1.51,-0.805,0.805,0.17743750000000003
2847,d25_t09_r02_s047,2.269185314213022,9,2,56,ising2d_t09_r02_seed25045,25045,up,1920,47,validation,-1.5,-0.825,0.825,0.15550000000000003
2848,d25_t09_r02_s048,2.269185314213022,9,2,56,ising2d_t09_r02_seed25045,25045,up,1960,48,validation,-1.54,-0.715,0.715,0.14637499999999998
2849,d25_t09_r02_s049,2.269185314213022,9,2,56,ising2d_t09_r02_seed25045,25045,up,2000,49,validation,-1.45,-0.09,0.09,0.24718749999999998
2850,d25_t09_r03_s000,2.269185314213022,9,3,57,ising2d_t09_r03_seed25063,25063,down,40,0,validation,-1.4,-0.625,0.625,0.1698125
2851,d25_t09_r03_s001,2.269185314213022,9,3,57,ising2d_t09_r03_seed25063,25063,down,80,1,validation,-1.33,-0.625,0.625,0.23100000000000004
2852,d25_t09_r03_s002,2.269185314213022,9,3,57,ising2d_t09_r03_seed25063,25063,down,120,2,validation,-1.34,-0.565,0.565,0.204625
2853,d25_t09_r03_s003,2.269185314213022,9,3,57,ising2d_t09_r03_seed25063,25063,down,160,3,validation,-1.32,-0.655,0.655,0.235875
2854,d25_t09_r03_s004,2.269185314213022,9,3,57,ising2d_t09_r03_seed25063,25063,down,200,4,validation,-1.15,-0.03,0.03,0.24956250000000005
2855,d25_t09_r03_s005,2.269185314213022,9,3,57,ising2d_t09_r03_seed25063,25063,down,240,5,validation,-1.32,0.59,0.59,0.27075
2856,d25_t09_r03_s006,2.269185314213022,9,3,57,ising2d_t09_r03_seed25063,25063,down,280,6,validation,-1.35,0.75,0.75,0.2125
2857,d25_t09_r03_s007,2.269185314213022,9,3,57,ising2d_t09_r03_seed25063,25063,down,320,7,validation,-1.32,0.67,0.67,0.20812500000000003
2858,d25_t09_r03_s008,2.269185314213022,9,3,57,ising2d_t09_r03_seed25063,25063,down,360,8,validation,-1.37,0.59,0.59,0.21062499999999998
2859,d25_t09_r03_s009,2.269185314213022,9,3,57,ising2d_t09_r03_seed25063,25063,down,400,9,validation,-1.38,0.66,0.66,0.22962500000000002
2860,d25_t09_r03_s010,2.269185314213022,9,3,57,ising2d_t09_r03_seed25063,25063,down,440,10,validation,-1.33,0.675,0.675,0.1656875
2861,d25_t09_r03_s011,2.269185314213022,9,3,57,ising2d_t09_r03_seed25063,25063,down,480,11,validation,-1.56,0.83,0.83,0.19106250000000002
2862,d25_t09_r03_s012,2.269185314213022,9,3,57,ising2d_t09_r03_seed25063,25063,down,520,12,validation,-1.58,0.83,0.83,0.14750000000000002
2863,d25_t09_r03_s013,2.269185314213022,9,3,57,ising2d_t09_r03_seed25063,25063,down,560,13,validation,-1.49,0.825,0.825,0.14043750000000002
2864,d25_t09_r03_s014,2.269185314213022,9,3,57,ising2d_t09_r03_seed25063,25063,down,600,14,validation,-1.46,0.775,0.775,0.17450000000000004
2865,d25_t09_r03_s015,2.269185314213022,9,3,57,ising2d_t09_r03_seed25063,25063,down,640,15,validation,-1.49,0.77,0.77,0.17443749999999997
2866,d25_t09_r03_s016,2.269185314213022,9,3,57,ising2d_t09_r03_seed25063,25063,down,680,16,validation,-1.3,0.28,0.28,0.2505
2867,d25_t09_r03_s017,2.269185314213022,9,3,57,ising2d_t09_r03_seed25063,25063,down,720,17,validation,-1.34,0.695,0.695,0.22381249999999997
2868,d25_t09_r03_s018,2.269185314213022,9,3,57,ising2d_t09_r03_seed25063,25063,down,760,18,validation,-1.34,0.625,0.625,0.23675000000000002
2869,d25_t09_r03_s019,2.269185314213022,9,3,57,ising2d_t09_r03_seed25063,25063,down,800,19,validation,-1.5,0.71,0.71,0.19056250000000002
2870,d25_t09_r03_s020,2.269185314213022,9,3,57,ising2d_t09_r03_seed25063,25063,down,840,20,validation,-1.46,0.735,0.735,0.18843750000000004
2871,d25_t09_r03_s021,2.269185314213022,9,3,57,ising2d_t09_r03_seed25063,25063,down,880,21,validation,-1.58,0.87,0.87,0.18643749999999992
2872,d25_t09_r03_s022,2.269185314213022,9,3,57,ising2d_t09_r03_seed25063,25063,down,920,22,validation,-1.77,0.935,0.935,0.12356249999999999
2873,d25_t09_r03_s023,2.269185314213022,9,3,57,ising2d_t09_r03_seed25063,25063,down,960,23,validation,-1.28,0.605,0.605,0.14012500000000003
2874,d25_t09_r03_s024,2.269185314213022,9,3,57,ising2d_t09_r03_seed25063,25063,down,1000,24,validation,-1.47,0.82,0.82,0.19356250000000005
2875,d25_t09_r03_s025,2.269185314213022,9,3,57,ising2d_t09_r03_seed25063,25063,down,1040,25,validation,-1.52,0.77,0.77,0.18887500000000002
2876,d25_t09_r03_s026,2.269185314213022,9,3,57,ising2d_t09_r03_seed25063,25063,down,1080,26,validation,-1.61,0.845,0.845,0.1875625
2877,d25_t09_r03_s027,2.269185314213022,9,3,57,ising2d_t09_r03_seed25063,25063,down,1120,27,validation,-1.57,0.825,0.825,0.14024999999999996
2878,d25_t09_r03_s028,2.269185314213022,9,3,57,ising2d_t09_r03_seed25063,25063,down,1160,28,validation,-1.42,0.8,0.8,0.14381250000000007
2879,d25_t09_r03_s029,2.269185314213022,9,3,57,ising2d_t09_r03_seed25063,25063,down,1200,29,validation,-1.39,0.675,0.675,0.1834375
2880,d25_t09_r03_s030,2.269185314213022,9,3,57,ising2d_t09_r03_seed25063,25063,down,1240,30,validation,-1.57,0.81,0.81,0.18143750000000003
2881,d25_t09_r03_s031,2.269185314213022,9,3,57,ising2d_t09_r03_seed25063,25063,down,1280,31,validation,-1.39,0.525,0.525,0.16118749999999996
2882,d25_t09_r03_s032,2.269185314213022,9,3,57,ising2d_t09_r03_seed25063,25063,down,1320,32,validation,-1.31,0.615,0.615,0.22674999999999995
2883,d25_t09_r03_s033,2.269185314213022,9,3,57,ising2d_t09_r03_seed25063,25063,down,1360,33,validation,-1.35,0.09,0.09,0.2284375
2884,d25_t09_r03_s034,2.269185314213022,9,3,57,ising2d_t09_r03_seed25063,25063,down,1400,34,validation,-1.28,0.4,0.4,0.28374999999999995
2885,d25_t09_r03_s035,2.269185314213022,9,3,57,ising2d_t09_r03_seed25063,25063,down,1440,35,validation,-1.44,0.76,0.76,0.18262499999999993
2886,d25_t09_r03_s036,2.269185314213022,9,3,57,ising2d_t09_r03_seed25063,25063,down,1480,36,validation,-1.52,0.77,0.77,0.166125
2887,d25_t09_r03_s037,2.269185314213022,9,3,57,ising2d_t09_r03_seed25063,25063,down,1520,37,validation,-1.41,0.715,0.715,0.14331250000000004
2888,d25_t09_r03_s038,2.269185314213022,9,3,57,ising2d_t09_r03_seed25063,25063,down,1560,38,validation,-1.67,0.88,0.88,0.2033125
2889,d25_t09_r03_s039,2.269185314213022,9,3,57,ising2d_t09_r03_seed25063,25063,down,1600,39,validation,-1.46,0.72,0.72,0.18675
2890,d25_t09_r03_s040,2.269185314213022,9,3,57,ising2d_t09_r03_seed25063,25063,down,1640,40,validation,-1.34,0.51,0.51,0.22024999999999997
2891,d25_t09_r03_s041,2.269185314213022,9,3,57,ising2d_t09_r03_seed25063,25063,down,1680,41,validation,-1.52,0.8,0.8,0.17575000000000002
2892,d25_t09_r03_s042,2.269185314213022,9,3,57,ising2d_t09_r03_seed25063,25063,down,1720,42,validation,-1.5,0.83,0.83,0.1595
2893,d25_t09_r03_s043,2.269185314213022,9,3,57,ising2d_t09_r03_seed25063,25063,down,1760,43,validation,-1.61,0.865,0.865,0.12993749999999998
2894,d25_t09_r03_s044,2.269185314213022,9,3,57,ising2d_t09_r03_seed25063,25063,down,1800,44,validation,-1.56,0.81,0.81,0.14656249999999998
2895,d25_t09_r03_s045,2.269185314213022,9,3,57,ising2d_t09_r03_seed25063,25063,down,1840,45,validation,-1.5,0.74,0.74,0.21612499999999998
2896,d25_t09_r03_s046,2.269185314213022,9,3,57,ising2d_t09_r03_seed25063,25063,down,1880,46,validation,-1.58,0.805,0.805,0.18543749999999998
2897,d25_t09_r03_s047,2.269185314213022,9,3,57,ising2d_t09_r03_seed25063,25063,down,1920,47,validation,-1.52,0.78,0.78,0.2029375
2898,d25_t09_r03_s048,2.269185314213022,9,3,57,ising2d_t09_r03_seed25063,25063,down,1960,48,validation,-1.74,0.895,0.895,0.14756249999999999
2899,d25_t09_r03_s049,2.269185314213022,9,3,57,ising2d_t09_r03_seed25063,25063,down,2000,49,validation,-1.47,0.77,0.77,0.1605625
2900,d25_t09_r04_s000,2.269185314213022,9,4,58,ising2d_t09_r04_seed25081,25081,up,40,0,test,-1.4,0.705,0.705,0.19631249999999995
2901,d25_t09_r04_s001,2.269185314213022,9,4,58,ising2d_t09_r04_seed25081,25081,up,80,1,test,-1.54,0.785,0.785,0.21587499999999998
2902,d25_t09_r04_s002,2.269185314213022,9,4,58,ising2d_t09_r04_seed25081,25081,up,120,2,test,-1.61,0.815,0.815,0.14249999999999996
2903,d25_t09_r04_s003,2.269185314213022,9,4,58,ising2d_t09_r04_seed25081,25081,up,160,3,test,-1.49,0.77,0.77,0.1630625
2904,d25_t09_r04_s004,2.269185314213022,9,4,58,ising2d_t09_r04_seed25081,25081,up,200,4,test,-1.32,0.635,0.635,0.21568749999999995
2905,d25_t09_r04_s005,2.269185314213022,9,4,58,ising2d_t09_r04_seed25081,25081,up,240,5,test,-1.21,0.31,0.31,0.2264375
2906,d25_t09_r04_s006,2.269185314213022,9,4,58,ising2d_t09_r04_seed25081,25081,up,280,6,test,-1.18,0.395,0.395,0.2534375
2907,d25_t09_r04_s007,2.269185314213022,9,4,58,ising2d_t09_r04_seed25081,25081,up,320,7,test,-1.52,0.835,0.835,0.18987500000000002
2908,d25_t09_r04_s008,2.269185314213022,9,4,58,ising2d_t09_r04_seed25081,25081,up,360,8,test,-1.63,0.85,0.85,0.1505625
2909,d25_t09_r04_s009,2.269185314213022,9,4,58,ising2d_t09_r04_seed25081,25081,up,400,9,test,-1.46,0.72,0.72,0.16299999999999998
2910,d25_t09_r04_s010,2.269185314213022,9,4,58,ising2d_t09_r04_seed25081,25081,up,440,10,test,-1.32,0.715,0.715,0.16018749999999998
2911,d25_t09_r04_s011,2.269185314213022,9,4,58,ising2d_t09_r04_seed25081,25081,up,480,11,test,-1.5,0.74,0.74,0.19943750000000002
2912,d25_t09_r04_s012,2.269185314213022,9,4,58,ising2d_t09_r04_seed25081,25081,up,520,12,test,-1.65,0.89,0.89,0.16499999999999998
2913,d25_t09_r04_s013,2.269185314213022,9,4,58,ising2d_t09_r04_seed25081,25081,up,560,13,test,-1.39,0.74,0.74,0.15099999999999997
2914,d25_t09_r04_s014,2.269185314213022,9,4,58,ising2d_t09_r04_seed25081,25081,up,600,14,test,-1.63,0.895,0.895,0.21081249999999993
2915,d25_t09_r04_s015,2.269185314213022,9,4,58,ising2d_t09_r04_seed25081,25081,up,640,15,test,-1.52,0.81,0.81,0.16406249999999994
2916,d25_t09_r04_s016,2.269185314213022,9,4,58,ising2d_t09_r04_seed25081,25081,up,680,16,test,-1.52,0.81,0.81,0.15987500000000004
2917,d25_t09_r04_s017,2.269185314213022,9,4,58,ising2d_t09_r04_seed25081,25081,up,720,17,test,-1.28,0.68,0.68,0.17024999999999996
2918,d25_t09_r04_s018,2.269185314213022,9,4,58,ising2d_t09_r04_seed25081,25081,up,760,18,test,-1.43,0.74,0.74,0.149125
2919,d25_t09_r04_s019,2.269185314213022,9,4,58,ising2d_t09_r04_seed25081,25081,up,800,19,test,-1.15,0.59,0.59,0.19124999999999998
2920,d25_t09_r04_s020,2.269185314213022,9,4,58,ising2d_t09_r04_seed25081,25081,up,840,20,test,-1.33,0.665,0.665,0.22993749999999996
2921,d25_t09_r04_s021,2.269185314213022,9,4,58,ising2d_t09_r04_seed25081,25081,up,880,21,test,-1.3,0.65,0.65,0.23343750000000005
2922,d25_t09_r04_s022,2.269185314213022,9,4,58,ising2d_t09_r04_seed25081,25081,up,920,22,test,-1.64,0.865,0.865,0.15181250000000007
2923,d25_t09_r04_s023,2.269185314213022,9,4,58,ising2d_t09_r04_seed25081,25081,up,960,23,test,-1.45,0.78,0.78,0.18943749999999998
2924,d25_t09_r04_s024,2.269185314213022,9,4,58,ising2d_t09_r04_seed25081,25081,up,1000,24,test,-1.45,0.745,0.745,0.1898125
2925,d25_t09_r04_s025,2.269185314213022,9,4,58,ising2d_t09_r04_seed25081,25081,up,1040,25,test,-1.5,0.78,0.78,0.20518750000000008
2926,d25_t09_r04_s026,2.269185314213022,9,4,58,ising2d_t09_r04_seed25081,25081,up,1080,26,test,-1.38,0.745,0.745,0.16431250000000003
2927,d25_t09_r04_s027,2.269185314213022,9,4,58,ising2d_t09_r04_seed25081,25081,up,1120,27,test,-1.42,0.715,0.715,0.20775000000000005
2928,d25_t09_r04_s028,2.269185314213022,9,4,58,ising2d_t09_r04_seed25081,25081,up,1160,28,test,-1.68,0.9,0.9,0.1499375
2929,d25_t09_r04_s029,2.269185314213022,9,4,58,ising2d_t09_r04_seed25081,25081,up,1200,29,test,-1.4,0.57,0.57,0.175625
2930,d25_t09_r04_s030,2.269185314213022,9,4,58,ising2d_t09_r04_seed25081,25081,up,1240,30,test,-1.54,0.715,0.715,0.22668750000000001
2931,d25_t09_r04_s031,2.269185314213022,9,4,58,ising2d_t09_r04_seed25081,25081,up,1280,31,test,-1.33,0.65,0.65,0.17193750000000002
2932,d25_t09_r04_s032,2.269185314213022,9,4,58,ising2d_t09_r04_seed25081,25081,up,1320,32,test,-1.4,0.775,0.775,0.1938125
2933,d25_t09_r04_s033,2.269185314213022,9,4,58,ising2d_t09_r04_seed25081,25081,up,1360,33,test,-1.46,0.8,0.8,0.15706250000000002
2934,d25_t09_r04_s034,2.269185314213022,9,4,58,ising2d_t09_r04_seed25081,25081,up,1400,34,test,-1.69,0.87,0.87,0.15762499999999996
2935,d25_t09_r04_s035,2.269185314213022,9,4,58,ising2d_t09_r04_seed25081,25081,up,1440,35,test,-1.37,0.46,0.46,0.18487499999999998
2936,d25_t09_r04_s036,2.269185314213022,9,4,58,ising2d_t09_r04_seed25081,25081,up,1480,36,test,-1.44,0.795,0.795,0.21968749999999998
2937,d25_t09_r04_s037,2.269185314213022,9,4,58,ising2d_t09_r04_seed25081,25081,up,1520,37,test,-1.53,0.815,0.815,0.16412499999999997
2938,d25_t09_r04_s038,2.269185314213022,9,4,58,ising2d_t09_r04_seed25081,25081,up,1560,38,test,-1.44,0.695,0.695,0.20100000000000007
2939,d25_t09_r04_s039,2.269185314213022,9,4,58,ising2d_t09_r04_seed25081,25081,up,1600,39,test,-1.38,0.64,0.64,0.22581249999999997
2940,d25_t09_r04_s040,2.269185314213022,9,4,58,ising2d_t09_r04_seed25081,25081,up,1640,40,test,-1.31,0.605,0.605,0.20643749999999997
2941,d25_t09_r04_s041,2.269185314213022,9,4,58,ising2d_t09_r04_seed25081,25081,up,1680,41,test,-1.57,0.795,0.795,0.19087500000000004
2942,d25_t09_r04_s042,2.269185314213022,9,4,58,ising2d_t09_r04_seed25081,25081,up,1720,42,test,-1.52,0.75,0.75,0.17293750000000002
2943,d25_t09_r04_s043,2.269185314213022,9,4,58,ising2d_t09_r04_seed25081,25081,up,1760,43,test,-1.43,0.69,0.69,0.16412500000000002
2944,d25_t09_r04_s044,2.269185314213022,9,4,58,ising2d_t09_r04_seed25081,25081,up,1800,44,test,-1.23,0.575,0.575,0.23281250000000003
2945,d25_t09_r04_s045,2.269185314213022,9,4,58,ising2d_t09_r04_seed25081,25081,up,1840,45,test,-1.07,0.4,0.4,0.25918749999999996
2946,d25_t09_r04_s046,2.269185314213022,9,4,58,ising2d_t09_r04_seed25081,25081,up,1880,46,test,-1.45,0.7,0.7,0.21025
2947,d25_t09_r04_s047,2.269185314213022,9,4,58,ising2d_t09_r04_seed25081,25081,up,1920,47,test,-1.64,0.85,0.85,0.17124999999999996
2948,d25_t09_r04_s048,2.269185314213022,9,4,58,ising2d_t09_r04_seed25081,25081,up,1960,48,test,-1.25,0.325,0.325,0.20206249999999998
2949,d25_t09_r04_s049,2.269185314213022,9,4,58,ising2d_t09_r04_seed25081,25081,up,2000,49,test,-1.54,0.78,0.78,0.19506250000000006
2950,d25_t09_r05_s000,2.269185314213022,9,5,59,ising2d_t09_r05_seed25099,25099,down,40,0,test,-1.59,-0.84,0.84,0.2093125
2951,d25_t09_r05_s001,2.269185314213022,9,5,59,ising2d_t09_r05_seed25099,25099,down,80,1,test,-1.58,-0.84,0.84,0.173375
2952,d25_t09_r05_s002,2.269185314213022,9,5,59,ising2d_t09_r05_seed25099,25099,down,120,2,test,-1.32,-0.655,0.655,0.1700625
2953,d25_t09_r05_s003,2.269185314213022,9,5,59,ising2d_t09_r05_seed25099,25099,down,160,3,test,-1.44,-0.755,0.755,0.21975000000000003
2954,d25_t09_r05_s004,2.269185314213022,9,5,59,ising2d_t09_r05_seed25099,25099,down,200,4,test,-1.43,-0.76,0.76,0.15131250000000002
2955,d25_t09_r05_s005,2.269185314213022,9,5,59,ising2d_t09_r05_seed25099,25099,down,240,5,test,-1.47,-0.78,0.78,0.18949999999999997
2956,d25_t09_r05_s006,2.269185314213022,9,5,59,ising2d_t09_r05_seed25099,25099,down,280,6,test,-1.35,-0.715,0.715,0.17893750000000003
2957,d25_t09_r05_s007,2.269185314213022,9,5,59,ising2d_t09_r05_seed25099,25099,down,320,7,test,-1.42,-0.775,0.775,0.15975
2958,d25_t09_r05_s008,2.269185314213022,9,5,59,ising2d_t09_r05_seed25099,25099,down,360,8,test,-1.49,-0.835,0.835,0.19862500000000005
2959,d25_t09_r05_s009,2.269185314213022,9,5,59,ising2d_t09_r05_seed25099,25099,down,400,9,test,-1.29,-0.51,0.51,0.18893750000000004
2960,d25_t09_r05_s010,2.269185314213022,9,5,59,ising2d_t09_r05_seed25099,25099,down,440,10,test,-1.28,-0.57,0.57,0.212875
2961,d25_t09_r05_s011,2.269185314213022,9,5,59,ising2d_t09_r05_seed25099,25099,down,480,11,test,-1.32,-0.65,0.65,0.19099999999999998
2962,d25_t09_r05_s012,2.269185314213022,9,5,59,ising2d_t09_r05_seed25099,25099,down,520,12,test,-1.6,-0.865,0.865,0.1485625
2963,d25_t09_r05_s013,2.269185314213022,9,5,59,ising2d_t09_r05_seed25099,25099,down,560,13,test,-1.47,-0.775,0.775,0.156
2964,d25_t09_r05_s014,2.269185314213022,9,5,59,ising2d_t09_r05_seed25099,25099,down,600,14,test,-1.34,-0.225,0.225,0.20512499999999995
2965,d25_t09_r05_s015,2.269185314213022,9,5,59,ising2d_t09_r05_seed25099,25099,down,640,15,test,-1.28,-0.505,0.505,0.257875
2966,d25_t09_r05_s016,2.269185314213022,9,5,59,ising2d_t09_r05_seed25099,25099,down,680,16,test,-1.39,-0.33,0.33,0.2549375000000001
2967,d25_t09_r05_s017,2.269185314213022,9,5,59,ising2d_t09_r05_seed25099,25099,down,720,17,test,-1.15,-0.23,0.23,0.24037500000000006
2968,d25_t09_r05_s018,2.269185314213022,9,5,59,ising2d_t09_r05_seed25099,25099,down,760,18,test,-1.07,0.315,0.315,0.2574374999999999
2969,d25_t09_r05_s019,2.269185314213022,9,5,59,ising2d_t09_r05_seed25099,25099,down,800,19,test,-1.32,0.675,0.675,0.23474999999999996
2970,d25_t09_r05_s020,2.269185314213022,9,5,59,ising2d_t09_r05_seed25099,25099,down,840,20,test,-1.24,0.535,0.535,0.24662499999999993
2971,d25_t09_r05_s021,2.269185314213022,9,5,59,ising2d_t09_r05_seed25099,25099,down,880,21,test,-1.37,0.42,0.42,0.2498125
2972,d25_t09_r05_s022,2.269185314213022,9,5,59,ising2d_t09_r05_seed25099,25099,down,920,22,test,-1.3,0.405,0.405,0.2361875
2973,d25_t09_r05_s023,2.269185314213022,9,5,59,ising2d_t09_r05_seed25099,25099,down,960,23,test,-1.33,0.58,0.58,0.1856875
2974,d25_t09_r05_s024,2.269185314213022,9,5,59,ising2d_t09_r05_seed25099,25099,down,1000,24,test,-1.39,0.745,0.745,0.17668749999999994
2975,d25_t09_r05_s025,2.269185314213022,9,5,59,ising2d_t09_r05_seed25099,25099,down,1040,25,test,-1.59,0.865,0.865,0.17337499999999997
2976,d25_t09_r05_s026,2.269185314213022,9,5,59,ising2d_t09_r05_seed25099,25099,down,1080,26,test,-1.59,0.765,0.765,0.13837499999999997
2977,d25_t09_r05_s027,2.269185314213022,9,5,59,ising2d_t09_r05_seed25099,25099,down,1120,27,test,-1.26,0.48,0.48,0.18468749999999995
2978,d25_t09_r05_s028,2.269185314213022,9,5,59,ising2d_t09_r05_seed25099,25099,down,1160,28,test,-1.37,0.545,0.545,0.22906250000000003
2979,d25_t09_r05_s029,2.269185314213022,9,5,59,ising2d_t09_r05_seed25099,25099,down,1200,29,test,-1.58,0.875,0.875,0.18662499999999996
2980,d25_t09_r05_s030,2.269185314213022,9,5,59,ising2d_t09_r05_seed25099,25099,down,1240,30,test,-1.44,0.655,0.655,0.19125000000000003
2981,d25_t09_r05_s031,2.269185314213022,9,5,59,ising2d_t09_r05_seed25099,25099,down,1280,31,test,-1.52,0.79,0.79,0.16731250000000003
2982,d25_t09_r05_s032,2.269185314213022,9,5,59,ising2d_t09_r05_seed25099,25099,down,1320,32,test,-1.29,0.69,0.69,0.16112500000000002
2983,d25_t09_r05_s033,2.269185314213022,9,5,59,ising2d_t09_r05_seed25099,25099,down,1360,33,test,-1.43,0.75,0.75,0.17350000000000002
2984,d25_t09_r05_s034,2.269185314213022,9,5,59,ising2d_t09_r05_seed25099,25099,down,1400,34,test,-1.24,0.45,0.45,0.191625
2985,d25_t09_r05_s035,2.269185314213022,9,5,59,ising2d_t09_r05_seed25099,25099,down,1440,35,test,-1.44,0.59,0.59,0.23125
2986,d25_t09_r05_s036,2.269185314213022,9,5,59,ising2d_t09_r05_seed25099,25099,down,1480,36,test,-1.58,0.86,0.86,0.16550000000000004
2987,d25_t09_r05_s037,2.269185314213022,9,5,59,ising2d_t09_r05_seed25099,25099,down,1520,37,test,-1.69,0.915,0.915,0.14806250000000004
2988,d25_t09_r05_s038,2.269185314213022,9,5,59,ising2d_t09_r05_seed25099,25099,down,1560,38,test,-1.43,0.685,0.685,0.184
2989,d25_t09_r05_s039,2.269185314213022,9,5,59,ising2d_t09_r05_seed25099,25099,down,1600,39,test,-1.57,0.775,0.775,0.18837500000000001
2990,d25_t09_r05_s040,2.269185314213022,9,5,59,ising2d_t09_r05_seed25099,25099,down,1640,40,test,-1.61,0.865,0.865,0.18237499999999998
2991,d25_t09_r05_s041,2.269185314213022,9,5,59,ising2d_t09_r05_seed25099,25099,down,1680,41,test,-1.61,0.865,0.865,0.18300000000000002
2992,d25_t09_r05_s042,2.269185314213022,9,5,59,ising2d_t09_r05_seed25099,25099,down,1720,42,test,-1.53,0.635,0.635,0.14862499999999998
2993,d25_t09_r05_s043,2.269185314213022,9,5,59,ising2d_t09_r05_seed25099,25099,down,1760,43,test,-1.4,0.69,0.69,0.18556250000000002
2994,d25_t09_r05_s044,2.269185314213022,9,5,59,ising2d_t09_r05_seed25099,25099,down,1800,44,test,-1.29,0.42,0.42,0.23099999999999993
2995,d25_t09_r05_s045,2.269185314213022,9,5,59,ising2d_t09_r05_seed25099,25099,down,1840,45,test,-1.55,0.84,0.84,0.22337500000000002
2996,d25_t09_r05_s046,2.269185314213022,9,5,59,ising2d_t09_r05_seed25099,25099,down,1880,46,test,-1.18,0.555,0.555,0.19006250000000002
2997,d25_t09_r05_s047,2.269185314213022,9,5,59,ising2d_t09_r05_seed25099,25099,down,1920,47,test,-1.54,0.825,0.825,0.22549999999999995
2998,d25_t09_r05_s048,2.269185314213022,9,5,59,ising2d_t09_r05_seed25099,25099,down,1960,48,test,-1.43,0.5,0.5,0.19131250000000002
2999,d25_t09_r05_s049,2.269185314213022,9,5,59,ising2d_t09_r05_seed25099,25099,down,2000,49,test,-1.43,0.765,0.765,0.2243125
3000,d25_t10_r00_s000,2.29,10,0,60,ising2d_t10_r00_seed25010,25010,up,40,0,train,-1.32,-0.615,0.615,0.22406250000000005
3001,d25_t10_r00_s001,2.29,10,0,60,ising2d_t10_r00_seed25010,25010,up,80,1,train,-1.24,-0.66,0.66,0.21031249999999999
3002,d25_t10_r00_s002,2.29,10,0,60,ising2d_t10_r00_seed25010,25010,up,120,2,train,-1.67,-0.885,0.885,0.1644375
3003,d25_t10_r00_s003,2.29,10,0,60,ising2d_t10_r00_seed25010,25010,up,160,3,train,-1.47,-0.81,0.81,0.20806249999999996
3004,d25_t10_r00_s004,2.29,10,0,60,ising2d_t10_r00_seed25010,25010,up,200,4,train,-1.51,-0.835,0.835,0.18731250000000002
3005,d25_t10_r00_s005,2.29,10,0,60,ising2d_t10_r00_seed25010,25010,up,240,5,train,-1.45,-0.83,0.83,0.16343749999999999
3006,d25_t10_r00_s006,2.29,10,0,60,ising2d_t10_r00_seed25010,25010,up,280,6,train,-1.39,-0.545,0.545,0.20868750000000005
3007,d25_t10_r00_s007,2.29,10,0,60,ising2d_t10_r00_seed25010,25010,up,320,7,train,-1.21,-0.655,0.655,0.22375000000000003
3008,d25_t10_r00_s008,2.29,10,0,60,ising2d_t10_r00_seed25010,25010,up,360,8,train,-1.15,-0.37,0.37,0.24968750000000012
3009,d25_t10_r00_s009,2.29,10,0,60,ising2d_t10_r00_seed25010,25010,up,400,9,train,-1.25,-0.485,0.485,0.2621875000000001
3010,d25_t10_r00_s010,2.29,10,0,60,ising2d_t10_r00_seed25010,25010,up,440,10,train,-1.62,-0.855,0.855,0.19375
3011,d25_t10_r00_s011,2.29,10,0,60,ising2d_t10_r00_seed25010,25010,up,480,11,train,-1.47,-0.81,0.81,0.1888125
3012,d25_t10_r00_s012,2.29,10,0,60,ising2d_t10_r00_seed25010,25010,up,520,12,train,-1.26,-0.705,0.705,0.18181250000000002
3013,d25_t10_r00_s013,2.29,10,0,60,ising2d_t10_r00_seed25010,25010,up,560,13,train,-1.21,-0.425,0.425,0.24687499999999996
3014,d25_t10_r00_s014,2.29,10,0,60,ising2d_t10_r00_seed25010,25010,up,600,14,train,-1.63,-0.86,0.86,0.1949375
3015,d25_t10_r00_s015,2.29,10,0,60,ising2d_t10_r00_seed25010,25010,up,640,15,train,-1.27,-0.63,0.63,0.15075
3016,d25_t10_r00_s016,2.29,10,0,60,ising2d_t10_r00_seed25010,25010,up,680,16,train,-1.43,-0.74,0.74,0.173125
3017,d25_t10_r00_s017,2.29,10,0,60,ising2d_t10_r00_seed25010,25010,up,720,17,train,-1.2,-0.56,0.56,0.20250000000000004
3018,d25_t10_r00_s018,2.29,10,0,60,ising2d_t10_r00_seed25010,25010,up,760,18,train,-1.4,-0.735,0.735,0.20918750000000003
3019,d25_t10_r00_s019,2.29,10,0,60,ising2d_t10_r00_seed25010,25010,up,800,19,train,-1.51,-0.81,0.81,0.22131249999999997
3020,d25_t10_r00_s020,2.29,10,0,60,ising2d_t10_r00_seed25010,25010,up,840,20,train,-1.64,-0.875,0.875,0.15493749999999995
3021,d25_t10_r00_s021,2.29,10,0,60,ising2d_t10_r00_seed25010,25010,up,880,21,train,-1.25,-0.275,0.275,0.24987500000000007
3022,d25_t10_r00_s022,2.29,10,0,60,ising2d_t10_r00_seed25010,25010,up,920,22,train,-1.25,-0.145,0.145,0.299125
3023,d25_t10_r00_s023,2.29,10,0,60,ising2d_t10_r00_seed25010,25010,up,960,23,train,-1.23,-0.12,0.12,0.28506250000000016
3024,d25_t10_r00_s024,2.29,10,0,60,ising2d_t10_r00_seed25010,25010,up,1000,24,train,-1.24,0.07,0.07,0.27312500000000006
3025,d25_t10_r00_s025,2.29,10,0,60,ising2d_t10_r00_seed25010,25010,up,1040,25,train,-1.29,-0.02,0.02,0.25937499999999997
3026,d25_t10_r00_s026,2.29,10,0,60,ising2d_t10_r00_seed25010,25010,up,1080,26,train,-1.25,-0.17,0.17,0.274125
3027,d25_t10_r00_s027,2.29,10,0,60,ising2d_t10_r00_seed25010,25010,up,1120,27,train,-1.1,0.005,0.005,0.2731874999999999
3028,d25_t10_r00_s028,2.29,10,0,60,ising2d_t10_r00_seed25010,25010,up,1160,28,train,-1.32,0.485,0.485,0.29225
3029,d25_t10_r00_s029,2.29,10,0,60,ising2d_t10_r00_seed25010,25010,up,1200,29,train,-1.11,0.295,0.295,0.260625
3030,d25_t10_r00_s030,2.29,10,0,60,ising2d_t10_r00_seed25010,25010,up,1240,30,train,-1.13,0.27,0.27,0.2855625000000001
3031,d25_t10_r00_s031,2.29,10,0,60,ising2d_t10_r00_seed25010,25010,up,1280,31,train,-1.2,0.54,0.54,0.24
3032,d25_t10_r00_s032,2.29,10,0,60,ising2d_t10_r00_seed25010,25010,up,1320,32,train,-1.39,0.65,0.65,0.24037499999999995
3033,d25_t10_r00_s033,2.29,10,0,60,ising2d_t10_r00_seed25010,25010,up,1360,33,train,-1.27,0.31,0.31,0.254375
3034,d25_t10_r00_s034,2.29,10,0,60,ising2d_t10_r00_seed25010,25010,up,1400,34,train,-1.2,-0.375,0.375,0.24381250000000004
3035,d25_t10_r00_s035,2.29,10,0,60,ising2d_t10_r00_seed25010,25010,up,1440,35,train,-1.4,-0.79,0.79,0.21018749999999997
3036,d25_t10_r00_s036,2.29,10,0,60,ising2d_t10_r00_seed25010,25010,up,1480,36,train,-1.64,-0.88,0.88,0.17987499999999998
3037,d25_t10_r00_s037,2.29,10,0,60,ising2d_t10_r00_seed25010,25010,up,1520,37,train,-1.43,-0.76,0.76,0.16075000000000003
3038,d25_t10_r00_s038,2.29,10,0,60,ising2d_t10_r00_seed25010,25010,up,1560,38,train,-1.51,-0.71,0.71,0.21887500000000001
3039,d25_t10_r00_s039,2.29,10,0,60,ising2d_t10_r00_seed25010,25010,up,1600,39,train,-1.47,-0.29,0.29,0.21500000000000002
3040,d25_t10_r00_s040,2.29,10,0,60,ising2d_t10_r00_seed25010,25010,up,1640,40,train,-1.13,-0.125,0.125,0.2659375
3041,d25_t10_r00_s041,2.29,10,0,60,ising2d_t10_r00_seed25010,25010,up,1680,41,train,-1.3,-0.37,0.37,0.24443749999999995
3042,d25_t10_r00_s042,2.29,10,0,60,ising2d_t10_r00_seed25010,25010,up,1720,42,train,-1.29,-0.615,0.615,0.20643749999999997
3043,d25_t10_r00_s043,2.29,10,0,60,ising2d_t10_r00_seed25010,25010,up,1760,43,train,-1.17,-0.305,0.305,0.263
3044,d25_t10_r00_s044,2.29,10,0,60,ising2d_t10_r00_seed25010,25010,up,1800,44,train,-1.28,0.4,0.4,0.27306249999999993
3045,d25_t10_r00_s045,2.29,10,0,60,ising2d_t10_r00_seed25010,25010,up,1840,45,train,-1.61,0.84,0.84,0.21237500000000004
3046,d25_t10_r00_s046,2.29,10,0,60,ising2d_t10_r00_seed25010,25010,up,1880,46,train,-1.57,0.84,0.84,0.17574999999999996
3047,d25_t10_r00_s047,2.29,10,0,60,ising2d_t10_r00_seed25010,25010,up,1920,47,train,-1.6,0.77,0.77,0.16525000000000006
3048,d25_t10_r00_s048,2.29,10,0,60,ising2d_t10_r00_seed25010,25010,up,1960,48,train,-1.44,0.73,0.73,0.19749999999999995
3049,d25_t10_r00_s049,2.29,10,0,60,ising2d_t10_r00_seed25010,25010,up,2000,49,train,-1.63,0.8,0.8,0.200875
3050,d25_t10_r01_s000,2.29,10,1,61,ising2d_t10_r01_seed25028,25028,down,40,0,train,-1.77,-0.92,0.92,0.16049999999999998
3051,d25_t10_r01_s001,2.29,10,1,61,ising2d_t10_r01_seed25028,25028,down,80,1,train,-1.23,-0.62,0.62,0.18362499999999995
3052,d25_t10_r01_s002,2.29,10,1,61,ising2d_t10_r01_seed25028,25028,down,120,2,train,-1.55,-0.83,0.83,0.21287499999999998
3053,d25_t10_r01_s003,2.29,10,1,61,ising2d_t10_r01_seed25028,25028,down,160,3,train,-1.34,-0.615,0.615,0.17618750000000002
3054,d25_t10_r01_s004,2.29,10,1,61,ising2d_t10_r01_seed25028,25028,down,200,4,train,-1.31,-0.565,0.565,0.18124999999999997
3055,d25_t10_r01_s005,2.29,10,1,61,ising2d_t10_r01_seed25028,25028,down,240,5,train,-1.39,-0.705,0.705,0.20074999999999998
3056,d25_t10_r01_s006,2.29,10,1,61,ising2d_t10_r01_seed25028,25028,down,280,6,train,-1.31,-0.615,0.615,0.20399999999999996
3057,d25_t10_r01_s007,2.29,10,1,61,ising2d_t10_r01_seed25028,25028,down,320,7,train,-1.61,-0.875,0.875,0.20974999999999996
3058,d25_t10_r01_s008,2.29,10,1,61,ising2d_t10_r01_seed25028,25028,down,360,8,train,-1.61,-0.845,0.845,0.17662499999999998
3059,d25_t10_r01_s009,2.29,10,1,61,ising2d_t10_r01_seed25028,25028,down,400,9,train,-1.35,-0.775,0.775,0.17262499999999997
3060,d25_t10_r01_s010,2.29,10,1,61,ising2d_t10_r01_seed25028,25028,down,440,10,train,-1.29,-0.62,0.62,0.18931250000000005
3061,d25_t10_r01_s011,2.29,10,1,61,ising2d_t10_r01_seed25028,25028,down,480,11,train,-1.7,-0.875,0.875,0.1719375
3062,d25_t10_r01_s012,2.29,10,1,61,ising2d_t10_r01_seed25028,25028,down,520,12,train,-1.44,-0.73,0.73,0.16793749999999993
3063,d25_t10_r01_s013,2.29,10,1,61,ising2d_t10_r01_seed25028,25028,down,560,13,train,-1.66,-0.87,0.87,0.15125000000000002
3064,d25_t10_r01_s014,2.29,10,1,61,ising2d_t10_r01_seed25028,25028,down,600,14,train,-1.58,-0.76,0.76,0.19112499999999996
3065,d25_t10_r01_s015,2.29,10,1,61,ising2d_t10_r01_seed25028,25028,down,640,15,train,-1.54,-0.75,0.75,0.224125
3066,d25_t10_r01_s016,2.29,10,1,61,ising2d_t10_r01_seed25028,25028,down,680,16,train,-1.46,-0.73,0.73,0.19349999999999995
3067,d25_t10_r01_s017,2.29,10,1,61,ising2d_t10_r01_seed25028,25028,down,720,17,train,-1.43,-0.705,0.705,0.1644375
3068,d25_t10_r01_s018,2.29,10,1,61,ising2d_t10_r01_seed25028,25028,down,760,18,train,-1.46,-0.735,0.735,0.21400000000000002
3069,d25_t10_r01_s019,2.29,10,1,61,ising2d_t10_r01_seed25028,25028,down,800,19,train,-1.61,-0.84,0.84,0.1821875
3070,d25_t10_r01_s020,2.29,10,1,61,ising2d_t10_r01_seed25028,25028,down,840,20,train,-1.5,-0.82,0.82,0.155625
3071,d25_t10_r01_s021,2.29,10,1,61,ising2d_t10_r01_seed25028,25028,down,880,21,train,-1.22,-0.37,0.37,0.193625
3072,d25_t10_r01_s022,2.29,10,1,61,ising2d_t10_r01_seed25028,25028,down,920,22,train,-1.24,0.43,0.43,0.269125
3073,d25_t10_r01_s023,2.29,10,1,61,ising2d_t10_r01_seed25028,25028,down,960,23,train,-1.49,0.62,0.62,0.23500000000000001
3074,d25_t10_r01_s024,2.29,10,1,61,ising2d_t10_r01_seed25028,25028,down,1000,24,train,-1.46,0.705,0.705,0.19168749999999996
3075,d25_t10_r01_s025,2.29,10,1,61,ising2d_t10_r01_seed25028,25028,down,1040,25,train,-1.73,0.92,0.92,0.17306249999999998
3076,d25_t10_r01_s026,2.29,10,1,61,ising2d_t10_r01_seed25028,25028,down,1080,26,train,-1.46,0.785,0.785,0.1570625
3077,d25_t10_r01_s027,2.29,10,1,61,ising2d_t10_r01_seed25028,25028,down,1120,27,train,-1.47,0.78,0.78,0.18968749999999993
3078,d25_t10_r01_s028,2.29,10,1,61,ising2d_t10_r01_seed25028,25028,down,1160,28,train,-1.57,0.77,0.77,0.18912500000000002
3079,d25_t10_r01_s029,2.29,10,1,61,ising2d_t10_r01_seed25028,25028,down,1200,29,train,-1.24,0.615,0.615,0.1966875
3080,d25_t10_r01_s030,2.29,10,1,61,ising2d_t10_r01_seed25028,25028,down,1240,30,train,-1.26,0.515,0.515,0.2105
3081,d25_t10_r01_s031,2.29,10,1,61,ising2d_t10_r01_seed25028,25028,down,1280,31,train,-1.4,0.55,0.55,0.2704375
3082,d25_t10_r01_s032,2.29,10,1,61,ising2d_t10_r01_seed25028,25028,down,1320,32,train,-1.28,0.205,0.205,0.2620625
3083,d25_t10_r01_s033,2.29,10,1,61,ising2d_t10_r01_seed25028,25028,down,1360,33,train,-1.17,0.205,0.205,0.2885000000000001
3084,d25_t10_r01_s034,2.29,10,1,61,ising2d_t10_r01_seed25028,25028,down,1400,34,train,-1.23,-0.225,0.225,0.25187499999999996
3085,d25_t10_r01_s035,2.29,10,1,61,ising2d_t10_r01_seed25028,25028,down,1440,35,train,-1.56,-0.79,0.79,0.20681249999999998
3086,d25_t10_r01_s036,2.29,10,1,61,ising2d_t10_r01_seed25028,25028,down,1480,36,train,-1.28,-0.425,0.425,0.2058125
3087,d25_t10_r01_s037,2.29,10,1,61,ising2d_t10_r01_seed25028,25028,down,1520,37,train,-1.59,-0.815,0.815,0.22524999999999995
3088,d25_t10_r01_s038,2.29,10,1,61,ising2d_t10_r01_seed25028,25028,down,1560,38,train,-1.54,-0.795,0.795,0.19349999999999998
3089,d25_t10_r01_s039,2.29,10,1,61,ising2d_t10_r01_seed25028,25028,down,1600,39,train,-1.61,-0.86,0.86,0.14168750000000002
3090,d25_t10_r01_s040,2.29,10,1,61,ising2d_t10_r01_seed25028,25028,down,1640,40,train,-1.28,-0.69,0.69,0.17362499999999997
3091,d25_t10_r01_s041,2.29,10,1,61,ising2d_t10_r01_seed25028,25028,down,1680,41,train,-1.59,-0.755,0.755,0.2130625
3092,d25_t10_r01_s042,2.29,10,1,61,ising2d_t10_r01_seed25028,25028,down,1720,42,train,-1.25,-0.545,0.545,0.24074999999999996
3093,d25_t10_r01_s043,2.29,10,1,61,ising2d_t10_r01_seed25028,25028,down,1760,43,train,-1.32,-0.7,0.7,0.2213125000000001
3094,d25_t10_r01_s044,2.29,10,1,61,ising2d_t10_r01_seed25028,25028,down,1800,44,train,-1.26,-0.535,0.535,0.2320625
3095,d25_t10_r01_s045,2.29,10,1,61,ising2d_t10_r01_seed25028,25028,down,1840,45,train,-1.48,-0.725,0.725,0.19150000000000006
3096,d25_t10_r01_s046,2.29,10,1,61,ising2d_t10_r01_seed25028,25028,down,1880,46,train,-1.4,-0.625,0.625,0.19262500000000002
3097,d25_t10_r01_s047,2.29,10,1,61,ising2d_t10_r01_seed25028,25028,down,1920,47,train,-1.27,-0.395,0.395,0.240875
3098,d25_t10_r01_s048,2.29,10,1,61,ising2d_t10_r01_seed25028,25028,down,1960,48,train,-1.37,-0.775,0.775,0.205625
3099,d25_t10_r01_s049,2.29,10,1,61,ising2d_t10_r01_seed25028,25028,down,2000,49,train,-1.51,-0.795,0.795,0.19662499999999997
3100,d25_t10_r02_s000,2.29,10,2,62,ising2d_t10_r02_seed25046,25046,up,40,0,validation,-1.44,0.83,0.83,0.20056250000000003
3101,d25_t10_r02_s001,2.29,10,2,62,ising2d_t10_r02_seed25046,25046,up,80,1,validation,-1.2,0.185,0.185,0.2360624999999999
3102,d25_t10_r02_s002,2.29,10,2,62,ising2d_t10_r02_seed25046,25046,up,120,2,validation,-1.23,0.42,0.42,0.2805625
3103,d25_t10_r02_s003,2.29,10,2,62,ising2d_t10_r02_seed25046,25046,up,160,3,validation,-1.47,0.775,0.775,0.22518749999999993
3104,d25_t10_r02_s004,2.29,10,2,62,ising2d_t10_r02_seed25046,25046,up,200,4,validation,-1.51,0.685,0.685,0.19449999999999998
3105,d25_t10_r02_s005,2.29,10,2,62,ising2d_t10_r02_seed25046,25046,up,240,5,validation,-1.42,0.68,0.68,0.2055625
3106,d25_t10_r02_s006,2.29,10,2,62,ising2d_t10_r02_seed25046,25046,up,280,6,validation,-1.51,0.83,0.83,0.204625
3107,d25_t10_r02_s007,2.29,10,2,62,ising2d_t10_r02_seed25046,25046,up,320,7,validation,-1.41,0.645,0.645,0.1978125
3108,d25_t10_r02_s008,2.29,10,2,62,ising2d_t10_r02_seed25046,25046,up,360,8,validation,-1.44,0.79,0.79,0.17331250000000004
3109,d25_t10_r02_s009,2.29,10,2,62,ising2d_t10_r02_seed25046,25046,up,400,9,validation,-1.55,0.865,0.865,0.16943749999999996
3110,d25_t10_r02_s010,2.29,10,2,62,ising2d_t10_r02_seed25046,25046,up,440,10,validation,-1.6,0.85,0.85,0.15668749999999995
3111,d25_t10_r02_s011,2.29,10,2,62,ising2d_t10_r02_seed25046,25046,up,480,11,validation,-1.41,0.785,0.785,0.19931250000000003
3112,d25_t10_r02_s012,2.29,10,2,62,ising2d_t10_r02_seed25046,25046,up,520,12,validation,-1.42,0.75,0.75,0.19968749999999996
3113,d25_t10_r02_s013,2.29,10,2,62,ising2d_t10_r02_seed25046,25046,up,560,13,validation,-1.47,0.745,0.745,0.17493750000000002
3114,d25_t10_r02_s014,2.29,10,2,62,ising2d_t10_r02_seed25046,25046,up,600,14,validation,-1.51,0.81,0.81,0.17268749999999997
3115,d25_t10_r02_s015,2.29,10,2,62,ising2d_t10_r02_seed25046,25046,up,640,15,validation,-1.54,0.79,0.79,0.15975
3116,d25_t10_r02_s016,2.29,10,2,62,ising2d_t10_r02_seed25046,25046,up,680,16,validation,-1.35,0.635,0.635,0.21231250000000004
3117,d25_t10_r02_s017,2.29,10,2,62,ising2d_t10_r02_seed25046,25046,up,720,17,validation,-1.54,0.765,0.765,0.21350000000000008
3118,d25_t10_r02_s018,2.29,10,2,62,ising2d_t10_r02_seed25046,25046,up,760,18,validation,-1.68,0.88,0.88,0.15568750000000003
3119,d25_t10_r02_s019,2.29,10,2,62,ising2d_t10_r02_seed25046,25046,up,800,19,validation,-1.47,0.775,0.775,0.16643750000000004
3120,d25_t10_r02_s020,2.29,10,2,62,ising2d_t10_r02_seed25046,25046,up,840,20,validation,-1.38,0.72,0.72,0.21493749999999995
3121,d25_t10_r02_s021,2.29,10,2,62,ising2d_t10_r02_seed25046,25046,up,880,21,validation,-1.27,0.555,0.555,0.1694375
3122,d25_t10_r02_s022,2.29,10,2,62,ising2d_t10_r02_seed25046,25046,up,920,22,validation,-1.49,0.61,0.61,0.23293749999999994
3123,d25_t10_r02_s023,2.29,10,2,62,ising2d_t10_r02_seed25046,25046,up,960,23,validation,-1.3,0.37,0.37,0.20987499999999998
3124,d25_t10_r02_s024,2.29,10,2,62,ising2d_t10_r02_seed25046,25046,up,1000,24,validation,-1.27,0.445,0.445,0.23581249999999992
3125,d25_t10_r02_s025,2.29,10,2,62,ising2d_t10_r02_seed25046,25046,up,1040,25,validation,-1.29,0.505,0.505,0.20775000000000002
3126,d25_t10_r02_s026,2.29,10,2,62,ising2d_t10_r02_seed25046,25046,up,1080,26,validation,-1.24,0.54,0.54,0.23218750000000007
3127,d25_t10_r02_s027,2.29,10,2,62,ising2d_t10_r02_seed25046,25046,up,1120,27,validation,-1.59,0.84,0.84,0.18075000000000002
3128,d25_t10_r02_s028,2.29,10,2,62,ising2d_t10_r02_seed25046,25046,up,1160,28,validation,-1.57,0.84,0.84,0.13737500000000002
3129,d25_t10_r02_s029,2.29,10,2,62,ising2d_t10_r02_seed25046,25046,up,1200,29,validation,-1.16,0.235,0.235,0.2388125
3130,d25_t10_r02_s030,2.29,10,2,62,ising2d_t10_r02_seed25046,25046,up,1240,30,validation,-1.29,-0.06,0.06,0.2878125
3131,d25_t10_r02_s031,2.29,10,2,62,ising2d_t10_r02_seed25046,25046,up,1280,31,validation,-1.26,-0.39,0.39,0.25799999999999995
3132,d25_t10_r02_s032,2.29,10,2,62,ising2d_t10_r02_seed25046,25046,up,1320,32,validation,-1.32,-0.345,0.345,0.2626875
3133,d25_t10_r02_s033,2.29,10,2,62,ising2d_t10_r02_seed25046,25046,up,1360,33,validation,-1.17,-0.47,0.47,0.27281250000000007
3134,d25_t10_r02_s034,2.29,10,2,62,ising2d_t10_r02_seed25046,25046,up,1400,34,validation,-1.37,-0.745,0.745,0.20968750000000003
3135,d25_t10_r02_s035,2.29,10,2,62,ising2d_t10_r02_seed25046,25046,up,1440,35,validation,-1.41,-0.575,0.575,0.23600000000000007
3136,d25_t10_r02_s036,2.29,10,2,62,ising2d_t10_r02_seed25046,25046,up,1480,36,validation,-1.2,-0.345,0.345,0.29162500000000013
3137,d25_t10_r02_s037,2.29,10,2,62,ising2d_t10_r02_seed25046,25046,up,1520,37,validation,-1.3,-0.505,0.505,0.27337500000000003
3138,d25_t10_r02_s038,2.29,10,2,62,ising2d_t10_r02_seed25046,25046,up,1560,38,validation,-1.43,-0.735,0.735,0.21000000000000005
3139,d25_t10_r02_s039,2.29,10,2,62,ising2d_t10_r02_seed25046,25046,up,1600,39,validation,-1.53,-0.815,0.815,0.16775
3140,d25_t10_r02_s040,2.29,10,2,62,ising2d_t10_r02_seed25046,25046,up,1640,40,validation,-1.16,-0.525,0.525,0.14587499999999998
3141,d25_t10_r02_s041,2.29,10,2,62,ising2d_t10_r02_seed25046,25046,up,1680,41,validation,-1.48,-0.735,0.735,0.22762499999999997
3142,d25_t10_r02_s042,2.29,10,2,62,ising2d_t10_r02_seed25046,25046,up,1720,42,validation,-1.51,-0.815,0.815,0.1645
3143,d25_t10_r02_s043,2.29,10,2,62,ising2d_t10_r02_seed25046,25046,up,1760,43,validation,-1.07,-0.575,0.575,0.209
3144,d25_t10_r02_s044,2.29,10,2,62,ising2d_t10_r02_seed25046,25046,up,1800,44,validation,-1.34,-0.725,0.725,0.211375
3145,d25_t10_r02_s045,2.29,10,2,62,ising2d_t10_r02_seed25046,25046,up,1840,45,validation,-1.09,0.105,0.105,0.2623749999999999
3146,d25_t10_r02_s046,2.29,10,2,62,ising2d_t10_r02_seed25046,25046,up,1880,46,validation,-1.23,0.245,0.245,0.2577499999999999
3147,d25_t10_r02_s047,2.29,10,2,62,ising2d_t10_r02_seed25046,25046,up,1920,47,validation,-1.28,0.23,0.23,0.2600625000000001
3148,d25_t10_r02_s048,2.29,10,2,62,ising2d_t10_r02_seed25046,25046,up,1960,48,validation,-1.15,0.25,0.25,0.2715000000000001
3149,d25_t10_r02_s049,2.29,10,2,62,ising2d_t10_r02_seed25046,25046,up,2000,49,validation,-1.12,-0.16,0.16,0.305125
3150,d25_t10_r03_s000,2.29,10,3,63,ising2d_t10_r03_seed25064,25064,down,40,0,validation,-1.58,-0.88,0.88,0.18875000000000003
3151,d25_t10_r03_s001,2.29,10,3,63,ising2d_t10_r03_seed25064,25064,down,80,1,validation,-1.35,-0.61,0.61,0.18562499999999998
3152,d25_t10_r03_s002,2.29,10,3,63,ising2d_t10_r03_seed25064,25064,down,120,2,validation,-1.46,-0.795,0.795,0.16793749999999996
3153,d25_t10_r03_s003,2.29,10,3,63,ising2d_t10_r03_seed25064,25064,down,160,3,validation,-1.31,-0.645,0.645,0.17875000000000002
3154,d25_t10_r03_s004,2.29,10,3,63,ising2d_t10_r03_seed25064,25064,down,200,4,validation,-1.69,-0.905,0.905,0.175375
3155,d25_t10_r03_s005,2.29,10,3,63,ising2d_t10_r03_seed25064,25064,down,240,5,validation,-1.39,-0.57,0.57,0.15756250000000002
3156,d25_t10_r03_s006,2.29,10,3,63,ising2d_t10_r03_seed25064,25064,down,280,6,validation,-1.12,-0.31,0.31,0.264375
3157,d25_t10_r03_s007,2.29,10,3,63,ising2d_t10_r03_seed25064,25064,down,320,7,validation,-1.25,-0.26,0.26,0.23999999999999994
3158,d25_t10_r03_s008,2.29,10,3,63,ising2d_t10_r03_seed25064,25064,down,360,8,validation,-1.4,-0.655,0.655,0.22231249999999997
3159,d25_t10_r03_s009,2.29,10,3,63,ising2d_t10_r03_seed25064,25064,down,400,9,validation,-1.28,-0.535,0.535,0.23262500000000003
3160,d25_t10_r03_s010,2.29,10,3,63,ising2d_t10_r03_seed25064,25064,down,440,10,validation,-1.13,-0.305,0.305,0.242625
3161,d25_t10_r03_s011,2.29,10,3,63,ising2d_t10_r03_seed25064,25064,down,480,11,validation,-1.63,-0.73,0.73,0.26731249999999995
3162,d25_t10_r03_s012,2.29,10,3,63,ising2d_t10_r03_seed25064,25064,down,520,12,validation,-1.32,-0.67,0.67,0.18775000000000003
3163,d25_t10_r03_s013,2.29,10,3,63,ising2d_t10_r03_seed25064,25064,down,560,13,validation,-1.66,-0.835,0.835,0.17056249999999998
3164,d25_t10_r03_s014,2.29,10,3,63,ising2d_t10_r03_seed25064,25064,down,600,14,validation,-1.62,-0.835,0.835,0.16524999999999995
3165,d25_t10_r03_s015,2.29,10,3,63,ising2d_t10_r03_seed25064,25064,down,640,15,validation,-1.4,-0.6,0.6,0.14831249999999999
3166,d25_t10_r03_s016,2.29,10,3,63,ising2d_t10_r03_seed25064,25064,down,680,16,validation,-1.47,-0.79,0.79,0.20924999999999994
3167,d25_t10_r03_s017,2.29,10,3,63,ising2d_t10_r03_seed25064,25064,down,720,17,validation,-1.53,-0.81,0.81,0.175125
3168,d25_t10_r03_s018,2.29,10,3,63,ising2d_t10_r03_seed25064,25064,down,760,18,validation,-1.62,-0.865,0.865,0.17518750000000002
3169,d25_t10_r03_s019,2.29,10,3,63,ising2d_t10_r03_seed25064,25064,down,800,19,validation,-1.44,-0.725,0.725,0.187
3170,d25_t10_r03_s020,2.29,10,3,63,ising2d_t10_r03_seed25064,25064,down,840,20,validation,-1.46,-0.77,0.77,0.18193750000000003
3171,d25_t10_r03_s021,2.29,10,3,63,ising2d_t10_r03_seed25064,25064,down,880,21,validation,-1.44,-0.655,0.655,0.21331250000000002
3172,d25_t10_r03_s022,2.29,10,3,63,ising2d_t10_r03_seed25064,25064,down,920,22,validation,-1.6,-0.85,0.85,0.2026875
3173,d25_t10_r03_s023,2.29,10,3,63,ising2d_t10_r03_seed25064,25064,down,960,23,validation,-1.56,-0.865,0.865,0.1343125
3174,d25_t10_r03_s024,2.29,10,3,63,ising2d_t10_r03_seed25064,25064,down,1000,24,validation,-1.34,-0.715,0.715,0.170375
3175,d25_t10_r03_s025,2.29,10,3,63,ising2d_t10_r03_seed25064,25064,down,1040,25,validation,-1.41,-0.745,0.745,0.21349999999999997
3176,d25_t10_r03_s026,2.29,10,3,63,ising2d_t10_r03_seed25064,25064,down,1080,26,validation,-1.42,-0.64,0.64,0.19143749999999998
3177,d25_t10_r03_s027,2.29,10,3,63,ising2d_t10_r03_seed25064,25064,down,1120,27,validation,-1.19,-0.495,0.495,0.26681250000000006
3178,d25_t10_r03_s028,2.29,10,3,63,ising2d_t10_r03_seed25064,25064,down,1160,28,validation,-1.35,-0.655,0.655,0.22349999999999995
3179,d25_t10_r03_s029,2.29,10,3,63,ising2d_t10_r03_seed25064,25064,down,1200,29,validation,-1.51,-0.805,0.805,0.18925
3180,d25_t10_r03_s030,2.29,10,3,63,ising2d_t10_r03_seed25064,25064,down,1240,30,validation,-1.37,-0.72,0.72,0.1666875
3181,d25_t10_r03_s031,2.29,10,3,63,ising2d_t10_r03_seed25064,25064,down,1280,31,validation,-1.54,-0.83,0.83,0.152
3182,d25_t10_r03_s032,2.29,10,3,63,ising2d_t10_r03_seed25064,25064,down,1320,32,validation,-1.75,-0.91,0.91,0.14024999999999999
3183,d25_t10_r03_s033,2.29,10,3,63,ising2d_t10_r03_seed25064,25064,down,1360,33,validation,-1.46,-0.74,0.74,0.16700000000000004
3184,d25_t10_r03_s034,2.29,10,3,63,ising2d_t10_r03_seed25064,25064,down,1400,34,validation,-1.53,-0.805,0.805,0.1626875
3185,d25_t10_r03_s035,2.29,10,3,63,ising2d_t10_r03_seed25064,25064,down,1440,35,validation,-1.55,-0.805,0.805,0.1975
3186,d25_t10_r03_s036,2.29,10,3,63,ising2d_t10_r03_seed25064,25064,down,1480,36,validation,-1.63,-0.88,0.88,0.21618749999999998
3187,d25_t10_r03_s037,2.29,10,3,63,ising2d_t10_r03_seed25064,25064,down,1520,37,validation,-1.24,-0.28,0.28,0.23149999999999998
3188,d25_t10_r03_s038,2.29,10,3,63,ising2d_t10_r03_seed25064,25064,down,1560,38,validation,-1.21,-0.13,0.13,0.26399999999999996
3189,d25_t10_r03_s039,2.29,10,3,63,ising2d_t10_r03_seed25064,25064,down,1600,39,validation,-1.38,-0.125,0.125,0.2516875000000001
3190,d25_t10_r03_s040,2.29,10,3,63,ising2d_t10_r03_seed25064,25064,down,1640,40,validation,-1.28,0.385,0.385,0.26949999999999996
3191,d25_t10_r03_s041,2.29,10,3,63,ising2d_t10_r03_seed25064,25064,down,1680,41,validation,-1.49,0.77,0.77,0.23293750000000002
3192,d25_t10_r03_s042,2.29,10,3,63,ising2d_t10_r03_seed25064,25064,down,1720,42,validation,-1.47,0.81,0.81,0.21250000000000005
3193,d25_t10_r03_s043,2.29,10,3,63,ising2d_t10_r03_seed25064,25064,down,1760,43,validation,-1.33,0.58,0.58,0.16612500000000002
3194,d25_t10_r03_s044,2.29,10,3,63,ising2d_t10_r03_seed25064,25064,down,1800,44,validation,-1.47,0.81,0.81,0.19024999999999997
3195,d25_t10_r03_s045,2.29,10,3,63,ising2d_t10_r03_seed25064,25064,down,1840,45,validation,-1.21,0.415,0.415,0.19256250000000003
3196,d25_t10_r03_s046,2.29,10,3,63,ising2d_t10_r03_seed25064,25064,down,1880,46,validation,-1.25,0.43,0.43,0.2339375
3197,d25_t10_r03_s047,2.29,10,3,63,ising2d_t10_r03_seed25064,25064,down,1920,47,validation,-1.47,0.805,0.805,0.2130625
3198,d25_t10_r03_s048,2.29,10,3,63,ising2d_t10_r03_seed25064,25064,down,1960,48,validation,-1.33,0.645,0.645,0.188625
3199,d25_t10_r03_s049,2.29,10,3,63,ising2d_t10_r03_seed25064,25064,down,2000,49,validation,-1.57,0.675,0.675,0.22312499999999996
3200,d25_t10_r04_s000,2.29,10,4,64,ising2d_t10_r04_seed25082,25082,up,40,0,test,-1.52,-0.83,0.83,0.12168749999999999
3201,d25_t10_r04_s001,2.29,10,4,64,ising2d_t10_r04_seed25082,25082,up,80,1,test,-1.37,-0.73,0.73,0.1975
3202,d25_t10_r04_s002,2.29,10,4,64,ising2d_t10_r04_seed25082,25082,up,120,2,test,-1.5,-0.82,0.82,0.17300000000000001
3203,d25_t10_r04_s003,2.29,10,4,64,ising2d_t10_r04_seed25082,25082,up,160,3,test,-1.1,-0.475,0.475,0.21306250000000002
3204,d25_t10_r04_s004,2.29,10,4,64,ising2d_t10_r04_seed25082,25082,up,200,4,test,-1.62,-0.85,0.85,0.20256249999999998
3205,d25_t10_r04_s005,2.29,10,4,64,ising2d_t10_r04_seed25082,25082,up,240,5,test,-1.49,-0.705,0.705,0.1806875
3206,d25_t10_r04_s006,2.29,10,4,64,ising2d_t10_r04_seed25082,25082,up,280,6,test,-1.36,-0.615,0.615,0.23074999999999993
3207,d25_t10_r04_s007,2.29,10,4,64,ising2d_t10_r04_seed25082,25082,up,320,7,test,-1.72,-0.895,0.895,0.18824999999999995
3208,d25_t10_r04_s008,2.29,10,4,64,ising2d_t10_r04_seed25082,25082,up,360,8,test,-1.51,-0.76,0.76,0.15431250000000002
3209,d25_t10_r04_s009,2.29,10,4,64,ising2d_t10_r04_seed25082,25082,up,400,9,test,-1.3,-0.73,0.73,0.203125
3210,d25_t10_r04_s010,2.29,10,4,64,ising2d_t10_r04_seed25082,25082,up,440,10,test,-1.61,-0.855,0.855,0.17168750000000002
3211,d25_t10_r04_s011,2.29,10,4,64,ising2d_t10_r04_seed25082,25082,up,480,11,test,-1.23,-0.66,0.66,0.1813125
3212,d25_t10_r04_s012,2.29,10,4,64,ising2d_t10_r04_seed25082,25082,up,520,12,test,-1.4,-0.74,0.74,0.217625
3213,d25_t10_r04_s013,2.29,10,4,64,ising2d_t10_r04_seed25082,25082,up,560,13,test,-1.25,-0.66,0.66,0.2045
3214,d25_t10_r04_s014,2.29,10,4,64,ising2d_t10_r04_seed25082,25082,up,600,14,test,-1.28,-0.68,0.68,0.18300000000000002
3215,d25_t10_r04_s015,2.29,10,4,64,ising2d_t10_r04_seed25082,25082,up,640,15,test,-1.52,-0.745,0.745,0.1760625
3216,d25_t10_r04_s016,2.29,10,4,64,ising2d_t10_r04_seed25082,25082,up,680,16,test,-1.58,-0.855,0.855,0.1655
3217,d25_t10_r04_s017,2.29,10,4,64,ising2d_t10_r04_seed25082,25082,up,720,17,test,-1.48,-0.765,0.765,0.18825000000000006
3218,d25_t10_r04_s018,2.29,10,4,64,ising2d_t10_r04_seed25082,25082,up,760,18,test,-1.34,-0.485,0.485,0.236
3219,d25_t10_r04_s019,2.29,10,4,64,ising2d_t10_r04_seed25082,25082,up,800,19,test,-1.27,-0.615,0.615,0.2540000000000001
3220,d25_t10_r04_s020,2.29,10,4,64,ising2d_t10_r04_seed25082,25082,up,840,20,test,-1.38,-0.725,0.725,0.19449999999999995
3221,d25_t10_r04_s021,2.29,10,4,64,ising2d_t10_r04_seed25082,25082,up,880,21,test,-1.48,-0.74,0.74,0.19131250000000005
3222,d25_t10_r04_s022,2.29,10,4,64,ising2d_t10_r04_seed25082,25082,up,920,22,test,-1.37,-0.505,0.505,0.18581250000000005
3223,d25_t10_r04_s023,2.29,10,4,64,ising2d_t10_r04_seed25082,25082,up,960,23,test,-1.23,-0.335,0.335,0.22337500000000002
3224,d25_t10_r04_s024,2.29,10,4,64,ising2d_t10_r04_seed25082,25082,up,1000,24,test,-1.42,-0.77,0.77,0.2276875
3225,d25_t10_r04_s025,2.29,10,4,64,ising2d_t10_r04_seed25082,25082,up,1040,25,test,-1.69,-0.905,0.905,0.17893750000000003
3226,d25_t10_r04_s026,2.29,10,4,64,ising2d_t10_r04_seed25082,25082,up,1080,26,test,-1.5,-0.785,0.785,0.18962500000000004
3227,d25_t10_r04_s027,2.29,10,4,64,ising2d_t10_r04_seed25082,25082,up,1120,27,test,-1.68,-0.89,0.89,0.18118750000000003
3228,d25_t10_r04_s028,2.29,10,4,64,ising2d_t10_r04_seed25082,25082,up,1160,28,test,-1.32,-0.74,0.74,0.18887500000000007
3229,d25_t10_r04_s029,2.29,10,4,64,ising2d_t10_r04_seed25082,25082,up,1200,29,test,-1.76,-0.915,0.915,0.17193750000000002
3230,d25_t10_r04_s030,2.29,10,4,64,ising2d_t10_r04_seed25082,25082,up,1240,30,test,-1.58,-0.85,0.85,0.1780625
3231,d25_t10_r04_s031,2.29,10,4,64,ising2d_t10_r04_seed25082,25082,up,1280,31,test,-1.35,-0.655,0.655,0.1839375
3232,d25_t10_r04_s032,2.29,10,4,64,ising2d_t10_r04_seed25082,25082,up,1320,32,test,-1.48,-0.705,0.705,0.18887499999999996
3233,d25_t10_r04_s033,2.29,10,4,64,ising2d_t10_r04_seed25082,25082,up,1360,33,test,-1.45,-0.815,0.815,0.19887500000000005
3234,d25_t10_r04_s034,2.29,10,4,64,ising2d_t10_r04_seed25082,25082,up,1400,34,test,-1.48,-0.805,0.805,0.16624999999999995
3235,d25_t10_r04_s035,2.29,10,4,64,ising2d_t10_r04_seed25082,25082,up,1440,35,test,-1.39,-0.745,0.745,0.19237499999999996
3236,d25_t10_r04_s036,2.29,10,4,64,ising2d_t10_r04_seed25082,25082,up,1480,36,test,-1.46,-0.72,0.72,0.1935625
3237,d25_t10_r04_s037,2.29,10,4,64,ising2d_t10_r04_seed25082,25082,up,1520,37,test,-1.35,-0.665,0.665,0.19731250000000003
3238,d25_t10_r04_s038,2.29,10,4,64,ising2d_t10_r04_seed25082,25082,up,1560,38,test,-1.33,-0.72,0.72,0.16531249999999997
3239,d25_t10_r04_s039,2.29,10,4,64,ising2d_t10_r04_seed25082,25082,up,1600,39,test,-1.21,-0.585,0.585,0.23518749999999997
3240,d25_t10_r04_s040,2.29,10,4,64,ising2d_t10_r04_seed25082,25082,up,1640,40,test,-1.51,-0.765,0.765,0.17600000000000002
3241,d25_t10_r04_s041,2.29,10,4,64,ising2d_t10_r04_seed25082,25082,up,1680,41,test,-1.33,-0.665,0.665,0.18649999999999997
3242,d25_t10_r04_s042,2.29,10,4,64,ising2d_t10_r04_seed25082,25082,up,1720,42,test,-1.5,-0.8,0.8,0.1841875
3243,d25_t10_r04_s043,2.29,10,4,64,ising2d_t10_r04_seed25082,25082,up,1760,43,test,-1.71,-0.915,0.915,0.1319375
3244,d25_t10_r04_s044,2.29,10,4,64,ising2d_t10_r04_seed25082,25082,up,1800,44,test,-1.32,-0.615,0.615,0.189
3245,d25_t10_r04_s045,2.29,10,4,64,ising2d_t10_r04_seed25082,25082,up,1840,45,test,-1.21,-0.155,0.155,0.246
3246,d25_t10_r04_s046,2.29,10,4,64,ising2d_t10_r04_seed25082,25082,up,1880,46,test,-1.12,-0.14,0.14,0.2936875
3247,d25_t10_r04_s047,2.29,10,4,64,ising2d_t10_r04_seed25082,25082,up,1920,47,test,-1.32,-0.465,0.465,0.23468749999999988
3248,d25_t10_r04_s048,2.29,10,4,64,ising2d_t10_r04_seed25082,25082,up,1960,48,test,-1.38,-0.4,0.4,0.2655624999999999
3249,d25_t10_r04_s049,2.29,10,4,64,ising2d_t10_r04_seed25082,25082,up,2000,49,test,-1.18,0.045,0.045,0.26818749999999997
3250,d25_t10_r05_s000,2.29,10,5,65,ising2d_t10_r05_seed25100,25100,down,40,0,test,-1.36,-0.595,0.595,0.22306250000000002
3251,d25_t10_r05_s001,2.29,10,5,65,ising2d_t10_r05_seed25100,25100,down,80,1,test,-1.44,-0.68,0.68,0.22131249999999997
3252,d25_t10_r05_s002,2.29,10,5,65,ising2d_t10_r05_seed25100,25100,down,120,2,test,-1.22,-0.62,0.62,0.216625
3253,d25_t10_r05_s003,2.29,10,5,65,ising2d_t10_r05_seed25100,25100,down,160,3,test,-1.32,-0.585,0.585,0.24918749999999995
3254,d25_t10_r05_s004,2.29,10,5,65,ising2d_t10_r05_seed25100,25100,down,200,4,test,-1.17,-0.525,0.525,0.22212500000000004
3255,d25_t10_r05_s005,2.29,10,5,65,ising2d_t10_r05_seed25100,25100,down,240,5,test,-1.38,-0.765,0.765,0.22449999999999992
3256,d25_t10_r05_s006,2.29,10,5,65,ising2d_t10_r05_seed25100,25100,down,280,6,test,-1.33,-0.7,0.7,0.20231249999999998
3257,d25_t10_r05_s007,2.29,10,5,65,ising2d_t10_r05_seed25100,25100,down,320,7,test,-1.75,-0.905,0.905,0.16443749999999996
3258,d25_t10_r05_s008,2.29,10,5,65,ising2d_t10_r05_seed25100,25100,down,360,8,test,-1.68,-0.895,0.895,0.14350000000000002
3259,d25_t10_r05_s009,2.29,10,5,65,ising2d_t10_r05_seed25100,25100,down,400,9,test,-1.59,-0.835,0.835,0.17187500000000006
3260,d25_t10_r05_s010,2.29,10,5,65,ising2d_t10_r05_seed25100,25100,down,440,10,test,-1.62,-0.865,0.865,0.14587499999999995
3261,d25_t10_r05_s011,2.29,10,5,65,ising2d_t10_r05_seed25100,25100,down,480,11,test,-1.45,-0.79,0.79,0.1495625
3262,d25_t10_r05_s012,2.29,10,5,65,ising2d_t10_r05_seed25100,25100,down,520,12,test,-1.44,-0.755,0.755,0.17081250000000006
3263,d25_t10_r05_s013,2.29,10,5,65,ising2d_t10_r05_seed25100,25100,down,560,13,test,-1.46,-0.74,0.74,0.1525625
3264,d25_t10_r05_s014,2.29,10,5,65,ising2d_t10_r05_seed25100,25100,down,600,14,test,-1.28,-0.685,0.685,0.21343749999999995
3265,d25_t10_r05_s015,2.29,10,5,65,ising2d_t10_r05_seed25100,25100,down,640,15,test,-1.35,-0.685,0.685,0.196
3266,d25_t10_r05_s016,2.29,10,5,65,ising2d_t10_r05_seed25100,25100,down,680,16,test,-1.41,-0.735,0.735,0.22024999999999997
3267,d25_t10_r05_s017,2.29,10,5,65,ising2d_t10_r05_seed25100,25100,down,720,17,test,-1.53,-0.835,0.835,0.17087500000000005
3268,d25_t10_r05_s018,2.29,10,5,65,ising2d_t10_r05_seed25100,25100,down,760,18,test,-1.19,-0.565,0.565,0.217375
3269,d25_t10_r05_s019,2.29,10,5,65,ising2d_t10_r05_seed25100,25100,down,800,19,test,-1.33,-0.6,0.6,0.21368750000000003
3270,d25_t10_r05_s020,2.29,10,5,65,ising2d_t10_r05_seed25100,25100,down,840,20,test,-1.18,-0.37,0.37,0.240625
3271,d25_t10_r05_s021,2.29,10,5,65,ising2d_t10_r05_seed25100,25100,down,880,21,test,-1.43,-0.69,0.69,0.21837500000000004
3272,d25_t10_r05_s022,2.29,10,5,65,ising2d_t10_r05_seed25100,25100,down,920,22,test,-1.48,-0.835,0.835,0.18018750000000003
3273,d25_t10_r05_s023,2.29,10,5,65,ising2d_t10_r05_seed25100,25100,down,960,23,test,-1.35,-0.74,0.74,0.1584375
3274,d25_t10_r05_s024,2.29,10,5,65,ising2d_t10_r05_seed25100,25100,down,1000,24,test,-1.62,-0.83,0.83,0.16649999999999998
3275,d25_t10_r05_s025,2.29,10,5,65,ising2d_t10_r05_seed25100,25100,down,1040,25,test,-1.43,-0.755,0.755,0.1898125
3276,d25_t10_r05_s026,2.29,10,5,65,ising2d_t10_r05_seed25100,25100,down,1080,26,test,-1.4,-0.7,0.7,0.1679375
3277,d25_t10_r05_s027,2.29,10,5,65,ising2d_t10_r05_seed25100,25100,down,1120,27,test,-1.38,-0.515,0.515,0.21356249999999996
3278,d25_t10_r05_s028,2.29,10,5,65,ising2d_t10_r05_seed25100,25100,down,1160,28,test,-1.46,-0.73,0.73,0.2074375
3279,d25_t10_r05_s029,2.29,10,5,65,ising2d_t10_r05_seed25100,25100,down,1200,29,test,-1.46,-0.78,0.78,0.16987499999999997
3280,d25_t10_r05_s030,2.29,10,5,65,ising2d_t10_r05_seed25100,25100,down,1240,30,test,-1.56,-0.845,0.845,0.16106250000000003
3281,d25_t10_r05_s031,2.29,10,5,65,ising2d_t10_r05_seed25100,25100,down,1280,31,test,-1.52,-0.815,0.815,0.15050000000000002
3282,d25_t10_r05_s032,2.29,10,5,65,ising2d_t10_r05_seed25100,25100,down,1320,32,test,-1.47,-0.83,0.83,0.1798125
3283,d25_t10_r05_s033,2.29,10,5,65,ising2d_t10_r05_seed25100,25100,down,1360,33,test,-1.44,-0.655,0.655,0.2004375
3284,d25_t10_r05_s034,2.29,10,5,65,ising2d_t10_r05_seed25100,25100,down,1400,34,test,-1.43,-0.785,0.785,0.18912500000000002
3285,d25_t10_r05_s035,2.29,10,5,65,ising2d_t10_r05_seed25100,25100,down,1440,35,test,-1.52,-0.835,0.835,0.163625
3286,d25_t10_r05_s036,2.29,10,5,65,ising2d_t10_r05_seed25100,25100,down,1480,36,test,-1.43,-0.665,0.665,0.177375
3287,d25_t10_r05_s037,2.29,10,5,65,ising2d_t10_r05_seed25100,25100,down,1520,37,test,-1.22,-0.325,0.325,0.2485
3288,d25_t10_r05_s038,2.29,10,5,65,ising2d_t10_r05_seed25100,25100,down,1560,38,test,-1.27,-0.485,0.485,0.252375
3289,d25_t10_r05_s039,2.29,10,5,65,ising2d_t10_r05_seed25100,25100,down,1600,39,test,-1.59,-0.835,0.835,0.22812500000000005
3290,d25_t10_r05_s040,2.29,10,5,65,ising2d_t10_r05_seed25100,25100,down,1640,40,test,-1.32,-0.615,0.615,0.19987500000000005
3291,d25_t10_r05_s041,2.29,10,5,65,ising2d_t10_r05_seed25100,25100,down,1680,41,test,-1.03,-0.195,0.195,0.28474999999999995
3292,d25_t10_r05_s042,2.29,10,5,65,ising2d_t10_r05_seed25100,25100,down,1720,42,test,-1.23,-0.56,0.56,0.24743750000000006
3293,d25_t10_r05_s043,2.29,10,5,65,ising2d_t10_r05_seed25100,25100,down,1760,43,test,-1.01,-0.345,0.345,0.2695625000000001
3294,d25_t10_r05_s044,2.29,10,5,65,ising2d_t10_r05_seed25100,25100,down,1800,44,test,-1.29,-0.57,0.57,0.24631249999999993
3295,d25_t10_r05_s045,2.29,10,5,65,ising2d_t10_r05_seed25100,25100,down,1840,45,test,-1.19,-0.14,0.14,0.22974999999999995
3296,d25_t10_r05_s046,2.29,10,5,65,ising2d_t10_r05_seed25100,25100,down,1880,46,test,-1.21,0.055,0.055,0.27131249999999996
3297,d25_t10_r05_s047,2.29,10,5,65,ising2d_t10_r05_seed25100,25100,down,1920,47,test,-1.2,0.06,0.06,0.2518125
3298,d25_t10_r05_s048,2.29,10,5,65,ising2d_t10_r05_seed25100,25100,down,1960,48,test,-1.16,0.125,0.125,0.28818749999999993
3299,d25_t10_r05_s049,2.29,10,5,65,ising2d_t10_r05_seed25100,25100,down,2000,49,test,-1.13,0.44,0.44,0.28468750000000004
3300,d25_t11_r00_s000,2.32,11,0,66,ising2d_t11_r00_seed25011,25011,up,40,0,train,-1.37,0.74,0.74,0.1953749999999999
3301,d25_t11_r00_s001,2.32,11,0,66,ising2d_t11_r00_seed25011,25011,up,80,1,train,-1.24,0.465,0.465,0.21193750000000003
3302,d25_t11_r00_s002,2.32,11,0,66,ising2d_t11_r00_seed25011,25011,up,120,2,train,-1.32,0.47,0.47,0.2169375
3303,d25_t11_r00_s003,2.32,11,0,66,ising2d_t11_r00_seed25011,25011,up,160,3,train,-1.41,0.72,0.72,0.24300000000000002
3304,d25_t11_r00_s004,2.32,11,0,66,ising2d_t11_r00_seed25011,25011,up,200,4,train,-1.47,0.715,0.715,0.2030625
3305,d25_t11_r00_s005,2.32,11,0,66,ising2d_t11_r00_seed25011,25011,up,240,5,train,-1.25,0.63,0.63,0.2018125
3306,d25_t11_r00_s006,2.32,11,0,66,ising2d_t11_r00_seed25011,25011,up,280,6,train,-1.3,0.66,0.66,0.18612499999999998
3307,d25_t11_r00_s007,2.32,11,0,66,ising2d_t11_r00_seed25011,25011,up,320,7,train,-1.15,0.42,0.42,0.22787499999999997
3308,d25_t11_r00_s008,2.32,11,0,66,ising2d_t11_r00_seed25011,25011,up,360,8,train,-1.25,0.125,0.125,0.28106250000000005
3309,d25_t11_r00_s009,2.32,11,0,66,ising2d_t11_r00_seed25011,25011,up,400,9,train,-1.04,-0.21,0.21,0.29818749999999994
3310,d25_t11_r00_s010,2.32,11,0,66,ising2d_t11_r00_seed25011,25011,up,440,10,train,-1.37,0.025,0.025,0.2775625
3311,d25_t11_r00_s011,2.32,11,0,66,ising2d_t11_r00_seed25011,25011,up,480,11,train,-1.47,-0.755,0.755,0.25462499999999993
3312,d25_t11_r00_s012,2.32,11,0,66,ising2d_t11_r00_seed25011,25011,up,520,12,train,-1.57,-0.795,0.795,0.17750000000000005
3313,d25_t11_r00_s013,2.32,11,0,66,ising2d_t11_r00_seed25011,25011,up,560,13,train,-1.49,-0.74,0.74,0.20618750000000002
3314,d25_t11_r00_s014,2.32,11,0,66,ising2d_t11_r00_seed25011,25011,up,600,14,train,-1.1,-0.485,0.485,0.21418750000000003
3315,d25_t11_r00_s015,2.32,11,0,66,ising2d_t11_r00_seed25011,25011,up,640,15,train,-1.43,-0.75,0.75,0.23006249999999998
3316,d25_t11_r00_s016,2.32,11,0,66,ising2d_t11_r00_seed25011,25011,up,680,16,train,-1.36,-0.56,0.56,0.210625
3317,d25_t11_r00_s017,2.32,11,0,66,ising2d_t11_r00_seed25011,25011,up,720,17,train,-1.63,-0.81,0.81,0.19799999999999998
3318,d25_t11_r00_s018,2.32,11,0,66,ising2d_t11_r00_seed25011,25011,up,760,18,train,-1.53,-0.84,0.84,0.16975
3319,d25_t11_r00_s019,2.32,11,0,66,ising2d_t11_r00_seed25011,25011,up,800,19,train,-1.41,-0.74,0.74,0.17862500000000003
3320,d25_t11_r00_s020,2.32,11,0,66,ising2d_t11_r00_seed25011,25011,up,840,20,train,-1.35,-0.74,0.74,0.23124999999999996
3321,d25_t11_r00_s021,2.32,11,0,66,ising2d_t11_r00_seed25011,25011,up,880,21,train,-1.35,-0.74,0.74,0.19012500000000004
3322,d25_t11_r00_s022,2.32,11,0,66,ising2d_t11_r00_seed25011,25011,up,920,22,train,-1.52,-0.755,0.755,0.22793750000000004
3323,d25_t11_r00_s023,2.32,11,0,66,ising2d_t11_r00_seed25011,25011,up,960,23,train,-1.47,-0.815,0.815,0.163125
3324,d25_t11_r00_s024,2.32,11,0,66,ising2d_t11_r00_seed25011,25011,up,1000,24,train,-1.37,-0.615,0.615,0.20387499999999995
3325,d25_t11_r00_s025,2.32,11,0,66,ising2d_t11_r00_seed25011,25011,up,1040,25,train,-1.3,-0.68,0.68,0.20543749999999994
3326,d25_t11_r00_s026,2.32,11,0,66,ising2d_t11_r00_seed25011,25011,up,1080,26,train,-1.46,-0.7,0.7,0.25512500000000005
3327,d25_t11_r00_s027,2.32,11,0,66,ising2d_t11_r00_seed25011,25011,up,1120,27,train,-1.27,-0.51,0.51,0.24449999999999994
3328,d25_t11_r00_s028,2.32,11,0,66,ising2d_t11_r00_seed25011,25011,up,1160,28,train,-1.2,-0.02,0.02,0.274
3329,d25_t11_r00_s029,2.32,11,0,66,ising2d_t11_r00_seed25011,25011,up,1200,29,train,-1.2,-0.205,0.205,0.2951875
3330,d25_t11_r00_s030,2.32,11,0,66,ising2d_t11_r00_seed25011,25011,up,1240,30,train,-1.1,-0.345,0.345,0.28637499999999994
3331,d25_t11_r00_s031,2.32,11,0,66,ising2d_t11_r00_seed25011,25011,up,1280,31,train,-1.29,0.18,0.18,0.2806874999999999
3332,d25_t11_r00_s032,2.32,11,0,66,ising2d_t11_r00_seed25011,25011,up,1320,32,train,-1.3,0.51,0.51,0.27412500000000006
3333,d25_t11_r00_s033,2.32,11,0,66,ising2d_t11_r00_seed25011,25011,up,1360,33,train,-1.17,0.555,0.555,0.23543749999999997
3334,d25_t11_r00_s034,2.32,11,0,66,ising2d_t11_r00_seed25011,25011,up,1400,34,train,-1.58,0.875,0.875,0.20612499999999997
3335,d25_t11_r00_s035,2.32,11,0,66,ising2d_t11_r00_seed25011,25011,up,1440,35,train,-1.49,0.725,0.725,0.186125
3336,d25_t11_r00_s036,2.32,11,0,66,ising2d_t11_r00_seed25011,25011,up,1480,36,train,-1.6,0.86,0.86,0.18968749999999998
3337,d25_t11_r00_s037,2.32,11,0,66,ising2d_t11_r00_seed25011,25011,up,1520,37,train,-1.41,0.75,0.75,0.18524999999999997
3338,d25_t11_r00_s038,2.32,11,0,66,ising2d_t11_r00_seed25011,25011,up,1560,38,train,-1.27,0.51,0.51,0.22112499999999993
3339,d25_t11_r00_s039,2.32,11,0,66,ising2d_t11_r00_seed25011,25011,up,1600,39,train,-1.18,0.15,0.15,0.261375
3340,d25_t11_r00_s040,2.32,11,0,66,ising2d_t11_r00_seed25011,25011,up,1640,40,train,-1.29,0.645,0.645,0.2400625
3341,d25_t11_r00_s041,2.32,11,0,66,ising2d_t11_r00_seed25011,25011,up,1680,41,train,-1.54,0.81,0.81,0.19018750000000004
3342,d25_t11_r00_s042,2.32,11,0,66,ising2d_t11_r00_seed25011,25011,up,1720,42,train,-1.26,0.62,0.62,0.19537499999999997
3343,d25_t11_r00_s043,2.32,11,0,66,ising2d_t11_r00_seed25011,25011,up,1760,43,train,-1.26,0.36,0.36,0.253
3344,d25_t11_r00_s044,2.32,11,0,66,ising2d_t11_r00_seed25011,25011,up,1800,44,train,-1.27,0.165,0.165,0.30118750000000005
3345,d25_t11_r00_s045,2.32,11,0,66,ising2d_t11_r00_seed25011,25011,up,1840,45,train,-1.14,0.38,0.38,0.2591875
3346,d25_t11_r00_s046,2.32,11,0,66,ising2d_t11_r00_seed25011,25011,up,1880,46,train,-1.31,0.615,0.615,0.2416875
3347,d25_t11_r00_s047,2.32,11,0,66,ising2d_t11_r00_seed25011,25011,up,1920,47,train,-1.34,0.765,0.765,0.195125
3348,d25_t11_r00_s048,2.32,11,0,66,ising2d_t11_r00_seed25011,25011,up,1960,48,train,-1.5,0.785,0.785,0.21087499999999998
3349,d25_t11_r00_s049,2.32,11,0,66,ising2d_t11_r00_seed25011,25011,up,2000,49,train,-1.44,0.77,0.77,0.2151875
3350,d25_t11_r01_s000,2.32,11,1,67,ising2d_t11_r01_seed25029,25029,down,40,0,train,-1.5,-0.715,0.715,0.1894375
3351,d25_t11_r01_s001,2.32,11,1,67,ising2d_t11_r01_seed25029,25029,down,80,1,train,-1.23,-0.5,0.5,0.1878125
3352,d25_t11_r01_s002,2.32,11,1,67,ising2d_t11_r01_seed25029,25029,down,120,2,train,-1.33,-0.215,0.215,0.2640625
3353,d25_t11_r01_s003,2.32,11,1,67,ising2d_t11_r01_seed25029,25029,down,160,3,train,-1.05,-0.37,0.37,0.2504375
3354,d25_t11_r01_s004,2.32,11,1,67,ising2d_t11_r01_seed25029,25029,down,200,4,train,-1.19,0.12,0.12,0.281125
3355,d25_t11_r01_s005,2.32,11,1,67,ising2d_t11_r01_seed25029,25029,down,240,5,train,-1.19,0.305,0.305,0.2778125000000001
3356,d25_t11_r01_s006,2.32,11,1,67,ising2d_t11_r01_seed25029,25029,down,280,6,train,-1.2,0.075,0.075,0.3002500000000001
3357,d25_t11_r01_s007,2.32,11,1,67,ising2d_t11_r01_seed25029,25029,down,320,7,train,-1.23,0.235,0.235,0.29100000000000004
3358,d25_t11_r01_s008,2.32,11,1,67,ising2d_t11_r01_seed25029,25029,down,360,8,train,-1.31,0.54,0.54,0.2690624999999999
3359,d25_t11_r01_s009,2.32,11,1,67,ising2d_t11_r01_seed25029,25029,down,400,9,train,-1.3,0.445,0.445,0.2584375
3360,d25_t11_r01_s010,2.32,11,1,67,ising2d_t11_r01_seed25029,25029,down,440,10,train,-1.31,0.59,0.59,0.25918750000000007
3361,d25_t11_r01_s011,2.32,11,1,67,ising2d_t11_r01_seed25029,25029,down,480,11,train,-1.62,0.895,0.895,0.1999375
3362,d25_t11_r01_s012,2.32,11,1,67,ising2d_t11_r01_seed25029,25029,down,520,12,train,-1.23,0.41,0.41,0.23268750000000007
3363,d25_t11_r01_s013,2.32,11,1,67,ising2d_t11_r01_seed25029,25029,down,560,13,train,-1.16,0.155,0.155,0.2698125
3364,d25_t11_r01_s014,2.32,11,1,67,ising2d_t11_r01_seed25029,25029,down,600,14,train,-1.48,0.82,0.82,0.2544375
3365,d25_t11_r01_s015,2.32,11,1,67,ising2d_t11_r01_seed25029,25029,down,640,15,train,-1.36,0.735,0.735,0.21431249999999996
3366,d25_t11_r01_s016,2.32,11,1,67,ising2d_t11_r01_seed25029,25029,down,680,16,train,-1.36,0.705,0.705,0.21837499999999999
3367,d25_t11_r01_s017,2.32,11,1,67,ising2d_t11_r01_seed25029,25029,down,720,17,train,-1.52,0.76,0.76,0.19218750000000004
3368,d25_t11_r01_s018,2.32,11,1,67,ising2d_t11_r01_seed25029,25029,down,760,18,train,-1.17,0.435,0.435,0.2054375
3369,d25_t11_r01_s019,2.32,11,1,67,ising2d_t11_r01_seed25029,25029,down,800,19,train,-1.59,0.86,0.86,0.18518750000000003
3370,d25_t11_r01_s020,2.32,11,1,67,ising2d_t11_r01_seed25029,25029,down,840,20,train,-1.38,0.64,0.64,0.18024999999999997
3371,d25_t11_r01_s021,2.32,11,1,67,ising2d_t11_r01_seed25029,25029,down,880,21,train,-1.39,0.74,0.74,0.17512500000000003
3372,d25_t11_r01_s022,2.32,11,1,67,ising2d_t11_r01_seed25029,25029,down,920,22,train,-1.35,0.655,0.655,0.21418749999999998
3373,d25_t11_r01_s023,2.32,11,1,67,ising2d_t11_r01_seed25029,25029,down,960,23,train,-1.32,0.66,0.66,0.20531249999999995
3374,d25_t11_r01_s024,2.32,11,1,67,ising2d_t11_r01_seed25029,25029,down,1000,24,train,-1.21,0.365,0.365,0.27668750000000003
3375,d25_t11_r01_s025,2.32,11,1,67,ising2d_t11_r01_seed25029,25029,down,1040,25,train,-1.27,0.61,0.61,0.25606249999999997
3376,d25_t11_r01_s026,2.32,11,1,67,ising2d_t11_r01_seed25029,25029,down,1080,26,train,-1.19,0.59,0.59,0.20787499999999998
3377,d25_t11_r01_s027,2.32,11,1,67,ising2d_t11_r01_seed25029,25029,down,1120,27,train,-1.06,0.405,0.405,0.20993750000000003
3378,d25_t11_r01_s028,2.32,11,1,67,ising2d_t11_r01_seed25029,25029,down,1160,28,train,-1.47,0.73,0.73,0.20981249999999996
3379,d25_t11_r01_s029,2.32,11,1,67,ising2d_t11_r01_seed25029,25029,down,1200,29,train,-1.21,0.68,0.68,0.20099999999999998
3380,d25_t11_r01_s030,2.32,11,1,67,ising2d_t11_r01_seed25029,25029,down,1240,30,train,-1.46,0.7,0.7,0.20712499999999995
3381,d25_t11_r01_s031,2.32,11,1,67,ising2d_t11_r01_seed25029,25029,down,1280,31,train,-1.24,0.56,0.56,0.215375
3382,d25_t11_r01_s032,2.32,11,1,67,ising2d_t11_r01_seed25029,25029,down,1320,32,train,-1.38,0.755,0.755,0.1829375
3383,d25_t11_r01_s033,2.32,11,1,67,ising2d_t11_r01_seed25029,25029,down,1360,33,train,-1.64,0.87,0.87,0.21706249999999988
3384,d25_t11_r01_s034,2.32,11,1,67,ising2d_t11_r01_seed25029,25029,down,1400,34,train,-1.41,0.725,0.725,0.1688125
3385,d25_t11_r01_s035,2.32,11,1,67,ising2d_t11_r01_seed25029,25029,down,1440,35,train,-1.26,0.595,0.595,0.18125
3386,d25_t11_r01_s036,2.32,11,1,67,ising2d_t11_r01_seed25029,25029,down,1480,36,train,-1.23,0.5,0.5,0.2516875
3387,d25_t11_r01_s037,2.32,11,1,67,ising2d_t11_r01_seed25029,25029,down,1520,37,train,-1.28,0.675,0.675,0.20656249999999998
3388,d25_t11_r01_s038,2.32,11,1,67,ising2d_t11_r01_seed25029,25029,down,1560,38,train,-1.33,0.695,0.695,0.22199999999999992
3389,d25_t11_r01_s039,2.32,11,1,67,ising2d_t11_r01_seed25029,25029,down,1600,39,train,-1.39,0.74,0.74,0.14756249999999999
3390,d25_t11_r01_s040,2.32,11,1,67,ising2d_t11_r01_seed25029,25029,down,1640,40,train,-1.57,0.81,0.81,0.18325
3391,d25_t11_r01_s041,2.32,11,1,67,ising2d_t11_r01_seed25029,25029,down,1680,41,train,-1.26,0.63,0.63,0.22712500000000002
3392,d25_t11_r01_s042,2.32,11,1,67,ising2d_t11_r01_seed25029,25029,down,1720,42,train,-1.55,0.84,0.84,0.20987499999999998
3393,d25_t11_r01_s043,2.32,11,1,67,ising2d_t11_r01_seed25029,25029,down,1760,43,train,-1.49,0.805,0.805,0.1723125
3394,d25_t11_r01_s044,2.32,11,1,67,ising2d_t11_r01_seed25029,25029,down,1800,44,train,-1.35,0.715,0.715,0.19449999999999995
3395,d25_t11_r01_s045,2.32,11,1,67,ising2d_t11_r01_seed25029,25029,down,1840,45,train,-1.14,0.575,0.575,0.233
3396,d25_t11_r01_s046,2.32,11,1,67,ising2d_t11_r01_seed25029,25029,down,1880,46,train,-1.29,0.565,0.565,0.232125
3397,d25_t11_r01_s047,2.32,11,1,67,ising2d_t11_r01_seed25029,25029,down,1920,47,train,-1.5,0.65,0.65,0.20768749999999997
3398,d25_t11_r01_s048,2.32,11,1,67,ising2d_t11_r01_seed25029,25029,down,1960,48,train,-1.36,0.56,0.56,0.26525
3399,d25_t11_r01_s049,2.32,11,1,67,ising2d_t11_r01_seed25029,25029,down,2000,49,train,-1.55,0.855,0.855,0.21381250000000002
3400,d25_t11_r02_s000,2.32,11,2,68,ising2d_t11_r02_seed25047,25047,up,40,0,validation,-1.36,0.76,0.76,0.19843750000000004
3401,d25_t11_r02_s001,2.32,11,2,68,ising2d_t11_r02_seed25047,25047,up,80,1,validation,-1.28,0.64,0.64,0.188
3402,d25_t11_r02_s002,2.32,11,2,68,ising2d_t11_r02_seed25047,25047,up,120,2,validation,-1.38,0.685,0.685,0.2183125
3403,d25_t11_r02_s003,2.32,11,2,68,ising2d_t11_r02_seed25047,25047,up,160,3,validation,-1.46,0.775,0.775,0.21675
3404,d25_t11_r02_s004,2.32,11,2,68,ising2d_t11_r02_seed25047,25047,up,200,4,validation,-1.17,0.39,0.39,0.21193750000000003
3405,d25_t11_r02_s005,2.32,11,2,68,ising2d_t11_r02_seed25047,25047,up,240,5,validation,-1.3,0.41,0.41,0.27012499999999995
3406,d25_t11_r02_s006,2.32,11,2,68,ising2d_t11_r02_seed25047,25047,up,280,6,validation,-1.36,0.755,0.755,0.23968749999999997
3407,d25_t11_r02_s007,2.32,11,2,68,ising2d_t11_r02_seed25047,25047,up,320,7,validation,-1.5,0.795,0.795,0.19050000000000003
3408,d25_t11_r02_s008,2.32,11,2,68,ising2d_t11_r02_seed25047,25047,up,360,8,validation,-1.31,0.17,0.17,0.24568749999999992
3409,d25_t11_r02_s009,2.32,11,2,68,ising2d_t11_r02_seed25047,25047,up,400,9,validation,-1.4,0.645,0.645,0.23881249999999987
3410,d25_t11_r02_s010,2.32,11,2,68,ising2d_t11_r02_seed25047,25047,up,440,10,validation,-1.44,0.805,0.805,0.211
3411,d25_t11_r02_s011,2.32,11,2,68,ising2d_t11_r02_seed25047,25047,up,480,11,validation,-1.36,0.76,0.76,0.19856250000000003
3412,d25_t11_r02_s012,2.32,11,2,68,ising2d_t11_r02_seed25047,25047,up,520,12,validation,-1.15,0.295,0.295,0.2563125
3413,d25_t11_r02_s013,2.32,11,2,68,ising2d_t11_r02_seed25047,25047,up,560,13,validation,-1.61,0.805,0.805,0.25625
3414,d25_t11_r02_s014,2.32,11,2,68,ising2d_t11_r02_seed25047,25047,up,600,14,validation,-1.42,0.61,0.61,0.23531250000000004
3415,d25_t11_r02_s015,2.32,11,2,68,ising2d_t11_r02_seed25047,25047,up,640,15,validation,-1.32,0.645,0.645,0.23068750000000002
3416,d25_t11_r02_s016,2.32,11,2,68,ising2d_t11_r02_seed25047,25047,up,680,16,validation,-1.14,0.34,0.34,0.2148125
3417,d25_t11_r02_s017,2.32,11,2,68,ising2d_t11_r02_seed25047,25047,up,720,17,validation,-1.58,0.81,0.81,0.2632499999999999
3418,d25_t11_r02_s018,2.32,11,2,68,ising2d_t11_r02_seed25047,25047,up,760,18,validation,-1.48,0.815,0.815,0.1683125
3419,d25_t11_r02_s019,2.32,11,2,68,ising2d_t11_r02_seed25047,25047,up,800,19,validation,-1.43,0.75,0.75,0.16618750000000002
3420,d25_t11_r02_s020,2.32,11,2,68,ising2d_t11_r02_seed25047,25047,up,840,20,validation,-1.54,0.795,0.795,0.1755625000000001
3421,d25_t11_r02_s021,2.32,11,2,68,ising2d_t11_r02_seed25047,25047,up,880,21,validation,-1.44,0.605,0.605,0.20887499999999992
3422,d25_t11_r02_s022,2.32,11,2,68,ising2d_t11_r02_seed25047,25047,up,920,22,validation,-1.31,0.665,0.665,0.22950000000000004
3423,d25_t11_r02_s023,2.32,11,2,68,ising2d_t11_r02_seed25047,25047,up,960,23,validation,-1.51,0.805,0.805,0.16125000000000003
3424,d25_t11_r02_s024,2.32,11,2,68,ising2d_t11_r02_seed25047,25047,up,1000,24,validation,-1.35,0.64,0.64,0.19381249999999997
3425,d25_t11_r02_s025,2.32,11,2,68,ising2d_t11_r02_seed25047,25047,up,1040,25,validation,-1.38,0.775,0.775,0.18293750000000003
3426,d25_t11_r02_s026,2.32,11,2,68,ising2d_t11_r02_seed25047,25047,up,1080,26,validation,-1.48,0.81,0.81,0.16731250000000003
3427,d25_t11_r02_s027,2.32,11,2,68,ising2d_t11_r02_seed25047,25047,up,1120,27,validation,-1.47,0.71,0.71,0.1915
3428,d25_t11_r02_s028,2.32,11,2,68,ising2d_t11_r02_seed25047,25047,up,1160,28,validation,-1.5,0.795,0.795,0.22843750000000002
3429,d25_t11_r02_s029,2.32,11,2,68,ising2d_t11_r02_seed25047,25047,up,1200,29,validation,-1.39,0.75,0.75,0.14968750000000003
3430,d25_t11_r02_s030,2.32,11,2,68,ising2d_t11_r02_seed25047,25047,up,1240,30,validation,-1.5,0.8,0.8,0.194
3431,d25_t11_r02_s031,2.32,11,2,68,ising2d_t11_r02_seed25047,25047,up,1280,31,validation,-1.42,0.765,0.765,0.1800625
3432,d25_t11_r02_s032,2.32,11,2,68,ising2d_t11_r02_seed25047,25047,up,1320,32,validation,-1.4,0.675,0.675,0.19174999999999992
3433,d25_t11_r02_s033,2.32,11,2,68,ising2d_t11_r02_seed25047,25047,up,1360,33,validation,-1.37,0.52,0.52,0.2493125
3434,d25_t11_r02_s034,2.32,11,2,68,ising2d_t11_r02_seed25047,25047,up,1400,34,validation,-1.3,0.605,0.605,0.22018749999999998
3435,d25_t11_r02_s035,2.32,11,2,68,ising2d_t11_r02_seed25047,25047,up,1440,35,validation,-1.51,0.82,0.82,0.18956250000000002
3436,d25_t11_r02_s036,2.32,11,2,68,ising2d_t11_r02_seed25047,25047,up,1480,36,validation,-1.42,0.74,0.74,0.20312499999999992
3437,d25_t11_r02_s037,2.32,11,2,68,ising2d_t11_r02_seed25047,25047,up,1520,37,validation,-1.48,0.395,0.395,0.21431249999999996
3438,d25_t11_r02_s038,2.32,11,2,68,ising2d_t11_r02_seed25047,25047,up,1560,38,validation,-1.34,0.0,0.0,0.2611875
3439,d25_t11_r02_s039,2.32,11,2,68,ising2d_t11_r02_seed25047,25047,up,1600,39,validation,-1.19,0.405,0.405,0.2946875
3440,d25_t11_r02_s040,2.32,11,2,68,ising2d_t11_r02_seed25047,25047,up,1640,40,validation,-1.13,0.38,0.38,0.2686875000000001
3441,d25_t11_r02_s041,2.32,11,2,68,ising2d_t11_r02_seed25047,25047,up,1680,41,validation,-1.08,0.285,0.285,0.25543750000000004
3442,d25_t11_r02_s042,2.32,11,2,68,ising2d_t11_r02_seed25047,25047,up,1720,42,validation,-1.07,-0.065,0.065,0.26175
3443,d25_t11_r02_s043,2.32,11,2,68,ising2d_t11_r02_seed25047,25047,up,1760,43,validation,-1.3,0.14,0.14,0.2890624999999999
3444,d25_t11_r02_s044,2.32,11,2,68,ising2d_t11_r02_seed25047,25047,up,1800,44,validation,-1.41,0.745,0.745,0.24656250000000002
3445,d25_t11_r02_s045,2.32,11,2,68,ising2d_t11_r02_seed25047,25047,up,1840,45,validation,-1.76,0.925,0.925,0.17049999999999998
3446,d25_t11_r02_s046,2.32,11,2,68,ising2d_t11_r02_seed25047,25047,up,1880,46,validation,-1.36,0.69,0.69,0.16006250000000005
3447,d25_t11_r02_s047,2.32,11,2,68,ising2d_t11_r02_seed25047,25047,up,1920,47,validation,-1.29,0.615,0.615,0.24093749999999997
3448,d25_t11_r02_s048,2.32,11,2,68,ising2d_t11_r02_seed25047,25047,up,1960,48,validation,-1.3,0.58,0.58,0.21956250000000002
3449,d25_t11_r02_s049,2.32,11,2,68,ising2d_t11_r02_seed25047,25047,up,2000,49,validation,-1.6,0.88,0.88,0.199625
3450,d25_t11_r03_s000,2.32,11,3,69,ising2d_t11_r03_seed25065,25065,down,40,0,validation,-1.19,0.595,0.595,0.183375
3451,d25_t11_r03_s001,2.32,11,3,69,ising2d_t11_r03_seed25065,25065,down,80,1,validation,-1.59,0.81,0.81,0.20081249999999998
3452,d25_t11_r03_s002,2.32,11,3,69,ising2d_t11_r03_seed25065,25065,down,120,2,validation,-1.58,0.855,0.855,0.14443750000000002
3453,d25_t11_r03_s003,2.32,11,3,69,ising2d_t11_r03_seed25065,25065,down,160,3,validation,-1.1,0.225,0.225,0.250625
3454,d25_t11_r03_s004,2.32,11,3,69,ising2d_t11_r03_seed25065,25065,down,200,4,validation,-1.28,0.52,0.52,0.2728125
3455,d25_t11_r03_s005,2.32,11,3,69,ising2d_t11_r03_seed25065,25065,down,240,5,validation,-1.37,0.57,0.57,0.21750000000000003
3456,d25_t11_r03_s006,2.32,11,3,69,ising2d_t11_r03_seed25065,25065,down,280,6,validation,-1.36,0.73,0.73,0.20887499999999998
3457,d25_t11_r03_s007,2.32,11,3,69,ising2d_t11_r03_seed25065,25065,down,320,7,validation,-1.47,0.77,0.77,0.203125
3458,d25_t11_r03_s008,2.32,11,3,69,ising2d_t11_r03_seed25065,25065,down,360,8,validation,-1.35,0.635,0.635,0.1910625
3459,d25_t11_r03_s009,2.32,11,3,69,ising2d_t11_r03_seed25065,25065,down,400,9,validation,-1.24,0.63,0.63,0.17843749999999997
3460,d25_t11_r03_s010,2.32,11,3,69,ising2d_t11_r03_seed25065,25065,down,440,10,validation,-1.55,0.75,0.75,0.17175
3461,d25_t11_r03_s011,2.32,11,3,69,ising2d_t11_r03_seed25065,25065,down,480,11,validation,-1.38,0.645,0.645,0.17506250000000007
3462,d25_t11_r03_s012,2.32,11,3,69,ising2d_t11_r03_seed25065,25065,down,520,12,validation,-1.47,0.745,0.745,0.23424999999999993
3463,d25_t11_r03_s013,2.32,11,3,69,ising2d_t11_r03_seed25065,25065,down,560,13,validation,-1.25,0.43,0.43,0.22218749999999998
3464,d25_t11_r03_s014,2.32,11,3,69,ising2d_t11_r03_seed25065,25065,down,600,14,validation,-1.32,0.44,0.44,0.27337500000000003
3465,d25_t11_r03_s015,2.32,11,3,69,ising2d_t11_r03_seed25065,25065,down,640,15,validation,-1.15,0.28,0.28,0.2763750000000001
3466,d25_t11_r03_s016,2.32,11,3,69,ising2d_t11_r03_seed25065,25065,down,680,16,validation,-1.74,0.92,0.92,0.21612500000000007
3467,d25_t11_r03_s017,2.32,11,3,69,ising2d_t11_r03_seed25065,25065,down,720,17,validation,-1.44,0.74,0.74,0.18212500000000004
3468,d25_t11_r03_s018,2.32,11,3,69,ising2d_t11_r03_seed25065,25065,down,760,18,validation,-1.43,0.735,0.735,0.1941875
3469,d25_t11_r03_s019,2.32,11,3,69,ising2d_t11_r03_seed25065,25065,down,800,19,validation,-1.46,0.55,0.55,0.22168749999999995
3470,d25_t11_r03_s020,2.32,11,3,69,ising2d_t11_r03_seed25065,25065,down,840,20,validation,-1.38,0.765,0.765,0.19056250000000002
3471,d25_t11_r03_s021,2.32,11,3,69,ising2d_t11_r03_seed25065,25065,down,880,21,validation,-1.43,0.75,0.75,0.1901875
3472,d25_t11_r03_s022,2.32,11,3,69,ising2d_t11_r03_seed25065,25065,down,920,22,validation,-1.31,0.74,0.74,0.18250000000000005
3473,d25_t11_r03_s023,2.32,11,3,69,ising2d_t11_r03_seed25065,25065,down,960,23,validation,-1.28,0.635,0.635,0.2098125
3474,d25_t11_r03_s024,2.32,11,3,69,ising2d_t11_r03_seed25065,25065,down,1000,24,validation,-1.36,0.755,0.755,0.198625
3475,d25_t11_r03_s025,2.32,11,3,69,ising2d_t11_r03_seed25065,25065,down,1040,25,validation,-1.35,0.67,0.67,0.19768750000000004
3476,d25_t11_r03_s026,2.32,11,3,69,ising2d_t11_r03_seed25065,25065,down,1080,26,validation,-1.38,0.695,0.695,0.21243749999999997
3477,d25_t11_r03_s027,2.32,11,3,69,ising2d_t11_r03_seed25065,25065,down,1120,27,validation,-1.36,0.67,0.67,0.19718749999999996
3478,d25_t11_r03_s028,2.32,11,3,69,ising2d_t11_r03_seed25065,25065,down,1160,28,validation,-1.52,0.81,0.81,0.179
3479,d25_t11_r03_s029,2.32,11,3,69,ising2d_t11_r03_seed25065,25065,down,1200,29,validation,-1.41,0.64,0.64,0.186
3480,d25_t11_r03_s030,2.32,11,3,69,ising2d_t11_r03_seed25065,25065,down,1240,30,validation,-1.25,-0.085,0.085,0.2729375000000001
3481,d25_t11_r03_s031,2.32,11,3,69,ising2d_t11_r03_seed25065,25065,down,1280,31,validation,-1.09,0.15,0.15,0.29993749999999997
3482,d25_t11_r03_s032,2.32,11,3,69,ising2d_t11_r03_seed25065,25065,down,1320,32,validation,-1.35,0.63,0.63,0.278125
3483,d25_t11_r03_s033,2.32,11,3,69,ising2d_t11_r03_seed25065,25065,down,1360,33,validation,-1.45,0.795,0.795,0.20956249999999996
3484,d25_t11_r03_s034,2.32,11,3,69,ising2d_t11_r03_seed25065,25065,down,1400,34,validation,-1.64,0.85,0.85,0.17168750000000005
3485,d25_t11_r03_s035,2.32,11,3,69,ising2d_t11_r03_seed25065,25065,down,1440,35,validation,-1.31,0.71,0.71,0.18625
3486,d25_t11_r03_s036,2.32,11,3,69,ising2d_t11_r03_seed25065,25065,down,1480,36,validation,-1.46,0.76,0.76,0.22862500000000002
3487,d25_t11_r03_s037,2.32,11,3,69,ising2d_t11_r03_seed25065,25065,down,1520,37,validation,-1.33,0.73,0.73,0.18275000000000002
3488,d25_t11_r03_s038,2.32,11,3,69,ising2d_t11_r03_seed25065,25065,down,1560,38,validation,-1.24,0.65,0.65,0.175875
3489,d25_t11_r03_s039,2.32,11,3,69,ising2d_t11_r03_seed25065,25065,down,1600,39,validation,-1.4,0.75,0.75,0.20000000000000004
3490,d25_t11_r03_s040,2.32,11,3,69,ising2d_t11_r03_seed25065,25065,down,1640,40,validation,-1.64,0.865,0.865,0.19818750000000002
3491,d25_t11_r03_s041,2.32,11,3,69,ising2d_t11_r03_seed25065,25065,down,1680,41,validation,-1.35,0.655,0.655,0.20187499999999997
3492,d25_t11_r03_s042,2.32,11,3,69,ising2d_t11_r03_seed25065,25065,down,1720,42,validation,-1.48,0.755,0.755,0.16824999999999998
3493,d25_t11_r03_s043,2.32,11,3,69,ising2d_t11_r03_seed25065,25065,down,1760,43,validation,-1.27,0.42,0.42,0.2249375
3494,d25_t11_r03_s044,2.32,11,3,69,ising2d_t11_r03_seed25065,25065,down,1800,44,validation,-1.3,0.765,0.765,0.23056250000000006
3495,d25_t11_r03_s045,2.32,11,3,69,ising2d_t11_r03_seed25065,25065,down,1840,45,validation,-1.45,0.79,0.79,0.2049375
3496,d25_t11_r03_s046,2.32,11,3,69,ising2d_t11_r03_seed25065,25065,down,1880,46,validation,-1.45,0.715,0.715,0.18668749999999995
3497,d25_t11_r03_s047,2.32,11,3,69,ising2d_t11_r03_seed25065,25065,down,1920,47,validation,-1.34,0.15,0.15,0.23981249999999998
3498,d25_t11_r03_s048,2.32,11,3,69,ising2d_t11_r03_seed25065,25065,down,1960,48,validation,-1.29,-0.285,0.285,0.27606250000000004
3499,d25_t11_r03_s049,2.32,11,3,69,ising2d_t11_r03_seed25065,25065,down,2000,49,validation,-1.23,0.14,0.14,0.3009375
3500,d25_t11_r04_s000,2.32,11,4,70,ising2d_t11_r04_seed25083,25083,up,40,0,test,-1.3,0.7,0.7,0.19537500000000005
3501,d25_t11_r04_s001,2.32,11,4,70,ising2d_t11_r04_seed25083,25083,up,80,1,test,-1.23,0.51,0.51,0.25525000000000003
3502,d25_t11_r04_s002,2.32,11,4,70,ising2d_t11_r04_seed25083,25083,up,120,2,test,-1.2,-0.095,0.095,0.25981250000000006
3503,d25_t11_r04_s003,2.32,11,4,70,ising2d_t11_r04_seed25083,25083,up,160,3,test,-1.13,-0.255,0.255,0.28475
3504,d25_t11_r04_s004,2.32,11,4,70,ising2d_t11_r04_seed25083,25083,up,200,4,test,-1.22,-0.365,0.365,0.2618750000000001
3505,d25_t11_r04_s005,2.32,11,4,70,ising2d_t11_r04_seed25083,25083,up,240,5,test,-1.42,-0.725,0.725,0.255
3506,d25_t11_r04_s006,2.32,11,4,70,ising2d_t11_r04_seed25083,25083,up,280,6,test,-1.32,-0.545,0.545,0.20212500000000003
3507,d25_t11_r04_s007,2.32,11,4,70,ising2d_t11_r04_seed25083,25083,up,320,7,test,-1.28,-0.24,0.24,0.26218749999999996
3508,d25_t11_r04_s008,2.32,11,4,70,ising2d_t11_r04_seed25083,25083,up,360,8,test,-1.17,0.28,0.28,0.27525
3509,d25_t11_r04_s009,2.32,11,4,70,ising2d_t11_r04_seed25083,25083,up,400,9,test,-1.24,0.605,0.605,0.25706249999999997
3510,d25_t11_r04_s010,2.32,11,4,70,ising2d_t11_r04_seed25083,25083,up,440,10,test,-1.24,0.67,0.67,0.2186875
3511,d25_t11_r04_s011,2.32,11,4,70,ising2d_t11_r04_seed25083,25083,up,480,11,test,-1.39,0.635,0.635,0.23956250000000004
3512,d25_t11_r04_s012,2.32,11,4,70,ising2d_t11_r04_seed25083,25083,up,520,12,test,-1.37,-0.575,0.575,0.28049999999999997
3513,d25_t11_r04_s013,2.32,11,4,70,ising2d_t11_r04_seed25083,25083,up,560,13,test,-1.4,-0.735,0.735,0.20899999999999994
3514,d25_t11_r04_s014,2.32,11,4,70,ising2d_t11_r04_seed25083,25083,up,600,14,test,-1.21,-0.45,0.45,0.21443749999999998
3515,d25_t11_r04_s015,2.32,11,4,70,ising2d_t11_r04_seed25083,25083,up,640,15,test,-1.24,-0.475,0.475,0.2808125
3516,d25_t11_r04_s016,2.32,11,4,70,ising2d_t11_r04_seed25083,25083,up,680,16,test,-1.06,-0.05,0.05,0.27556250000000004
3517,d25_t11_r04_s017,2.32,11,4,70,ising2d_t11_r04_seed25083,25083,up,720,17,test,-1.34,0.53,0.53,0.25825
3518,d25_t11_r04_s018,2.32,11,4,70,ising2d_t11_r04_seed25083,25083,up,760,18,test,-1.32,0.305,0.305,0.24243749999999994
3519,d25_t11_r04_s019,2.32,11,4,70,ising2d_t11_r04_seed25083,25083,up,800,19,test,-1.13,0.11,0.11,0.24443750000000003
3520,d25_t11_r04_s020,2.32,11,4,70,ising2d_t11_r04_seed25083,25083,up,840,20,test,-1.35,0.065,0.065,0.2640625
3521,d25_t11_r04_s021,2.32,11,4,70,ising2d_t11_r04_seed25083,25083,up,880,21,test,-1.13,-0.19,0.19,0.28868749999999993
3522,d25_t11_r04_s022,2.32,11,4,70,ising2d_t11_r04_seed25083,25083,up,920,22,test,-1.28,-0.265,0.265,0.27493749999999995
3523,d25_t11_r04_s023,2.32,11,4,70,ising2d_t11_r04_seed25083,25083,up,960,23,test,-1.08,-0.07,0.07,0.3195625000000001
3524,d25_t11_r04_s024,2.32,11,4,70,ising2d_t11_r04_seed25083,25083,up,1000,24,test,-0.97,0.08,0.08,0.29137499999999994
3525,d25_t11_r04_s025,2.32,11,4,70,ising2d_t11_r04_seed25083,25083,up,1040,25,test,-1.25,0.01,0.01,0.297125
3526,d25_t11_r04_s026,2.32,11,4,70,ising2d_t11_r04_seed25083,25083,up,1080,26,test,-1.29,-0.55,0.55,0.263
3527,d25_t11_r04_s027,2.32,11,4,70,ising2d_t11_r04_seed25083,25083,up,1120,27,test,-1.26,-0.085,0.085,0.2473125
3528,d25_t11_r04_s028,2.32,11,4,70,ising2d_t11_r04_seed25083,25083,up,1160,28,test,-1.15,-0.265,0.265,0.262625
3529,d25_t11_r04_s029,2.32,11,4,70,ising2d_t11_r04_seed25083,25083,up,1200,29,test,-1.11,-0.115,0.115,0.2815
3530,d25_t11_r04_s030,2.32,11,4,70,ising2d_t11_r04_seed25083,25083,up,1240,30,test,-1.18,-0.065,0.065,0.270125
3531,d25_t11_r04_s031,2.32,11,4,70,ising2d_t11_r04_seed25083,25083,up,1280,31,test,-1.28,-0.46,0.46,0.25956250000000003
3532,d25_t11_r04_s032,2.32,11,4,70,ising2d_t11_r04_seed25083,25083,up,1320,32,test,-1.58,-0.85,0.85,0.215375
3533,d25_t11_r04_s033,2.32,11,4,70,ising2d_t11_r04_seed25083,25083,up,1360,33,test,-1.54,-0.81,0.81,0.16337500000000002
3534,d25_t11_r04_s034,2.32,11,4,70,ising2d_t11_r04_seed25083,25083,up,1400,34,test,-1.29,-0.645,0.645,0.17881249999999999
3535,d25_t11_r04_s035,2.32,11,4,70,ising2d_t11_r04_seed25083,25083,up,1440,35,test,-1.45,-0.745,0.745,0.18712500000000004
3536,d25_t11_r04_s036,2.32,11,4,70,ising2d_t11_r04_seed25083,25083,up,1480,36,test,-1.38,-0.47,0.47,0.2344375
3537,d25_t11_r04_s037,2.32,11,4,70,ising2d_t11_r04_seed25083,25083,up,1520,37,test,-1.41,-0.275,0.275,0.24931250000000005
3538,d25_t11_r04_s038,2.32,11,4,70,ising2d_t11_r04_seed25083,25083,up,1560,38,test,-1.02,0.37,0.37,0.27993750000000006
3539,d25_t11_r04_s039,2.32,11,4,70,ising2d_t11_r04_seed25083,25083,up,1600,39,test,-1.34,0.61,0.61,0.24625000000000008
3540,d25_t11_r04_s040,2.32,11,4,70,ising2d_t11_r04_seed25083,25083,up,1640,40,test,-1.56,0.745,0.745,0.19031249999999997
3541,d25_t11_r04_s041,2.32,11,4,70,ising2d_t11_r04_seed25083,25083,up,1680,41,test,-1.4,0.71,0.71,0.19043750000000004
3542,d25_t11_r04_s042,2.32,11,4,70,ising2d_t11_r04_seed25083,25083,up,1720,42,test,-1.45,0.66,0.66,0.18687500000000004
3543,d25_t11_r04_s043,2.32,11,4,70,ising2d_t11_r04_seed25083,25083,up,1760,43,test,-1.32,0.7,0.7,0.24300000000000002
3544,d25_t11_r04_s044,2.32,11,4,70,ising2d_t11_r04_seed25083,25083,up,1800,44,test,-1.45,0.665,0.665,0.19643750000000001
3545,d25_t11_r04_s045,2.32,11,4,70,ising2d_t11_r04_seed25083,25083,up,1840,45,test,-1.4,0.645,0.645,0.209375
3546,d25_t11_r04_s046,2.32,11,4,70,ising2d_t11_r04_seed25083,25083,up,1880,46,test,-1.39,0.755,0.755,0.21062499999999998
3547,d25_t11_r04_s047,2.32,11,4,70,ising2d_t11_r04_seed25083,25083,up,1920,47,test,-1.33,0.675,0.675,0.20700000000000007
3548,d25_t11_r04_s048,2.32,11,4,70,ising2d_t11_r04_seed25083,25083,up,1960,48,test,-1.59,0.845,0.845,0.18424999999999997
3549,d25_t11_r04_s049,2.32,11,4,70,ising2d_t11_r04_seed25083,25083,up,2000,49,test,-1.49,0.81,0.81,0.18018750000000003
3550,d25_t11_r05_s000,2.32,11,5,71,ising2d_t11_r05_seed25101,25101,down,40,0,test,-1.55,0.8,0.8,0.16587500000000002
3551,d25_t11_r05_s001,2.32,11,5,71,ising2d_t11_r05_seed25101,25101,down,80,1,test,-1.63,0.89,0.89,0.187375
3552,d25_t11_r05_s002,2.32,11,5,71,ising2d_t11_r05_seed25101,25101,down,120,2,test,-1.53,0.815,0.815,0.16306250000000003
3553,d25_t11_r05_s003,2.32,11,5,71,ising2d_t11_r05_seed25101,25101,down,160,3,test,-1.36,0.595,0.595,0.18949999999999997
3554,d25_t11_r05_s004,2.32,11,5,71,ising2d_t11_r05_seed25101,25101,down,200,4,test,-1.66,0.8,0.8,0.21056250000000004
3555,d25_t11_r05_s005,2.32,11,5,71,ising2d_t11_r05_seed25101,25101,down,240,5,test,-1.35,0.505,0.505,0.1886875
3556,d25_t11_r05_s006,2.32,11,5,71,ising2d_t11_r05_seed25101,25101,down,280,6,test,-1.07,-0.15,0.15,0.2918124999999999
3557,d25_t11_r05_s007,2.32,11,5,71,ising2d_t11_r05_seed25101,25101,down,320,7,test,-1.29,-0.615,0.615,0.2761875
3558,d25_t11_r05_s008,2.32,11,5,71,ising2d_t11_r05_seed25101,25101,down,360,8,test,-1.36,-0.715,0.715,0.19999999999999993
3559,d25_t11_r05_s009,2.32,11,5,71,ising2d_t11_r05_seed25101,25101,down,400,9,test,-1.34,-0.655,0.655,0.21750000000000003
3560,d25_t11_r05_s010,2.32,11,5,71,ising2d_t11_r05_seed25101,25101,down,440,10,test,-1.65,-0.875,0.875,0.23700000000000002
3561,d25_t11_r05_s011,2.32,11,5,71,ising2d_t11_r05_seed25101,25101,down,480,11,test,-1.44,-0.725,0.725,0.15962499999999996
3562,d25_t11_r05_s012,2.32,11,5,71,ising2d_t11_r05_seed25101,25101,down,520,12,test,-1.26,-0.305,0.305,0.2592499999999999
3563,d25_t11_r05_s013,2.32,11,5,71,ising2d_t11_r05_seed25101,25101,down,560,13,test,-1.37,-0.515,0.515,0.25912499999999994
3564,d25_t11_r05_s014,2.32,11,5,71,ising2d_t11_r05_seed25101,25101,down,600,14,test,-1.12,-0.395,0.395,0.25537499999999996
3565,d25_t11_r05_s015,2.32,11,5,71,ising2d_t11_r05_seed25101,25101,down,640,15,test,-1.19,-0.285,0.285,0.2718749999999999
3566,d25_t11_r05_s016,2.32,11,5,71,ising2d_t11_r05_seed25101,25101,down,680,16,test,-1.5,-0.695,0.695,0.24650000000000002
3567,d25_t11_r05_s017,2.32,11,5,71,ising2d_t11_r05_seed25101,25101,down,720,17,test,-1.49,-0.63,0.63,0.2290625
3568,d25_t11_r05_s018,2.32,11,5,71,ising2d_t11_r05_seed25101,25101,down,760,18,test,-1.46,-0.71,0.71,0.23775000000000004
3569,d25_t11_r05_s019,2.32,11,5,71,ising2d_t11_r05_seed25101,25101,down,800,19,test,-1.5,-0.835,0.835,0.1784375
3570,d25_t11_r05_s020,2.32,11,5,71,ising2d_t11_r05_seed25101,25101,down,840,20,test,-1.37,-0.62,0.62,0.20818749999999997
3571,d25_t11_r05_s021,2.32,11,5,71,ising2d_t11_r05_seed25101,25101,down,880,21,test,-1.09,-0.445,0.445,0.29043750000000007
3572,d25_t11_r05_s022,2.32,11,5,71,ising2d_t11_r05_seed25101,25101,down,920,22,test,-1.2,0.015,0.015,0.29275000000000007
3573,d25_t11_r05_s023,2.32,11,5,71,ising2d_t11_r05_seed25101,25101,down,960,23,test,-1.25,0.475,0.475,0.298125
3574,d25_t11_r05_s024,2.32,11,5,71,ising2d_t11_r05_seed25101,25101,down,1000,24,test,-1.39,0.705,0.705,0.246125
3575,d25_t11_r05_s025,2.32,11,5,71,ising2d_t11_r05_seed25101,25101,down,1040,25,test,-1.45,0.76,0.76,0.20606250000000004
3576,d25_t11_r05_s026,2.32,11,5,71,ising2d_t11_r05_seed25101,25101,down,1080,26,test,-1.49,0.78,0.78,0.18975000000000003
3577,d25_t11_r05_s027,2.32,11,5,71,ising2d_t11_r05_seed25101,25101,down,1120,27,test,-1.35,0.735,0.735,0.19268749999999998
3578,d25_t11_r05_s028,2.32,11,5,71,ising2d_t11_r05_seed25101,25101,down,1160,28,test,-1.27,0.565,0.565,0.20312500000000006
3579,d25_t11_r05_s029,2.32,11,5,71,ising2d_t11_r05_seed25101,25101,down,1200,29,test,-1.43,0.75,0.75,0.2220625
3580,d25_t11_r05_s030,2.32,11,5,71,ising2d_t11_r05_seed25101,25101,down,1240,30,test,-1.44,0.655,0.655,0.20156249999999995
3581,d25_t11_r05_s031,2.32,11,5,71,ising2d_t11_r05_seed25101,25101,down,1280,31,test,-1.38,0.7,0.7,0.2078125
3582,d25_t11_r05_s032,2.32,11,5,71,ising2d_t11_r05_seed25101,25101,down,1320,32,test,-1.49,0.73,0.73,0.19925
3583,d25_t11_r05_s033,2.32,11,5,71,ising2d_t11_r05_seed25101,25101,down,1360,33,test,-1.17,0.465,0.465,0.21906250000000002
3584,d25_t11_r05_s034,2.32,11,5,71,ising2d_t11_r05_seed25101,25101,down,1400,34,test,-1.11,0.335,0.335,0.29250000000000004
3585,d25_t11_r05_s035,2.32,11,5,71,ising2d_t11_r05_seed25101,25101,down,1440,35,test,-1.37,0.605,0.605,0.256625
3586,d25_t11_r05_s036,2.32,11,5,71,ising2d_t11_r05_seed25101,25101,down,1480,36,test,-1.58,0.86,0.86,0.20856250000000004
3587,d25_t11_r05_s037,2.32,11,5,71,ising2d_t11_r05_seed25101,25101,down,1520,37,test,-1.24,0.53,0.53,0.2045
3588,d25_t11_r05_s038,2.32,11,5,71,ising2d_t11_r05_seed25101,25101,down,1560,38,test,-1.37,0.65,0.65,0.247875
3589,d25_t11_r05_s039,2.32,11,5,71,ising2d_t11_r05_seed25101,25101,down,1600,39,test,-1.32,0.68,0.68,0.21037499999999998
3590,d25_t11_r05_s040,2.32,11,5,71,ising2d_t11_r05_seed25101,25101,down,1640,40,test,-1.39,0.58,0.58,0.213
3591,d25_t11_r05_s041,2.32,11,5,71,ising2d_t11_r05_seed25101,25101,down,1680,41,test,-1.48,0.81,0.81,0.223875
3592,d25_t11_r05_s042,2.32,11,5,71,ising2d_t11_r05_seed25101,25101,down,1720,42,test,-1.48,0.805,0.805,0.16093749999999998
3593,d25_t11_r05_s043,2.32,11,5,71,ising2d_t11_r05_seed25101,25101,down,1760,43,test,-1.42,0.725,0.725,0.21062499999999998
3594,d25_t11_r05_s044,2.32,11,5,71,ising2d_t11_r05_seed25101,25101,down,1800,44,test,-1.39,0.6,0.6,0.21231249999999996
3595,d25_t11_r05_s045,2.32,11,5,71,ising2d_t11_r05_seed25101,25101,down,1840,45,test,-1.42,0.715,0.715,0.2578125
3596,d25_t11_r05_s046,2.32,11,5,71,ising2d_t11_r05_seed25101,25101,down,1880,46,test,-1.29,0.565,0.565,0.22524999999999995
3597,d25_t11_r05_s047,2.32,11,5,71,ising2d_t11_r05_seed25101,25101,down,1920,47,test,-1.13,0.48,0.48,0.2423125
3598,d25_t11_r05_s048,2.32,11,5,71,ising2d_t11_r05_seed25101,25101,down,1960,48,test,-1.51,0.82,0.82,0.198625
3599,d25_t11_r05_s049,2.32,11,5,71,ising2d_t11_r05_seed25101,25101,down,2000,49,test,-1.33,0.675,0.675,0.21343749999999995
3600,d25_t12_r00_s000,2.35,12,0,72,ising2d_t12_r00_seed25012,25012,up,40,0,train,-1.28,0.52,0.52,0.2440625
3601,d25_t12_r00_s001,2.35,12,0,72,ising2d_t12_r00_seed25012,25012,up,80,1,train,-1.59,0.835,0.835,0.1940625
3602,d25_t12_r00_s002,2.35,12,0,72,ising2d_t12_r00_seed25012,25012,up,120,2,train,-1.4,0.79,0.79,0.1469375
3603,d25_t12_r00_s003,2.35,12,0,72,ising2d_t12_r00_seed25012,25012,up,160,3,train,-1.29,0.735,0.735,0.2143125
3604,d25_t12_r00_s004,2.35,12,0,72,ising2d_t12_r00_seed25012,25012,up,200,4,train,-1.62,0.87,0.87,0.17406249999999998
3605,d25_t12_r00_s005,2.35,12,0,72,ising2d_t12_r00_seed25012,25012,up,240,5,train,-1.57,0.845,0.845,0.1913125
3606,d25_t12_r00_s006,2.35,12,0,72,ising2d_t12_r00_seed25012,25012,up,280,6,train,-1.3,0.555,0.555,0.17987500000000006
3607,d25_t12_r00_s007,2.35,12,0,72,ising2d_t12_r00_seed25012,25012,up,320,7,train,-1.43,0.745,0.745,0.213375
3608,d25_t12_r00_s008,2.35,12,0,72,ising2d_t12_r00_seed25012,25012,up,360,8,train,-1.38,0.615,0.615,0.2583749999999999
3609,d25_t12_r00_s009,2.35,12,0,72,ising2d_t12_r00_seed25012,25012,up,400,9,train,-1.33,0.675,0.675,0.2465
3610,d25_t12_r00_s010,2.35,12,0,72,ising2d_t12_r00_seed25012,25012,up,440,10,train,-1.41,0.755,0.755,0.20162499999999994
3611,d25_t12_r00_s011,2.35,12,0,72,ising2d_t12_r00_seed25012,25012,up,480,11,train,-1.48,0.695,0.695,0.21287499999999998
3612,d25_t12_r00_s012,2.35,12,0,72,ising2d_t12_r00_seed25012,25012,up,520,12,train,-1.32,0.645,0.645,0.202875
3613,d25_t12_r00_s013,2.35,12,0,72,ising2d_t12_r00_seed25012,25012,up,560,13,train,-1.35,0.39,0.39,0.2146875
3614,d25_t12_r00_s014,2.35,12,0,72,ising2d_t12_r00_seed25012,25012,up,600,14,train,-1.12,0.385,0.385,0.2626875
3615,d25_t12_r00_s015,2.35,12,0,72,ising2d_t12_r00_seed25012,25012,up,640,15,train,-1.33,0.49,0.49,0.25568749999999996
3616,d25_t12_r00_s016,2.35,12,0,72,ising2d_t12_r00_seed25012,25012,up,680,16,train,-1.36,0.605,0.605,0.2171875
3617,d25_t12_r00_s017,2.35,12,0,72,ising2d_t12_r00_seed25012,25012,up,720,17,train,-1.4,0.73,0.73,0.21131249999999988
3618,d25_t12_r00_s018,2.35,12,0,72,ising2d_t12_r00_seed25012,25012,up,760,18,train,-1.19,-0.14,0.14,0.27749999999999997
3619,d25_t12_r00_s019,2.35,12,0,72,ising2d_t12_r00_seed25012,25012,up,800,19,train,-1.1,-0.2,0.2,0.29237499999999994
3620,d25_t12_r00_s020,2.35,12,0,72,ising2d_t12_r00_seed25012,25012,up,840,20,train,-1.23,-0.315,0.315,0.26993750000000005
3621,d25_t12_r00_s021,2.35,12,0,72,ising2d_t12_r00_seed25012,25012,up,880,21,train,-1.25,-0.215,0.215,0.287625
3622,d25_t12_r00_s022,2.35,12,0,72,ising2d_t12_r00_seed25012,25012,up,920,22,train,-1.16,-0.385,0.385,0.269375
3623,d25_t12_r00_s023,2.35,12,0,72,ising2d_t12_r00_seed25012,25012,up,960,23,train,-1.41,-0.705,0.705,0.24637500000000007
3624,d25_t12_r00_s024,2.35,12,0,72,ising2d_t12_r00_seed25012,25012,up,1000,24,train,-1.4,-0.59,0.59,0.1983125
3625,d25_t12_r00_s025,2.35,12,0,72,ising2d_t12_r00_seed25012,25012,up,1040,25,train,-1.3,-0.495,0.495,0.22056250000000005
3626,d25_t12_r00_s026,2.35,12,0,72,ising2d_t12_r00_seed25012,25012,up,1080,26,train,-1.22,-0.51,0.51,0.28968750000000004
3627,d25_t12_r00_s027,2.35,12,0,72,ising2d_t12_r00_seed25012,25012,up,1120,27,train,-1.26,-0.455,0.455,0.2513125
3628,d25_t12_r00_s028,2.35,12,0,72,ising2d_t12_r00_seed25012,25012,up,1160,28,train,-1.37,-0.725,0.725,0.27274999999999994
3629,d25_t12_r00_s029,2.35,12,0,72,ising2d_t12_r00_seed25012,25012,up,1200,29,train,-1.53,-0.825,0.825,0.20249999999999999
3630,d25_t12_r00_s030,2.35,12,0,72,ising2d_t12_r00_seed25012,25012,up,1240,30,train,-1.39,-0.65,0.65,0.1918125
3631,d25_t12_r00_s031,2.35,12,0,72,ising2d_t12_r00_seed25012,25012,up,1280,31,train,-1.33,-0.595,0.595,0.2515625
3632,d25_t12_r00_s032,2.35,12,0,72,ising2d_t12_r00_seed25012,25012,up,1320,32,train,-1.25,-0.555,0.555,0.24737499999999998
3633,d25_t12_r00_s033,2.35,12,0,72,ising2d_t12_r00_seed25012,25012,up,1360,33,train,-1.34,-0.71,0.71,0.1849375
3634,d25_t12_r00_s034,2.35,12,0,72,ising2d_t12_r00_seed25012,25012,up,1400,34,train,-1.37,-0.615,0.615,0.23606250000000006
3635,d25_t12_r00_s035,2.35,12,0,72,ising2d_t12_r00_seed25012,25012,up,1440,35,train,-1.2,-0.53,0.53,0.23256250000000006
3636,d25_t12_r00_s036,2.35,12,0,72,ising2d_t12_r00_seed25012,25012,up,1480,36,train,-1.43,-0.69,0.69,0.22287499999999993
3637,d25_t12_r00_s037,2.35,12,0,72,ising2d_t12_r00_seed25012,25012,up,1520,37,train,-1.16,-0.435,0.435,0.2595625
3638,d25_t12_r00_s038,2.35,12,0,72,ising2d_t12_r00_seed25012,25012,up,1560,38,train,-1.24,-0.635,0.635,0.23512500000000003
3639,d25_t12_r00_s039,2.35,12,0,72,ising2d_t12_r00_seed25012,25012,up,1600,39,train,-1.23,-0.505,0.505,0.23000000000000004
3640,d25_t12_r00_s040,2.35,12,0,72,ising2d_t12_r00_seed25012,25012,up,1640,40,train,-1.38,-0.755,0.755,0.23312499999999997
3641,d25_t12_r00_s041,2.35,12,0,72,ising2d_t12_r00_seed25012,25012,up,1680,41,train,-1.44,-0.775,0.775,0.19124999999999998
3642,d25_t12_r00_s042,2.35,12,0,72,ising2d_t12_r00_seed25012,25012,up,1720,42,train,-1.35,-0.555,0.555,0.20637499999999992
3643,d25_t12_r00_s043,2.35,12,0,72,ising2d_t12_r00_seed25012,25012,up,1760,43,train,-1.22,-0.55,0.55,0.2361875
3644,d25_t12_r00_s044,2.35,12,0,72,ising2d_t12_r00_seed25012,25012,up,1800,44,train,-1.26,-0.7,0.7,0.259125
3645,d25_t12_r00_s045,2.35,12,0,72,ising2d_t12_r00_seed25012,25012,up,1840,45,train,-1.49,-0.815,0.815,0.20231250000000003
3646,d25_t12_r00_s046,2.35,12,0,72,ising2d_t12_r00_seed25012,25012,up,1880,46,train,-1.49,-0.775,0.775,0.17112499999999994
3647,d25_t12_r00_s047,2.35,12,0,72,ising2d_t12_r00_seed25012,25012,up,1920,47,train,-1.58,-0.79,0.79,0.19093750000000004
3648,d25_t12_r00_s048,2.35,12,0,72,ising2d_t12_r00_seed25012,25012,up,1960,48,train,-1.59,-0.85,0.85,0.18850000000000006
3649,d25_t12_r00_s049,2.35,12,0,72,ising2d_t12_r00_seed25012,25012,up,2000,49,train,-1.46,-0.6,0.6,0.17975000000000002
3650,d25_t12_r01_s000,2.35,12,1,73,ising2d_t12_r01_seed25030,25030,down,40,0,train,-1.26,0.55,0.55,0.25075
3651,d25_t12_r01_s001,2.35,12,1,73,ising2d_t12_r01_seed25030,25030,down,80,1,train,-1.25,0.535,0.535,0.27206250000000004
3652,d25_t12_r01_s002,2.35,12,1,73,ising2d_t12_r01_seed25030,25030,down,120,2,train,-1.29,0.565,0.565,0.25962500000000005
3653,d25_t12_r01_s003,2.35,12,1,73,ising2d_t12_r01_seed25030,25030,down,160,3,train,-1.57,0.81,0.81,0.1636875
3654,d25_t12_r01_s004,2.35,12,1,73,ising2d_t12_r01_seed25030,25030,down,200,4,train,-1.37,0.72,0.72,0.21749999999999997
3655,d25_t12_r01_s005,2.35,12,1,73,ising2d_t12_r01_seed25030,25030,down,240,5,train,-1.17,0.63,0.63,0.205375
3656,d25_t12_r01_s006,2.35,12,1,73,ising2d_t12_r01_seed25030,25030,down,280,6,train,-1.3,0.65,0.65,0.21875
3657,d25_t12_r01_s007,2.35,12,1,73,ising2d_t12_r01_seed25030,25030,down,320,7,train,-1.48,0.72,0.72,0.25324999999999986
3658,d25_t12_r01_s008,2.35,12,1,73,ising2d_t12_r01_seed25030,25030,down,360,8,train,-1.33,0.715,0.715,0.21106250000000007
3659,d25_t12_r01_s009,2.35,12,1,73,ising2d_t12_r01_seed25030,25030,down,400,9,train,-1.22,0.53,0.53,0.24456249999999996
3660,d25_t12_r01_s010,2.35,12,1,73,ising2d_t12_r01_seed25030,25030,down,440,10,train,-1.16,0.465,0.465,0.2900625
3661,d25_t12_r01_s011,2.35,12,1,73,ising2d_t12_r01_seed25030,25030,down,480,11,train,-1.24,0.475,0.475,0.25975000000000004
3662,d25_t12_r01_s012,2.35,12,1,73,ising2d_t12_r01_seed25030,25030,down,520,12,train,-1.16,0.52,0.52,0.2755625
3663,d25_t12_r01_s013,2.35,12,1,73,ising2d_t12_r01_seed25030,25030,down,560,13,train,-1.34,0.68,0.68,0.25025
3664,d25_t12_r01_s014,2.35,12,1,73,ising2d_t12_r01_seed25030,25030,down,600,14,train,-1.31,0.375,0.375,0.22818750000000004
3665,d25_t12_r01_s015,2.35,12,1,73,ising2d_t12_r01_seed25030,25030,down,640,15,train,-1.23,0.01,0.01,0.27918750000000003
3666,d25_t12_r01_s016,2.35,12,1,73,ising2d_t12_r01_seed25030,25030,down,680,16,train,-1.29,-0.205,0.205,0.28631249999999997
3667,d25_t12_r01_s017,2.35,12,1,73,ising2d_t12_r01_seed25030,25030,down,720,17,train,-1.28,-0.215,0.215,0.25262500000000004
3668,d25_t12_r01_s018,2.35,12,1,73,ising2d_t12_r01_seed25030,25030,down,760,18,train,-1.22,0.445,0.445,0.26049999999999995
3669,d25_t12_r01_s019,2.35,12,1,73,ising2d_t12_r01_seed25030,25030,down,800,19,train,-1.37,0.71,0.71,0.22781250000000003
3670,d25_t12_r01_s020,2.35,12,1,73,ising2d_t12_r01_seed25030,25030,down,840,20,train,-1.35,0.66,0.66,0.20037500000000003
3671,d25_t12_r01_s021,2.35,12,1,73,ising2d_t12_r01_seed25030,25030,down,880,21,train,-1.38,0.77,0.77,0.21999999999999997
3672,d25_t12_r01_s022,2.35,12,1,73,ising2d_t12_r01_seed25030,25030,down,920,22,train,-1.62,0.9,0.9,0.200625
3673,d25_t12_r01_s023,2.35,12,1,73,ising2d_t12_r01_seed25030,25030,down,960,23,train,-1.39,0.5,0.5,0.18262499999999998
3674,d25_t12_r01_s024,2.35,12,1,73,ising2d_t12_r01_seed25030,25030,down,1000,24,train,-1.47,0.59,0.59,0.22212500000000004
3675,d25_t12_r01_s025,2.35,12,1,73,ising2d_t12_r01_seed25030,25030,down,1040,25,train,-1.31,0.61,0.61,0.20912500000000006
3676,d25_t12_r01_s026,2.35,12,1,73,ising2d_t12_r01_seed25030,25030,down,1080,26,train,-1.36,0.705,0.705,0.24468750000000009
3677,d25_t12_r01_s027,2.35,12,1,73,ising2d_t12_r01_seed25030,25030,down,1120,27,train,-1.22,0.37,0.37,0.29468749999999994
3678,d25_t12_r01_s028,2.35,12,1,73,ising2d_t12_r01_seed25030,25030,down,1160,28,train,-1.4,0.7,0.7,0.269625
3679,d25_t12_r01_s029,2.35,12,1,73,ising2d_t12_r01_seed25030,25030,down,1200,29,train,-1.06,0.37,0.37,0.25412500000000005
3680,d25_t12_r01_s030,2.35,12,1,73,ising2d_t12_r01_seed25030,25030,down,1240,30,train,-1.33,0.575,0.575,0.24131249999999996
3681,d25_t12_r01_s031,2.35,12,1,73,ising2d_t12_r01_seed25030,25030,down,1280,31,train,-1.37,0.565,0.565,0.23299999999999996
3682,d25_t12_r01_s032,2.35,12,1,73,ising2d_t12_r01_seed25030,25030,down,1320,32,train,-1.48,0.755,0.755,0.22562500000000005
3683,d25_t12_r01_s033,2.35,12,1,73,ising2d_t12_r01_seed25030,25030,down,1360,33,train,-1.29,0.555,0.555,0.23012499999999997
3684,d25_t12_r01_s034,2.35,12,1,73,ising2d_t12_r01_seed25030,25030,down,1400,34,train,-1.25,0.495,0.495,0.27849999999999986
3685,d25_t12_r01_s035,2.35,12,1,73,ising2d_t12_r01_seed25030,25030,down,1440,35,train,-1.25,0.645,0.645,0.25325000000000003
3686,d25_t12_r01_s036,2.35,12,1,73,ising2d_t12_r01_seed25030,25030,down,1480,36,train,-1.36,0.38,0.38,0.23556249999999998
3687,d25_t12_r01_s037,2.35,12,1,73,ising2d_t12_r01_seed25030,25030,down,1520,37,train,-1.16,0.5,0.5,0.24487500000000004
3688,d25_t12_r01_s038,2.35,12,1,73,ising2d_t12_r01_seed25030,25030,down,1560,38,train,-1.33,0.68,0.68,0.24587499999999993
3689,d25_t12_r01_s039,2.35,12,1,73,ising2d_t12_r01_seed25030,25030,down,1600,39,train,-1.15,0.385,0.385,0.23131249999999998
3690,d25_t12_r01_s040,2.35,12,1,73,ising2d_t12_r01_seed25030,25030,down,1640,40,train,-1.56,0.83,0.83,0.21506250000000002
3691,d25_t12_r01_s041,2.35,12,1,73,ising2d_t12_r01_seed25030,25030,down,1680,41,train,-1.39,0.795,0.795,0.17943749999999997
3692,d25_t12_r01_s042,2.35,12,1,73,ising2d_t12_r01_seed25030,25030,down,1720,42,train,-1.31,0.63,0.63,0.21981250000000002
3693,d25_t12_r01_s043,2.35,12,1,73,ising2d_t12_r01_seed25030,25030,down,1760,43,train,-1.24,0.41,0.41,0.25212500000000004
3694,d25_t12_r01_s044,2.35,12,1,73,ising2d_t12_r01_seed25030,25030,down,1800,44,train,-1.46,0.78,0.78,0.2495000000000001
3695,d25_t12_r01_s045,2.35,12,1,73,ising2d_t12_r01_seed25030,25030,down,1840,45,train,-1.62,0.865,0.865,0.1820625
3696,d25_t12_r01_s046,2.35,12,1,73,ising2d_t12_r01_seed25030,25030,down,1880,46,train,-1.58,0.85,0.85,0.18043749999999997
3697,d25_t12_r01_s047,2.35,12,1,73,ising2d_t12_r01_seed25030,25030,down,1920,47,train,-1.41,0.755,0.755,0.2070625
3698,d25_t12_r01_s048,2.35,12,1,73,ising2d_t12_r01_seed25030,25030,down,1960,48,train,-1.34,0.69,0.69,0.2510625
3699,d25_t12_r01_s049,2.35,12,1,73,ising2d_t12_r01_seed25030,25030,down,2000,49,train,-1.57,0.82,0.82,0.227
3700,d25_t12_r02_s000,2.35,12,2,74,ising2d_t12_r02_seed25048,25048,up,40,0,validation,-1.18,-0.245,0.245,0.25749999999999995
3701,d25_t12_r02_s001,2.35,12,2,74,ising2d_t12_r02_seed25048,25048,up,80,1,validation,-1.34,0.38,0.38,0.2828125000000001
3702,d25_t12_r02_s002,2.35,12,2,74,ising2d_t12_r02_seed25048,25048,up,120,2,validation,-1.22,0.21,0.21,0.28137500000000004
3703,d25_t12_r02_s003,2.35,12,2,74,ising2d_t12_r02_seed25048,25048,up,160,3,validation,-1.38,0.525,0.525,0.28943749999999996
3704,d25_t12_r02_s004,2.35,12,2,74,ising2d_t12_r02_seed25048,25048,up,200,4,validation,-1.44,0.7,0.7,0.2473125
3705,d25_t12_r02_s005,2.35,12,2,74,ising2d_t12_r02_seed25048,25048,up,240,5,validation,-1.6,0.83,0.83,0.1875
3706,d25_t12_r02_s006,2.35,12,2,74,ising2d_t12_r02_seed25048,25048,up,280,6,validation,-1.2,0.505,0.505,0.1984375
3707,d25_t12_r02_s007,2.35,12,2,74,ising2d_t12_r02_seed25048,25048,up,320,7,validation,-1.51,0.67,0.67,0.2149375
3708,d25_t12_r02_s008,2.35,12,2,74,ising2d_t12_r02_seed25048,25048,up,360,8,validation,-1.35,0.67,0.67,0.26724999999999993
3709,d25_t12_r02_s009,2.35,12,2,74,ising2d_t12_r02_seed25048,25048,up,400,9,validation,-1.21,0.62,0.62,0.194
3710,d25_t12_r02_s010,2.35,12,2,74,ising2d_t12_r02_seed25048,25048,up,440,10,validation,-1.44,0.805,0.805,0.18556250000000002
3711,d25_t12_r02_s011,2.35,12,2,74,ising2d_t12_r02_seed25048,25048,up,480,11,validation,-1.49,0.805,0.805,0.19862499999999988
3712,d25_t12_r02_s012,2.35,12,2,74,ising2d_t12_r02_seed25048,25048,up,520,12,validation,-1.48,0.72,0.72,0.15831250000000002
3713,d25_t12_r02_s013,2.35,12,2,74,ising2d_t12_r02_seed25048,25048,up,560,13,validation,-1.21,0.555,0.555,0.2435625
3714,d25_t12_r02_s014,2.35,12,2,74,ising2d_t12_r02_seed25048,25048,up,600,14,validation,-1.18,0.33,0.33,0.2801874999999999
3715,d25_t12_r02_s015,2.35,12,2,74,ising2d_t12_r02_seed25048,25048,up,640,15,validation,-0.94,-0.085,0.085,0.2965625
3716,d25_t12_r02_s016,2.35,12,2,74,ising2d_t12_r02_seed25048,25048,up,680,16,validation,-0.95,-0.03,0.03,0.3095625
3717,d25_t12_r02_s017,2.35,12,2,74,ising2d_t12_r02_seed25048,25048,up,720,17,validation,-1.26,0.045,0.045,0.27918750000000003
3718,d25_t12_r02_s018,2.35,12,2,74,ising2d_t12_r02_seed25048,25048,up,760,18,validation,-1.19,0.4,0.4,0.26856250000000004
3719,d25_t12_r02_s019,2.35,12,2,74,ising2d_t12_r02_seed25048,25048,up,800,19,validation,-1.27,0.605,0.605,0.2819375
3720,d25_t12_r02_s020,2.35,12,2,74,ising2d_t12_r02_seed25048,25048,up,840,20,validation,-1.46,0.685,0.685,0.24812499999999987
3721,d25_t12_r02_s021,2.35,12,2,74,ising2d_t12_r02_seed25048,25048,up,880,21,validation,-1.37,0.76,0.76,0.19256250000000003
3722,d25_t12_r02_s022,2.35,12,2,74,ising2d_t12_r02_seed25048,25048,up,920,22,validation,-1.26,0.52,0.52,0.22675
3723,d25_t12_r02_s023,2.35,12,2,74,ising2d_t12_r02_seed25048,25048,up,960,23,validation,-1.28,0.43,0.43,0.2684999999999999
3724,d25_t12_r02_s024,2.35,12,2,74,ising2d_t12_r02_seed25048,25048,up,1000,24,validation,-1.35,0.475,0.475,0.25943750000000004
3725,d25_t12_r02_s025,2.35,12,2,74,ising2d_t12_r02_seed25048,25048,up,1040,25,validation,-1.12,0.6,0.6,0.21806249999999996
3726,d25_t12_r02_s026,2.35,12,2,74,ising2d_t12_r02_seed25048,25048,up,1080,26,validation,-1.6,0.74,0.74,0.2534999999999999
3727,d25_t12_r02_s027,2.35,12,2,74,ising2d_t12_r02_seed25048,25048,up,1120,27,validation,-1.2,0.175,0.175,0.2614375
3728,d25_t12_r02_s028,2.35,12,2,74,ising2d_t12_r02_seed25048,25048,up,1160,28,validation,-1.11,0.155,0.155,0.27400000000000013
3729,d25_t12_r02_s029,2.35,12,2,74,ising2d_t12_r02_seed25048,25048,up,1200,29,validation,-1.16,0.255,0.255,0.30262500000000003
3730,d25_t12_r02_s030,2.35,12,2,74,ising2d_t12_r02_seed25048,25048,up,1240,30,validation,-1.11,0.245,0.245,0.281
3731,d25_t12_r02_s031,2.35,12,2,74,ising2d_t12_r02_seed25048,25048,up,1280,31,validation,-1.27,0.595,0.595,0.27949999999999997
3732,d25_t12_r02_s032,2.35,12,2,74,ising2d_t12_r02_seed25048,25048,up,1320,32,validation,-1.24,0.655,0.655,0.19524999999999998
3733,d25_t12_r02_s033,2.35,12,2,74,ising2d_t12_r02_seed25048,25048,up,1360,33,validation,-1.22,0.52,0.52,0.1868125
3734,d25_t12_r02_s034,2.35,12,2,74,ising2d_t12_r02_seed25048,25048,up,1400,34,validation,-1.56,0.85,0.85,0.24675000000000002
3735,d25_t12_r02_s035,2.35,12,2,74,ising2d_t12_r02_seed25048,25048,up,1440,35,validation,-1.45,0.755,0.755,0.2055625
3736,d25_t12_r02_s036,2.35,12,2,74,ising2d_t12_r02_seed25048,25048,up,1480,36,validation,-1.23,0.45,0.45,0.24893749999999998
3737,d25_t12_r02_s037,2.35,12,2,74,ising2d_t12_r02_seed25048,25048,up,1520,37,validation,-1.16,0.6,0.6,0.25575000000000003
3738,d25_t12_r02_s038,2.35,12,2,74,ising2d_t12_r02_seed25048,25048,up,1560,38,validation,-1.28,0.695,0.695,0.24756250000000007
3739,d25_t12_r02_s039,2.35,12,2,74,ising2d_t12_r02_seed25048,25048,up,1600,39,validation,-1.41,0.75,0.75,0.1978125
3740,d25_t12_r02_s040,2.35,12,2,74,ising2d_t12_r02_seed25048,25048,up,1640,40,validation,-1.5,0.83,0.83,0.167375
3741,d25_t12_r02_s041,2.35,12,2,74,ising2d_t12_r02_seed25048,25048,up,1680,41,validation,-1.42,0.79,0.79,0.15649999999999994
3742,d25_t12_r02_s042,2.35,12,2,74,ising2d_t12_r02_seed25048,25048,up,1720,42,validation,-1.12,0.65,0.65,0.18475
3743,d25_t12_r02_s043,2.35,12,2,74,ising2d_t12_r02_seed25048,25048,up,1760,43,validation,-1.37,0.765,0.765,0.2279375
3744,d25_t12_r02_s044,2.35,12,2,74,ising2d_t12_r02_seed25048,25048,up,1800,44,validation,-1.56,0.79,0.79,0.1898125
3745,d25_t12_r02_s045,2.35,12,2,74,ising2d_t12_r02_seed25048,25048,up,1840,45,validation,-1.43,0.785,0.785,0.19143749999999998
3746,d25_t12_r02_s046,2.35,12,2,74,ising2d_t12_r02_seed25048,25048,up,1880,46,validation,-0.93,0.22,0.22,0.21581250000000002
3747,d25_t12_r02_s047,2.35,12,2,74,ising2d_t12_r02_seed25048,25048,up,1920,47,validation,-1.28,0.645,0.645,0.30518750000000006
3748,d25_t12_r02_s048,2.35,12,2,74,ising2d_t12_r02_seed25048,25048,up,1960,48,validation,-1.33,0.585,0.585,0.2639999999999999
3749,d25_t12_r02_s049,2.35,12,2,74,ising2d_t12_r02_seed25048,25048,up,2000,49,validation,-1.18,0.62,0.62,0.22531250000000003
3750,d25_t12_r03_s000,2.35,12,3,75,ising2d_t12_r03_seed25066,25066,down,40,0,validation,-1.35,0.535,0.535,0.280625
3751,d25_t12_r03_s001,2.35,12,3,75,ising2d_t12_r03_seed25066,25066,down,80,1,validation,-1.53,0.84,0.84,0.2456875
3752,d25_t12_r03_s002,2.35,12,3,75,ising2d_t12_r03_seed25066,25066,down,120,2,validation,-1.33,0.635,0.635,0.2499375
3753,d25_t12_r03_s003,2.35,12,3,75,ising2d_t12_r03_seed25066,25066,down,160,3,validation,-1.47,0.81,0.81,0.2140625
3754,d25_t12_r03_s004,2.35,12,3,75,ising2d_t12_r03_seed25066,25066,down,200,4,validation,-1.35,0.775,0.775,0.16943749999999996
3755,d25_t12_r03_s005,2.35,12,3,75,ising2d_t12_r03_seed25066,25066,down,240,5,validation,-1.18,0.385,0.385,0.23162500000000003
3756,d25_t12_r03_s006,2.35,12,3,75,ising2d_t12_r03_seed25066,25066,down,280,6,validation,-1.31,0.62,0.62,0.26593750000000005
3757,d25_t12_r03_s007,2.35,12,3,75,ising2d_t12_r03_seed25066,25066,down,320,7,validation,-1.35,0.58,0.58,0.255375
3758,d25_t12_r03_s008,2.35,12,3,75,ising2d_t12_r03_seed25066,25066,down,360,8,validation,-1.24,0.425,0.425,0.2286875
3759,d25_t12_r03_s009,2.35,12,3,75,ising2d_t12_r03_seed25066,25066,down,400,9,validation,-1.11,0.44,0.44,0.23681249999999995
3760,d25_t12_r03_s010,2.35,12,3,75,ising2d_t12_r03_seed25066,25066,down,440,10,validation,-1.55,0.795,0.795,0.22318749999999987
3761,d25_t12_r03_s011,2.35,12,3,75,ising2d_t12_r03_seed25066,25066,down,480,11,validation,-1.55,0.845,0.845,0.17375000000000004
3762,d25_t12_r03_s012,2.35,12,3,75,ising2d_t12_r03_seed25066,25066,down,520,12,validation,-1.19,0.45,0.45,0.25543750000000004
3763,d25_t12_r03_s013,2.35,12,3,75,ising2d_t12_r03_seed25066,25066,down,560,13,validation,-1.4,0.675,0.675,0.23543750000000005
3764,d25_t12_r03_s014,2.35,12,3,75,ising2d_t12_r03_seed25066,25066,down,600,14,validation,-1.16,0.09,0.09,0.2691875
3765,d25_t12_r03_s015,2.35,12,3,75,ising2d_t12_r03_seed25066,25066,down,640,15,validation,-1.15,0.23,0.23,0.25987499999999997
3766,d25_t12_r03_s016,2.35,12,3,75,ising2d_t12_r03_seed25066,25066,down,680,16,validation,-1.24,0.39,0.39,0.290875
3767,d25_t12_r03_s017,2.35,12,3,75,ising2d_t12_r03_seed25066,25066,down,720,17,validation,-1.49,0.81,0.81,0.2180000000000001
3768,d25_t12_r03_s018,2.35,12,3,75,ising2d_t12_r03_seed25066,25066,down,760,18,validation,-1.22,0.58,0.58,0.23812499999999998
3769,d25_t12_r03_s019,2.35,12,3,75,ising2d_t12_r03_seed25066,25066,down,800,19,validation,-1.16,0.495,0.495,0.24668749999999995
3770,d25_t12_r03_s020,2.35,12,3,75,ising2d_t12_r03_seed25066,25066,down,840,20,validation,-1.41,0.8,0.8,0.20856250000000004
3771,d25_t12_r03_s021,2.35,12,3,75,ising2d_t12_r03_seed25066,25066,down,880,21,validation,-1.33,0.71,0.71,0.207625
3772,d25_t12_r03_s022,2.35,12,3,75,ising2d_t12_r03_seed25066,25066,down,920,22,validation,-1.53,0.825,0.825,0.2131875
3773,d25_t12_r03_s023,2.35,12,3,75,ising2d_t12_r03_seed25066,25066,down,960,23,validation,-1.38,0.72,0.72,0.19193749999999998
3774,d25_t12_r03_s024,2.35,12,3,75,ising2d_t12_r03_seed25066,25066,down,1000,24,validation,-1.2,0.545,0.545,0.2535625
3775,d25_t12_r03_s025,2.35,12,3,75,ising2d_t12_r03_seed25066,25066,down,1040,25,validation,-1.29,0.64,0.64,0.2145625
3776,d25_t12_r03_s026,2.35,12,3,75,ising2d_t12_r03_seed25066,25066,down,1080,26,validation,-1.23,0.425,0.425,0.23343750000000002
3777,d25_t12_r03_s027,2.35,12,3,75,ising2d_t12_r03_seed25066,25066,down,1120,27,validation,-1.36,0.605,0.605,0.22525000000000003
3778,d25_t12_r03_s028,2.35,12,3,75,ising2d_t12_r03_seed25066,25066,down,1160,28,validation,-1.26,0.66,0.66,0.22781249999999997
3779,d25_t12_r03_s029,2.35,12,3,75,ising2d_t12_r03_seed25066,25066,down,1200,29,validation,-1.36,0.69,0.69,0.19025000000000006
3780,d25_t12_r03_s030,2.35,12,3,75,ising2d_t12_r03_seed25066,25066,down,1240,30,validation,-1.28,0.72,0.72,0.196
3781,d25_t12_r03_s031,2.35,12,3,75,ising2d_t12_r03_seed25066,25066,down,1280,31,validation,-1.5,0.615,0.615,0.21131250000000007
3782,d25_t12_r03_s032,2.35,12,3,75,ising2d_t12_r03_seed25066,25066,down,1320,32,validation,-1.38,0.635,0.635,0.25125000000000003
3783,d25_t12_r03_s033,2.35,12,3,75,ising2d_t12_r03_seed25066,25066,down,1360,33,validation,-1.21,0.46,0.46,0.2365625
3784,d25_t12_r03_s034,2.35,12,3,75,ising2d_t12_r03_seed25066,25066,down,1400,34,validation,-1.39,0.72,0.72,0.23712499999999995
3785,d25_t12_r03_s035,2.35,12,3,75,ising2d_t12_r03_seed25066,25066,down,1440,35,validation,-1.43,0.8,0.8,0.21212499999999995
3786,d25_t12_r03_s036,2.35,12,3,75,ising2d_t12_r03_seed25066,25066,down,1480,36,validation,-1.46,0.795,0.795,0.22181250000000002
3787,d25_t12_r03_s037,2.35,12,3,75,ising2d_t12_r03_seed25066,25066,down,1520,37,validation,-1.37,0.75,0.75,0.1971875
3788,d25_t12_r03_s038,2.35,12,3,75,ising2d_t12_r03_seed25066,25066,down,1560,38,validation,-1.49,0.78,0.78,0.17937500000000003
3789,d25_t12_r03_s039,2.35,12,3,75,ising2d_t12_r03_seed25066,25066,down,1600,39,validation,-1.48,0.765,0.765,0.2154375000000001
3790,d25_t12_r03_s040,2.35,12,3,75,ising2d_t12_r03_seed25066,25066,down,1640,40,validation,-1.6,0.875,0.875,0.16075000000000003
3791,d25_t12_r03_s041,2.35,12,3,75,ising2d_t12_r03_seed25066,25066,down,1680,41,validation,-1.4,0.705,0.705,0.218625
3792,d25_t12_r03_s042,2.35,12,3,75,ising2d_t12_r03_seed25066,25066,down,1720,42,validation,-1.46,0.785,0.785,0.187
3793,d25_t12_r03_s043,2.35,12,3,75,ising2d_t12_r03_seed25066,25066,down,1760,43,validation,-1.51,0.775,0.775,0.15625000000000003
3794,d25_t12_r03_s044,2.35,12,3,75,ising2d_t12_r03_seed25066,25066,down,1800,44,validation,-1.54,0.805,0.805,0.1635
3795,d25_t12_r03_s045,2.35,12,3,75,ising2d_t12_r03_seed25066,25066,down,1840,45,validation,-1.37,0.67,0.67,0.17181249999999998
3796,d25_t12_r03_s046,2.35,12,3,75,ising2d_t12_r03_seed25066,25066,down,1880,46,validation,-1.14,0.415,0.415,0.28043749999999995
3797,d25_t12_r03_s047,2.35,12,3,75,ising2d_t12_r03_seed25066,25066,down,1920,47,validation,-1.22,0.48,0.48,0.2618125
3798,d25_t12_r03_s048,2.35,12,3,75,ising2d_t12_r03_seed25066,25066,down,1960,48,validation,-1.21,0.405,0.405,0.25418749999999996
3799,d25_t12_r03_s049,2.35,12,3,75,ising2d_t12_r03_seed25066,25066,down,2000,49,validation,-1.17,-0.29,0.29,0.3094374999999999
3800,d25_t12_r04_s000,2.35,12,4,76,ising2d_t12_r04_seed25084,25084,up,40,0,test,-1.39,0.745,0.745,0.23718750000000005
3801,d25_t12_r04_s001,2.35,12,4,76,ising2d_t12_r04_seed25084,25084,up,80,1,test,-1.49,0.82,0.82,0.16593750000000002
3802,d25_t12_r04_s002,2.35,12,4,76,ising2d_t12_r04_seed25084,25084,up,120,2,test,-1.13,0.425,0.425,0.2166875
3803,d25_t12_r04_s003,2.35,12,4,76,ising2d_t12_r04_seed25084,25084,up,160,3,test,-1.23,0.64,0.64,0.2463125
3804,d25_t12_r04_s004,2.35,12,4,76,ising2d_t12_r04_seed25084,25084,up,200,4,test,-1.11,0.485,0.485,0.2476875
3805,d25_t12_r04_s005,2.35,12,4,76,ising2d_t12_r04_seed25084,25084,up,240,5,test,-1.46,0.78,0.78,0.22268749999999998
3806,d25_t12_r04_s006,2.35,12,4,76,ising2d_t12_r04_seed25084,25084,up,280,6,test,-1.22,0.61,0.61,0.20987499999999998
3807,d25_t12_r04_s007,2.35,12,4,76,ising2d_t12_r04_seed25084,25084,up,320,7,test,-1.54,0.86,0.86,0.18550000000000003
3808,d25_t12_r04_s008,2.35,12,4,76,ising2d_t12_r04_seed25084,25084,up,360,8,test,-1.44,0.785,0.785,0.2166875
3809,d25_t12_r04_s009,2.35,12,4,76,ising2d_t12_r04_seed25084,25084,up,400,9,test,-1.27,0.485,0.485,0.26000000000000006
3810,d25_t12_r04_s010,2.35,12,4,76,ising2d_t12_r04_seed25084,25084,up,440,10,test,-1.17,0.39,0.39,0.2721875
3811,d25_t12_r04_s011,2.35,12,4,76,ising2d_t12_r04_seed25084,25084,up,480,11,test,-1.21,0.43,0.43,0.30337500000000006
3812,d25_t12_r04_s012,2.35,12,4,76,ising2d_t12_r04_seed25084,25084,up,520,12,test,-1.15,0.45,0.45,0.28900000000000003
3813,d25_t12_r04_s013,2.35,12,4,76,ising2d_t12_r04_seed25084,25084,up,560,13,test,-1.31,0.675,0.675,0.28093749999999995
3814,d25_t12_r04_s014,2.35,12,4,76,ising2d_t12_r04_seed25084,25084,up,600,14,test,-1.3,0.61,0.61,0.22481250000000003
3815,d25_t12_r04_s015,2.35,12,4,76,ising2d_t12_r04_seed25084,25084,up,640,15,test,-1.14,0.29,0.29,0.24425
3816,d25_t12_r04_s016,2.35,12,4,76,ising2d_t12_r04_seed25084,25084,up,680,16,test,-1.55,0.81,0.81,0.23712499999999995
3817,d25_t12_r04_s017,2.35,12,4,76,ising2d_t12_r04_seed25084,25084,up,720,17,test,-1.55,0.785,0.785,0.2130625
3818,d25_t12_r04_s018,2.35,12,4,76,ising2d_t12_r04_seed25084,25084,up,760,18,test,-1.1,0.315,0.315,0.24425000000000002
3819,d25_t12_r04_s019,2.35,12,4,76,ising2d_t12_r04_seed25084,25084,up,800,19,test,-1.29,0.19,0.19,0.30618750000000017
3820,d25_t12_r04_s020,2.35,12,4,76,ising2d_t12_r04_seed25084,25084,up,840,20,test,-1.19,-0.02,0.02,0.25575000000000003
3821,d25_t12_r04_s021,2.35,12,4,76,ising2d_t12_r04_seed25084,25084,up,880,21,test,-1.22,0.245,0.245,0.28943750000000007
3822,d25_t12_r04_s022,2.35,12,4,76,ising2d_t12_r04_seed25084,25084,up,920,22,test,-1.32,0.725,0.725,0.24425000000000002
3823,d25_t12_r04_s023,2.35,12,4,76,ising2d_t12_r04_seed25084,25084,up,960,23,test,-1.35,0.67,0.67,0.22156249999999994
3824,d25_t12_r04_s024,2.35,12,4,76,ising2d_t12_r04_seed25084,25084,up,1000,24,test,-1.42,0.67,0.67,0.21150000000000002
3825,d25_t12_r04_s025,2.35,12,4,76,ising2d_t12_r04_seed25084,25084,up,1040,25,test,-1.24,0.62,0.62,0.20600000000000004
3826,d25_t12_r04_s026,2.35,12,4,76,ising2d_t12_r04_seed25084,25084,up,1080,26,test,-1.27,0.71,0.71,0.19437500000000008
3827,d25_t12_r04_s027,2.35,12,4,76,ising2d_t12_r04_seed25084,25084,up,1120,27,test,-1.38,0.73,0.73,0.22687500000000002
3828,d25_t12_r04_s028,2.35,12,4,76,ising2d_t12_r04_seed25084,25084,up,1160,28,test,-1.07,-0.17,0.17,0.286375
3829,d25_t12_r04_s029,2.35,12,4,76,ising2d_t12_r04_seed25084,25084,up,1200,29,test,-1.43,-0.64,0.64,0.2500000000000001
3830,d25_t12_r04_s030,2.35,12,4,76,ising2d_t12_r04_seed25084,25084,up,1240,30,test,-1.43,-0.8,0.8,0.173375
3831,d25_t12_r04_s031,2.35,12,4,76,ising2d_t12_r04_seed25084,25084,up,1280,31,test,-1.39,-0.51,0.51,0.22212500000000004
3832,d25_t12_r04_s032,2.35,12,4,76,ising2d_t12_r04_seed25084,25084,up,1320,32,test,-1.54,-0.825,0.825,0.2176875000000001
3833,d25_t12_r04_s033,2.35,12,4,76,ising2d_t12_r04_seed25084,25084,up,1360,33,test,-1.33,-0.655,0.655,0.20412500000000003
3834,d25_t12_r04_s034,2.35,12,4,76,ising2d_t12_r04_seed25084,25084,up,1400,34,test,-0.96,-0.11,0.11,0.2748125
3835,d25_t12_r04_s035,2.35,12,4,76,ising2d_t12_r04_seed25084,25084,up,1440,35,test,-1.38,-0.67,0.67,0.25275000000000003
3836,d25_t12_r04_s036,2.35,12,4,76,ising2d_t12_r04_seed25084,25084,up,1480,36,test,-1.18,-0.525,0.525,0.23656249999999995
3837,d25_t12_r04_s037,2.35,12,4,76,ising2d_t12_r04_seed25084,25084,up,1520,37,test,-1.14,-0.28,0.28,0.2720625
3838,d25_t12_r04_s038,2.35,12,4,76,ising2d_t12_r04_seed25084,25084,up,1560,38,test,-1.28,-0.525,0.525,0.2929375
3839,d25_t12_r04_s039,2.35,12,4,76,ising2d_t12_r04_seed25084,25084,up,1600,39,test,-1.39,-0.725,0.725,0.20400000000000001
3840,d25_t12_r04_s040,2.35,12,4,76,ising2d_t12_r04_seed25084,25084,up,1640,40,test,-1.57,-0.83,0.83,0.1544375
3841,d25_t12_r04_s041,2.35,12,4,76,ising2d_t12_r04_seed25084,25084,up,1680,41,test,-1.09,0.22,0.22,0.24475000000000002
3842,d25_t12_r04_s042,2.35,12,4,76,ising2d_t12_r04_seed25084,25084,up,1720,42,test,-1.33,0.525,0.525,0.2764375000000001
3843,d25_t12_r04_s043,2.35,12,4,76,ising2d_t12_r04_seed25084,25084,up,1760,43,test,-1.19,0.585,0.585,0.25625
3844,d25_t12_r04_s044,2.35,12,4,76,ising2d_t12_r04_seed25084,25084,up,1800,44,test,-1.57,0.785,0.785,0.19387500000000002
3845,d25_t12_r04_s045,2.35,12,4,76,ising2d_t12_r04_seed25084,25084,up,1840,45,test,-1.53,0.78,0.78,0.17806250000000004
3846,d25_t12_r04_s046,2.35,12,4,76,ising2d_t12_r04_seed25084,25084,up,1880,46,test,-1.5,0.825,0.825,0.1533125
3847,d25_t12_r04_s047,2.35,12,4,76,ising2d_t12_r04_seed25084,25084,up,1920,47,test,-1.51,0.84,0.84,0.19043749999999998
3848,d25_t12_r04_s048,2.35,12,4,76,ising2d_t12_r04_seed25084,25084,up,1960,48,test,-1.26,0.55,0.55,0.185
3849,d25_t12_r04_s049,2.35,12,4,76,ising2d_t12_r04_seed25084,25084,up,2000,49,test,-1.47,0.71,0.71,0.20350000000000001
3850,d25_t12_r05_s000,2.35,12,5,77,ising2d_t12_r05_seed25102,25102,down,40,0,test,-1.15,-0.035,0.035,0.301
3851,d25_t12_r05_s001,2.35,12,5,77,ising2d_t12_r05_seed25102,25102,down,80,1,test,-1.13,-0.25,0.25,0.2968124999999999
3852,d25_t12_r05_s002,2.35,12,5,77,ising2d_t12_r05_seed25102,25102,down,120,2,test,-1.04,-0.07,0.07,0.28712499999999996
3853,d25_t12_r05_s003,2.35,12,5,77,ising2d_t12_r05_seed25102,25102,down,160,3,test,-1.39,0.785,0.785,0.2604375
3854,d25_t12_r05_s004,2.35,12,5,77,ising2d_t12_r05_seed25102,25102,down,200,4,test,-1.13,0.26,0.26,0.2128125
3855,d25_t12_r05_s005,2.35,12,5,77,ising2d_t12_r05_seed25102,25102,down,240,5,test,-1.27,0.415,0.415,0.2660625000000001
3856,d25_t12_r05_s006,2.35,12,5,77,ising2d_t12_r05_seed25102,25102,down,280,6,test,-1.43,0.7,0.7,0.23518750000000005
3857,d25_t12_r05_s007,2.35,12,5,77,ising2d_t12_r05_seed25102,25102,down,320,7,test,-1.14,0.4,0.4,0.27375000000000005
3858,d25_t12_r05_s008,2.35,12,5,77,ising2d_t12_r05_seed25102,25102,down,360,8,test,-1.36,0.435,0.435,0.2649375
3859,d25_t12_r05_s009,2.35,12,5,77,ising2d_t12_r05_seed25102,25102,down,400,9,test,-1.23,0.555,0.555,0.257375
3860,d25_t12_r05_s010,2.35,12,5,77,ising2d_t12_r05_seed25102,25102,down,440,10,test,-1.62,0.845,0.845,0.22800000000000004
3861,d25_t12_r05_s011,2.35,12,5,77,ising2d_t12_r05_seed25102,25102,down,480,11,test,-1.39,0.595,0.595,0.22349999999999998
3862,d25_t12_r05_s012,2.35,12,5,77,ising2d_t12_r05_seed25102,25102,down,520,12,test,-1.34,0.56,0.56,0.2463125
3863,d25_t12_r05_s013,2.35,12,5,77,ising2d_t12_r05_seed25102,25102,down,560,13,test,-1.33,0.525,0.525,0.2585624999999999
3864,d25_t12_r05_s014,2.35,12,5,77,ising2d_t12_r05_seed25102,25102,down,600,14,test,-1.46,0.775,0.775,0.217375
3865,d25_t12_r05_s015,2.35,12,5,77,ising2d_t12_r05_seed25102,25102,down,640,15,test,-1.45,0.66,0.66,0.18518749999999998
3866,d25_t12_r05_s016,2.35,12,5,77,ising2d_t12_r05_seed25102,25102,down,680,16,test,-1.4,0.675,0.675,0.23668750000000002
3867,d25_t12_r05_s017,2.35,12,5,77,ising2d_t12_r05_seed25102,25102,down,720,17,test,-1.55,0.85,0.85,0.16981249999999995
3868,d25_t12_r05_s018,2.35,12,5,77,ising2d_t12_r05_seed25102,25102,down,760,18,test,-1.07,0.455,0.455,0.21868749999999998
3869,d25_t12_r05_s019,2.35,12,5,77,ising2d_t12_r05_seed25102,25102,down,800,19,test,-1.34,0.445,0.445,0.249875
3870,d25_t12_r05_s020,2.35,12,5,77,ising2d_t12_r05_seed25102,25102,down,840,20,test,-1.34,0.665,0.665,0.2398749999999999
3871,d25_t12_r05_s021,2.35,12,5,77,ising2d_t12_r05_seed25102,25102,down,880,21,test,-1.72,0.915,0.915,0.20224999999999996
3872,d25_t12_r05_s022,2.35,12,5,77,ising2d_t12_r05_seed25102,25102,down,920,22,test,-1.44,0.8,0.8,0.17206250000000003
3873,d25_t12_r05_s023,2.35,12,5,77,ising2d_t12_r05_seed25102,25102,down,960,23,test,-1.43,0.775,0.775,0.2386875
3874,d25_t12_r05_s024,2.35,12,5,77,ising2d_t12_r05_seed25102,25102,down,1000,24,test,-1.45,0.75,0.75,0.2073125
3875,d25_t12_r05_s025,2.35,12,5,77,ising2d_t12_r05_seed25102,25102,down,1040,25,test,-1.34,0.53,0.53,0.21000000000000005
3876,d25_t12_r05_s026,2.35,12,5,77,ising2d_t12_r05_seed25102,25102,down,1080,26,test,-1.18,0.45,0.45,0.268375
3877,d25_t12_r05_s027,2.35,12,5,77,ising2d_t12_r05_seed25102,25102,down,1120,27,test,-1.23,0.4,0.4,0.26374999999999993
3878,d25_t12_r05_s028,2.35,12,5,77,ising2d_t12_r05_seed25102,25102,down,1160,28,test,-1.24,0.54,0.54,0.303125
3879,d25_t12_r05_s029,2.35,12,5,77,ising2d_t12_r05_seed25102,25102,down,1200,29,test,-1.31,0.575,0.575,0.2541875
3880,d25_t12_r05_s030,2.35,12,5,77,ising2d_t12_r05_seed25102,25102,down,1240,30,test,-1.28,0.705,0.705,0.23424999999999999
3881,d25_t12_r05_s031,2.35,12,5,77,ising2d_t12_r05_seed25102,25102,down,1280,31,test,-1.26,0.605,0.605,0.21262499999999998
3882,d25_t12_r05_s032,2.35,12,5,77,ising2d_t12_r05_seed25102,25102,down,1320,32,test,-1.58,0.855,0.855,0.18812500000000001
3883,d25_t12_r05_s033,2.35,12,5,77,ising2d_t12_r05_seed25102,25102,down,1360,33,test,-1.18,0.575,0.575,0.182875
3884,d25_t12_r05_s034,2.35,12,5,77,ising2d_t12_r05_seed25102,25102,down,1400,34,test,-1.32,0.665,0.665,0.22599999999999998
3885,d25_t12_r05_s035,2.35,12,5,77,ising2d_t12_r05_seed25102,25102,down,1440,35,test,-1.1,0.38,0.38,0.2583125
3886,d25_t12_r05_s036,2.35,12,5,77,ising2d_t12_r05_seed25102,25102,down,1480,36,test,-1.18,0.575,0.575,0.2220625
3887,d25_t12_r05_s037,2.35,12,5,77,ising2d_t12_r05_seed25102,25102,down,1520,37,test,-1.69,0.815,0.815,0.20437499999999997
3888,d25_t12_r05_s038,2.35,12,5,77,ising2d_t12_r05_seed25102,25102,down,1560,38,test,-1.1,0.425,0.425,0.22825
3889,d25_t12_r05_s039,2.35,12,5,77,ising2d_t12_r05_seed25102,25102,down,1600,39,test,-1.48,0.73,0.73,0.2520625
3890,d25_t12_r05_s040,2.35,12,5,77,ising2d_t12_r05_seed25102,25102,down,1640,40,test,-1.2,0.615,0.615,0.2058125
3891,d25_t12_r05_s041,2.35,12,5,77,ising2d_t12_r05_seed25102,25102,down,1680,41,test,-1.31,0.635,0.635,0.20475
3892,d25_t12_r05_s042,2.35,12,5,77,ising2d_t12_r05_seed25102,25102,down,1720,42,test,-1.34,0.6,0.6,0.2600625
3893,d25_t12_r05_s043,2.35,12,5,77,ising2d_t12_r05_seed25102,25102,down,1760,43,test,-1.34,0.505,0.505,0.2571875
3894,d25_t12_r05_s044,2.35,12,5,77,ising2d_t12_r05_seed25102,25102,down,1800,44,test,-1.49,0.77,0.77,0.17268750000000005
3895,d25_t12_r05_s045,2.35,12,5,77,ising2d_t12_r05_seed25102,25102,down,1840,45,test,-1.33,0.61,0.61,0.196125
3896,d25_t12_r05_s046,2.35,12,5,77,ising2d_t12_r05_seed25102,25102,down,1880,46,test,-1.21,0.325,0.325,0.28006250000000005
3897,d25_t12_r05_s047,2.35,12,5,77,ising2d_t12_r05_seed25102,25102,down,1920,47,test,-1.53,0.715,0.715,0.26037499999999997
3898,d25_t12_r05_s048,2.35,12,5,77,ising2d_t12_r05_seed25102,25102,down,1960,48,test,-1.71,0.895,0.895,0.17925000000000002
3899,d25_t12_r05_s049,2.35,12,5,77,ising2d_t12_r05_seed25102,25102,down,2000,49,test,-1.17,0.49,0.49,0.2341875
3900,d25_t13_r00_s000,2.4,13,0,78,ising2d_t13_r00_seed25013,25013,up,40,0,train,-1.54,0.84,0.84,0.2296875
3901,d25_t13_r00_s001,2.4,13,0,78,ising2d_t13_r00_seed25013,25013,up,80,1,train,-1.19,0.61,0.61,0.205625
3902,d25_t13_r00_s002,2.4,13,0,78,ising2d_t13_r00_seed25013,25013,up,120,2,train,-1.19,0.155,0.155,0.2905625
3903,d25_t13_r00_s003,2.4,13,0,78,ising2d_t13_r00_seed25013,25013,up,160,3,train,-1.29,-0.38,0.38,0.27731249999999996
3904,d25_t13_r00_s004,2.4,13,0,78,ising2d_t13_r00_seed25013,25013,up,200,4,train,-1.08,-0.43,0.43,0.29300000000000004
3905,d25_t13_r00_s005,2.4,13,0,78,ising2d_t13_r00_seed25013,25013,up,240,5,train,-1.12,-0.53,0.53,0.28300000000000003
3906,d25_t13_r00_s006,2.4,13,0,78,ising2d_t13_r00_seed25013,25013,up,280,6,train,-1.44,-0.66,0.66,0.25575000000000003
3907,d25_t13_r00_s007,2.4,13,0,78,ising2d_t13_r00_seed25013,25013,up,320,7,train,-1.33,-0.335,0.335,0.2513125
3908,d25_t13_r00_s008,2.4,13,0,78,ising2d_t13_r00_seed25013,25013,up,360,8,train,-1.1,-0.27,0.27,0.27718750000000003
3909,d25_t13_r00_s009,2.4,13,0,78,ising2d_t13_r00_seed25013,25013,up,400,9,train,-1.07,-0.385,0.385,0.30118750000000005
3910,d25_t13_r00_s010,2.4,13,0,78,ising2d_t13_r00_seed25013,25013,up,440,10,train,-1.17,-0.56,0.56,0.3029375
3911,d25_t13_r00_s011,2.4,13,0,78,ising2d_t13_r00_seed25013,25013,up,480,11,train,-1.29,-0.7,0.7,0.22537499999999996
3912,d25_t13_r00_s012,2.4,13,0,78,ising2d_t13_r00_seed25013,25013,up,520,12,train,-1.05,-0.19,0.19,0.2225
3913,d25_t13_r00_s013,2.4,13,0,78,ising2d_t13_r00_seed25013,25013,up,560,13,train,-1.21,-0.485,0.485,0.3356874999999999
3914,d25_t13_r00_s014,2.4,13,0,78,ising2d_t13_r00_seed25013,25013,up,600,14,train,-1.23,-0.635,0.635,0.21487499999999998
3915,d25_t13_r00_s015,2.4,13,0,78,ising2d_t13_r00_seed25013,25013,up,640,15,train,-1.35,-0.69,0.69,0.24281250000000004
3916,d25_t13_r00_s016,2.4,13,0,78,ising2d_t13_r00_seed25013,25013,up,680,16,train,-1.13,-0.525,0.525,0.2564375000000001
3917,d25_t13_r00_s017,2.4,13,0,78,ising2d_t13_r00_seed25013,25013,up,720,17,train,-1.26,-0.585,0.585,0.2776250000000001
3918,d25_t13_r00_s018,2.4,13,0,78,ising2d_t13_r00_seed25013,25013,up,760,18,train,-1.59,-0.86,0.86,0.2240625
3919,d25_t13_r00_s019,2.4,13,0,78,ising2d_t13_r00_seed25013,25013,up,800,19,train,-1.33,-0.75,0.75,0.20637500000000003
3920,d25_t13_r00_s020,2.4,13,0,78,ising2d_t13_r00_seed25013,25013,up,840,20,train,-1.36,-0.725,0.725,0.20631250000000004
3921,d25_t13_r00_s021,2.4,13,0,78,ising2d_t13_r00_seed25013,25013,up,880,21,train,-1.34,-0.71,0.71,0.2208125
3922,d25_t13_r00_s022,2.4,13,0,78,ising2d_t13_r00_seed25013,25013,up,920,22,train,-1.5,-0.81,0.81,0.20737499999999995
3923,d25_t13_r00_s023,2.4,13,0,78,ising2d_t13_r00_seed25013,25013,up,960,23,train,-1.33,-0.58,0.58,0.17687499999999998
3924,d25_t13_r00_s024,2.4,13,0,78,ising2d_t13_r00_seed25013,25013,up,1000,24,train,-1.11,-0.01,0.01,0.293
3925,d25_t13_r00_s025,2.4,13,0,78,ising2d_t13_r00_seed25013,25013,up,1040,25,train,-1.23,-0.485,0.485,0.2740625
3926,d25_t13_r00_s026,2.4,13,0,78,ising2d_t13_r00_seed25013,25013,up,1080,26,train,-1.1,-0.37,0.37,0.2783125
3927,d25_t13_r00_s027,2.4,13,0,78,ising2d_t13_r00_seed25013,25013,up,1120,27,train,-1.28,-0.615,0.615,0.27593749999999995
3928,d25_t13_r00_s028,2.4,13,0,78,ising2d_t13_r00_seed25013,25013,up,1160,28,train,-1.21,-0.645,0.645,0.246625
3929,d25_t13_r00_s029,2.4,13,0,78,ising2d_t13_r00_seed25013,25013,up,1200,29,train,-1.35,-0.68,0.68,0.22743750000000001
3930,d25_t13_r00_s030,2.4,13,0,78,ising2d_t13_r00_seed25013,25013,up,1240,30,train,-1.0,-0.18,0.18,0.28962499999999997
3931,d25_t13_r00_s031,2.4,13,0,78,ising2d_t13_r00_seed25013,25013,up,1280,31,train,-1.14,-0.065,0.065,0.29281250000000003
3932,d25_t13_r00_s032,2.4,13,0,78,ising2d_t13_r00_seed25013,25013,up,1320,32,train,-1.43,-0.645,0.645,0.26274999999999993
3933,d25_t13_r00_s033,2.4,13,0,78,ising2d_t13_r00_seed25013,25013,up,1360,33,train,-1.4,-0.645,0.645,0.24200000000000005
3934,d25_t13_r00_s034,2.4,13,0,78,ising2d_t13_r00_seed25013,25013,up,1400,34,train,-1.19,-0.58,0.58,0.2458125
3935,d25_t13_r00_s035,2.4,13,0,78,ising2d_t13_r00_seed25013,25013,up,1440,35,train,-1.25,-0.61,0.61,0.261375
3936,d25_t13_r00_s036,2.4,13,0,78,ising2d_t13_r00_seed25013,25013,up,1480,36,train,-1.35,-0.7,0.7,0.248125
3937,d25_t13_r00_s037,2.4,13,0,78,ising2d_t13_r00_seed25013,25013,up,1520,37,train,-1.51,-0.8,0.8,0.201625
3938,d25_t13_r00_s038,2.4,13,0,78,ising2d_t13_r00_seed25013,25013,up,1560,38,train,-1.44,-0.645,0.645,0.2348125
3939,d25_t13_r00_s039,2.4,13,0,78,ising2d_t13_r00_seed25013,25013,up,1600,39,train,-1.3,-0.66,0.66,0.24368749999999997
3940,d25_t13_r00_s040,2.4,13,0,78,ising2d_t13_r00_seed25013,25013,up,1640,40,train,-1.2,-0.225,0.225,0.26743750000000005
3941,d25_t13_r00_s041,2.4,13,0,78,ising2d_t13_r00_seed25013,25013,up,1680,41,train,-1.1,-0.52,0.52,0.2914374999999999
3942,d25_t13_r00_s042,2.4,13,0,78,ising2d_t13_r00_seed25013,25013,up,1720,42,train,-1.43,-0.715,0.715,0.2368125
3943,d25_t13_r00_s043,2.4,13,0,78,ising2d_t13_r00_seed25013,25013,up,1760,43,train,-1.28,-0.685,0.685,0.19450000000000003
3944,d25_t13_r00_s044,2.4,13,0,78,ising2d_t13_r00_seed25013,25013,up,1800,44,train,-1.28,-0.73,0.73,0.20168749999999996
3945,d25_t13_r00_s045,2.4,13,0,78,ising2d_t13_r00_seed25013,25013,up,1840,45,train,-1.2,-0.525,0.525,0.2653125
3946,d25_t13_r00_s046,2.4,13,0,78,ising2d_t13_r00_seed25013,25013,up,1880,46,train,-1.22,-0.545,0.545,0.2749999999999999
3947,d25_t13_r00_s047,2.4,13,0,78,ising2d_t13_r00_seed25013,25013,up,1920,47,train,-1.1,-0.23,0.23,0.30293749999999997
3948,d25_t13_r00_s048,2.4,13,0,78,ising2d_t13_r00_seed25013,25013,up,1960,48,train,-1.1,0.22,0.22,0.31424999999999986
3949,d25_t13_r00_s049,2.4,13,0,78,ising2d_t13_r00_seed25013,25013,up,2000,49,train,-0.84,0.3,0.3,0.29575000000000007
3950,d25_t13_r01_s000,2.4,13,1,79,ising2d_t13_r01_seed25031,25031,down,40,0,train,-1.33,0.035,0.035,0.28025
3951,d25_t13_r01_s001,2.4,13,1,79,ising2d_t13_r01_seed25031,25031,down,80,1,train,-1.2,0.19,0.19,0.29556249999999995
3952,d25_t13_r01_s002,2.4,13,1,79,ising2d_t13_r01_seed25031,25031,down,120,2,train,-1.28,0.18,0.18,0.29387499999999994
3953,d25_t13_r01_s003,2.4,13,1,79,ising2d_t13_r01_seed25031,25031,down,160,3,train,-0.85,-0.03,0.03,0.328375
3954,d25_t13_r01_s004,2.4,13,1,79,ising2d_t13_r01_seed25031,25031,down,200,4,train,-1.04,0.175,0.175,0.31231250000000005
3955,d25_t13_r01_s005,2.4,13,1,79,ising2d_t13_r01_seed25031,25031,down,240,5,train,-1.38,-0.72,0.72,0.27618750000000003
3956,d25_t13_r01_s006,2.4,13,1,79,ising2d_t13_r01_seed25031,25031,down,280,6,train,-1.58,-0.79,0.79,0.2019999999999999
3957,d25_t13_r01_s007,2.4,13,1,79,ising2d_t13_r01_seed25031,25031,down,320,7,train,-1.08,-0.5,0.5,0.24649999999999994
3958,d25_t13_r01_s008,2.4,13,1,79,ising2d_t13_r01_seed25031,25031,down,360,8,train,-1.32,-0.65,0.65,0.230875
3959,d25_t13_r01_s009,2.4,13,1,79,ising2d_t13_r01_seed25031,25031,down,400,9,train,-1.22,-0.595,0.595,0.24756249999999996
3960,d25_t13_r01_s010,2.4,13,1,79,ising2d_t13_r01_seed25031,25031,down,440,10,train,-1.54,-0.81,0.81,0.2053125
3961,d25_t13_r01_s011,2.4,13,1,79,ising2d_t13_r01_seed25031,25031,down,480,11,train,-1.3,-0.575,0.575,0.20818749999999997
3962,d25_t13_r01_s012,2.4,13,1,79,ising2d_t13_r01_seed25031,25031,down,520,12,train,-1.45,-0.79,0.79,0.2676875
3963,d25_t13_r01_s013,2.4,13,1,79,ising2d_t13_r01_seed25031,25031,down,560,13,train,-1.55,-0.835,0.835,0.1789375
3964,d25_t13_r01_s014,2.4,13,1,79,ising2d_t13_r01_seed25031,25031,down,600,14,train,-1.18,-0.55,0.55,0.23718750000000005
3965,d25_t13_r01_s015,2.4,13,1,79,ising2d_t13_r01_seed25031,25031,down,640,15,train,-1.17,-0.59,0.59,0.24899999999999994
3966,d25_t13_r01_s016,2.4,13,1,79,ising2d_t13_r01_seed25031,25031,down,680,16,train,-1.36,-0.73,0.73,0.21962500000000004
3967,d25_t13_r01_s017,2.4,13,1,79,ising2d_t13_r01_seed25031,25031,down,720,17,train,-1.36,-0.69,0.69,0.201125
3968,d25_t13_r01_s018,2.4,13,1,79,ising2d_t13_r01_seed25031,25031,down,760,18,train,-1.03,-0.235,0.235,0.2854375
3969,d25_t13_r01_s019,2.4,13,1,79,ising2d_t13_r01_seed25031,25031,down,800,19,train,-1.1,-0.26,0.26,0.3055625
3970,d25_t13_r01_s020,2.4,13,1,79,ising2d_t13_r01_seed25031,25031,down,840,20,train,-1.04,-0.375,0.375,0.3235625000000001
3971,d25_t13_r01_s021,2.4,13,1,79,ising2d_t13_r01_seed25031,25031,down,880,21,train,-1.18,-0.51,0.51,0.3231875
3972,d25_t13_r01_s022,2.4,13,1,79,ising2d_t13_r01_seed25031,25031,down,920,22,train,-1.26,-0.54,0.54,0.2713749999999999
3973,d25_t13_r01_s023,2.4,13,1,79,ising2d_t13_r01_seed25031,25031,down,960,23,train,-1.14,-0.535,0.535,0.2568125
3974,d25_t13_r01_s024,2.4,13,1,79,ising2d_t13_r01_seed25031,25031,down,1000,24,train,-1.3,-0.61,0.61,0.2365625
3975,d25_t13_r01_s025,2.4,13,1,79,ising2d_t13_r01_seed25031,25031,down,1040,25,train,-1.36,-0.635,0.635,0.23193750000000005
3976,d25_t13_r01_s026,2.4,13,1,79,ising2d_t13_r01_seed25031,25031,down,1080,26,train,-1.26,-0.495,0.495,0.22287500000000002
3977,d25_t13_r01_s027,2.4,13,1,79,ising2d_t13_r01_seed25031,25031,down,1120,27,train,-1.2,-0.32,0.32,0.2764375
3978,d25_t13_r01_s028,2.4,13,1,79,ising2d_t13_r01_seed25031,25031,down,1160,28,train,-1.18,0.045,0.045,0.2720625
3979,d25_t13_r01_s029,2.4,13,1,79,ising2d_t13_r01_seed25031,25031,down,1200,29,train,-1.29,0.52,0.52,0.2918125
3980,d25_t13_r01_s030,2.4,13,1,79,ising2d_t13_r01_seed25031,25031,down,1240,30,train,-1.26,-0.01,0.01,0.30387499999999995
3981,d25_t13_r01_s031,2.4,13,1,79,ising2d_t13_r01_seed25031,25031,down,1280,31,train,-1.14,0.47,0.47,0.27412500000000006
3982,d25_t13_r01_s032,2.4,13,1,79,ising2d_t13_r01_seed25031,25031,down,1320,32,train,-1.1,0.175,0.175,0.2939375000000001
3983,d25_t13_r01_s033,2.4,13,1,79,ising2d_t13_r01_seed25031,25031,down,1360,33,train,-1.38,0.75,0.75,0.24256249999999996
3984,d25_t13_r01_s034,2.4,13,1,79,ising2d_t13_r01_seed25031,25031,down,1400,34,train,-1.2,0.115,0.115,0.2598125000000001
3985,d25_t13_r01_s035,2.4,13,1,79,ising2d_t13_r01_seed25031,25031,down,1440,35,train,-1.01,-0.37,0.37,0.30481250000000004
3986,d25_t13_r01_s036,2.4,13,1,79,ising2d_t13_r01_seed25031,25031,down,1480,36,train,-1.07,-0.23,0.23,0.31437499999999996
3987,d25_t13_r01_s037,2.4,13,1,79,ising2d_t13_r01_seed25031,25031,down,1520,37,train,-0.99,0.28,0.28,0.31712500000000005
3988,d25_t13_r01_s038,2.4,13,1,79,ising2d_t13_r01_seed25031,25031,down,1560,38,train,-1.31,0.34,0.34,0.27687500000000004
3989,d25_t13_r01_s039,2.4,13,1,79,ising2d_t13_r01_seed25031,25031,down,1600,39,train,-1.19,0.585,0.585,0.27168749999999997
3990,d25_t13_r01_s040,2.4,13,1,79,ising2d_t13_r01_seed25031,25031,down,1640,40,train,-1.22,0.605,0.605,0.26375000000000004
3991,d25_t13_r01_s041,2.4,13,1,79,ising2d_t13_r01_seed25031,25031,down,1680,41,train,-1.31,0.405,0.405,0.26087499999999997
3992,d25_t13_r01_s042,2.4,13,1,79,ising2d_t13_r01_seed25031,25031,down,1720,42,train,-1.22,-0.13,0.13,0.27731249999999996
3993,d25_t13_r01_s043,2.4,13,1,79,ising2d_t13_r01_seed25031,25031,down,1760,43,train,-1.12,0.36,0.36,0.29250000000000004
3994,d25_t13_r01_s044,2.4,13,1,79,ising2d_t13_r01_seed25031,25031,down,1800,44,train,-1.21,0.485,0.485,0.29481250000000003
3995,d25_t13_r01_s045,2.4,13,1,79,ising2d_t13_r01_seed25031,25031,down,1840,45,train,-1.13,0.3,0.3,0.2921875
3996,d25_t13_r01_s046,2.4,13,1,79,ising2d_t13_r01_seed25031,25031,down,1880,46,train,-1.24,0.06,0.06,0.314
3997,d25_t13_r01_s047,2.4,13,1,79,ising2d_t13_r01_seed25031,25031,down,1920,47,train,-1.05,-0.005,0.005,0.2965625
3998,d25_t13_r01_s048,2.4,13,1,79,ising2d_t13_r01_seed25031,25031,down,1960,48,train,-1.3,0.26,0.26,0.3183124999999999
3999,d25_t13_r01_s049,2.4,13,1,79,ising2d_t13_r01_seed25031,25031,down,2000,49,train,-1.08,0.24,0.24,0.29325
4000,d25_t13_r02_s000,2.4,13,2,80,ising2d_t13_r02_seed25049,25049,up,40,0,validation,-1.36,-0.7,0.7,0.19087500000000002
4001,d25_t13_r02_s001,2.4,13,2,80,ising2d_t13_r02_seed25049,25049,up,80,1,validation,-1.2,-0.69,0.69,0.26175
4002,d25_t13_r02_s002,2.4,13,2,80,ising2d_t13_r02_seed25049,25049,up,120,2,validation,-1.27,-0.67,0.67,0.22625000000000006
4003,d25_t13_r02_s003,2.4,13,2,80,ising2d_t13_r02_seed25049,25049,up,160,3,validation,-1.39,-0.6,0.6,0.25799999999999995
4004,d25_t13_r02_s004,2.4,13,2,80,ising2d_t13_r02_seed25049,25049,up,200,4,validation,-1.05,-0.135,0.135,0.27481250000000007
4005,d25_t13_r02_s005,2.4,13,2,80,ising2d_t13_r02_seed25049,25049,up,240,5,validation,-1.23,-0.03,0.03,0.30056250000000007
4006,d25_t13_r02_s006,2.4,13,2,80,ising2d_t13_r02_seed25049,25049,up,280,6,validation,-1.39,0.665,0.665,0.27231250000000007
4007,d25_t13_r02_s007,2.4,13,2,80,ising2d_t13_r02_seed25049,25049,up,320,7,validation,-1.21,0.115,0.115,0.27212499999999995
4008,d25_t13_r02_s008,2.4,13,2,80,ising2d_t13_r02_seed25049,25049,up,360,8,validation,-1.36,0.72,0.72,0.2898124999999999
4009,d25_t13_r02_s009,2.4,13,2,80,ising2d_t13_r02_seed25049,25049,up,400,9,validation,-1.33,0.615,0.615,0.20206250000000003
4010,d25_t13_r02_s010,2.4,13,2,80,ising2d_t13_r02_seed25049,25049,up,440,10,validation,-1.52,0.66,0.66,0.2304375
4011,d25_t13_r02_s011,2.4,13,2,80,ising2d_t13_r02_seed25049,25049,up,480,11,validation,-1.28,0.5,0.5,0.21725
4012,d25_t13_r02_s012,2.4,13,2,80,ising2d_t13_r02_seed25049,25049,up,520,12,validation,-1.48,0.82,0.82,0.22275000000000006
4013,d25_t13_r02_s013,2.4,13,2,80,ising2d_t13_r02_seed25049,25049,up,560,13,validation,-1.36,0.69,0.69,0.22837499999999994
4014,d25_t13_r02_s014,2.4,13,2,80,ising2d_t13_r02_seed25049,25049,up,600,14,validation,-1.2,0.605,0.605,0.29068750000000004
4015,d25_t13_r02_s015,2.4,13,2,80,ising2d_t13_r02_seed25049,25049,up,640,15,validation,-1.29,0.59,0.59,0.2594375
4016,d25_t13_r02_s016,2.4,13,2,80,ising2d_t13_r02_seed25049,25049,up,680,16,validation,-1.24,0.535,0.535,0.3010625000000001
4017,d25_t13_r02_s017,2.4,13,2,80,ising2d_t13_r02_seed25049,25049,up,720,17,validation,-1.09,0.18,0.18,0.3071875
4018,d25_t13_r02_s018,2.4,13,2,80,ising2d_t13_r02_seed25049,25049,up,760,18,validation,-1.17,0.265,0.265,0.3165625
4019,d25_t13_r02_s019,2.4,13,2,80,ising2d_t13_r02_seed25049,25049,up,800,19,validation,-1.28,0.62,0.62,0.25218750000000006
4020,d25_t13_r02_s020,2.4,13,2,80,ising2d_t13_r02_seed25049,25049,up,840,20,validation,-1.15,0.575,0.575,0.23943750000000005
4021,d25_t13_r02_s021,2.4,13,2,80,ising2d_t13_r02_seed25049,25049,up,880,21,validation,-1.11,0.58,0.58,0.24793749999999998
4022,d25_t13_r02_s022,2.4,13,2,80,ising2d_t13_r02_seed25049,25049,up,920,22,validation,-1.28,0.675,0.675,0.26531249999999995
4023,d25_t13_r02_s023,2.4,13,2,80,ising2d_t13_r02_seed25049,25049,up,960,23,validation,-1.22,0.53,0.53,0.24131250000000004
4024,d25_t13_r02_s024,2.4,13,2,80,ising2d_t13_r02_seed25049,25049,up,1000,24,validation,-1.19,0.435,0.435,0.2634374999999999
4025,d25_t13_r02_s025,2.4,13,2,80,ising2d_t13_r02_seed25049,25049,up,1040,25,validation,-1.31,0.245,0.245,0.249875
4026,d25_t13_r02_s026,2.4,13,2,80,ising2d_t13_r02_seed25049,25049,up,1080,26,validation,-0.9,0.245,0.245,0.318625
4027,d25_t13_r02_s027,2.4,13,2,80,ising2d_t13_r02_seed25049,25049,up,1120,27,validation,-1.18,0.41,0.41,0.30981250000000005
4028,d25_t13_r02_s028,2.4,13,2,80,ising2d_t13_r02_seed25049,25049,up,1160,28,validation,-1.29,0.355,0.355,0.2951875
4029,d25_t13_r02_s029,2.4,13,2,80,ising2d_t13_r02_seed25049,25049,up,1200,29,validation,-1.32,0.535,0.535,0.2737499999999999
4030,d25_t13_r02_s030,2.4,13,2,80,ising2d_t13_r02_seed25049,25049,up,1240,30,validation,-1.32,0.695,0.695,0.225875
4031,d25_t13_r02_s031,2.4,13,2,80,ising2d_t13_r02_seed25049,25049,up,1280,31,validation,-1.36,0.715,0.715,0.21675000000000005
4032,d25_t13_r02_s032,2.4,13,2,80,ising2d_t13_r02_seed25049,25049,up,1320,32,validation,-1.25,0.08,0.08,0.2796875
4033,d25_t13_r02_s033,2.4,13,2,80,ising2d_t13_r02_seed25049,25049,up,1360,33,validation,-1.13,0.24,0.24,0.30312500000000003
4034,d25_t13_r02_s034,2.4,13,2,80,ising2d_t13_r02_seed25049,25049,up,1400,34,validation,-1.12,0.385,0.385,0.2706875
4035,d25_t13_r02_s035,2.4,13,2,80,ising2d_t13_r02_seed25049,25049,up,1440,35,validation,-1.11,0.295,0.295,0.29787499999999995
4036,d25_t13_r02_s036,2.4,13,2,80,ising2d_t13_r02_seed25049,25049,up,1480,36,validation,-1.25,-0.605,0.605,0.2943749999999999
4037,d25_t13_r02_s037,2.4,13,2,80,ising2d_t13_r02_seed25049,25049,up,1520,37,validation,-1.34,-0.715,0.715,0.2218749999999999
4038,d25_t13_r02_s038,2.4,13,2,80,ising2d_t13_r02_seed25049,25049,up,1560,38,validation,-1.33,-0.705,0.705,0.18999999999999995
4039,d25_t13_r02_s039,2.4,13,2,80,ising2d_t13_r02_seed25049,25049,up,1600,39,validation,-1.45,-0.805,0.805,0.20237500000000003
4040,d25_t13_r02_s040,2.4,13,2,80,ising2d_t13_r02_seed25049,25049,up,1640,40,validation,-1.28,-0.61,0.61,0.25081250000000005
4041,d25_t13_r02_s041,2.4,13,2,80,ising2d_t13_r02_seed25049,25049,up,1680,41,validation,-1.13,0.42,0.42,0.31925000000000003
4042,d25_t13_r02_s042,2.4,13,2,80,ising2d_t13_r02_seed25049,25049,up,1720,42,validation,-1.39,0.62,0.62,0.222125
4043,d25_t13_r02_s043,2.4,13,2,80,ising2d_t13_r02_seed25049,25049,up,1760,43,validation,-1.22,0.15,0.15,0.2921249999999999
4044,d25_t13_r02_s044,2.4,13,2,80,ising2d_t13_r02_seed25049,25049,up,1800,44,validation,-1.23,0.34,0.34,0.28025
4045,d25_t13_r02_s045,2.4,13,2,80,ising2d_t13_r02_seed25049,25049,up,1840,45,validation,-1.06,0.19,0.19,0.29337499999999994
4046,d25_t13_r02_s046,2.4,13,2,80,ising2d_t13_r02_seed25049,25049,up,1880,46,validation,-1.2,0.095,0.095,0.3153125
4047,d25_t13_r02_s047,2.4,13,2,80,ising2d_t13_r02_seed25049,25049,up,1920,47,validation,-1.14,0.25,0.25,0.3009375
4048,d25_t13_r02_s048,2.4,13,2,80,ising2d_t13_r02_seed25049,25049,up,1960,48,validation,-1.19,0.46,0.46,0.28662499999999985
4049,d25_t13_r02_s049,2.4,13,2,80,ising2d_t13_r02_seed25049,25049,up,2000,49,validation,-1.21,0.65,0.65,0.26999999999999996
4050,d25_t13_r03_s000,2.4,13,3,81,ising2d_t13_r03_seed25067,25067,down,40,0,validation,-1.18,-0.36,0.36,0.2839999999999999
4051,d25_t13_r03_s001,2.4,13,3,81,ising2d_t13_r03_seed25067,25067,down,80,1,validation,-1.26,-0.545,0.545,0.2750625
4052,d25_t13_r03_s002,2.4,13,3,81,ising2d_t13_r03_seed25067,25067,down,120,2,validation,-1.37,-0.74,0.74,0.21393749999999995
4053,d25_t13_r03_s003,2.4,13,3,81,ising2d_t13_r03_seed25067,25067,down,160,3,validation,-1.17,-0.57,0.57,0.22399999999999998
4054,d25_t13_r03_s004,2.4,13,3,81,ising2d_t13_r03_seed25067,25067,down,200,4,validation,-1.32,-0.695,0.695,0.19556249999999994
4055,d25_t13_r03_s005,2.4,13,3,81,ising2d_t13_r03_seed25067,25067,down,240,5,validation,-1.37,-0.76,0.76,0.21931250000000008
4056,d25_t13_r03_s006,2.4,13,3,81,ising2d_t13_r03_seed25067,25067,down,280,6,validation,-1.39,-0.695,0.695,0.24256249999999996
4057,d25_t13_r03_s007,2.4,13,3,81,ising2d_t13_r03_seed25067,25067,down,320,7,validation,-1.33,-0.77,0.77,0.19093750000000004
4058,d25_t13_r03_s008,2.4,13,3,81,ising2d_t13_r03_seed25067,25067,down,360,8,validation,-1.41,-0.74,0.74,0.20875
4059,d25_t13_r03_s009,2.4,13,3,81,ising2d_t13_r03_seed25067,25067,down,400,9,validation,-1.3,-0.595,0.595,0.23406249999999998
4060,d25_t13_r03_s010,2.4,13,3,81,ising2d_t13_r03_seed25067,25067,down,440,10,validation,-1.03,-0.295,0.295,0.2905
4061,d25_t13_r03_s011,2.4,13,3,81,ising2d_t13_r03_seed25067,25067,down,480,11,validation,-1.18,-0.31,0.31,0.3025624999999999
4062,d25_t13_r03_s012,2.4,13,3,81,ising2d_t13_r03_seed25067,25067,down,520,12,validation,-1.06,-0.285,0.285,0.32218750000000007
4063,d25_t13_r03_s013,2.4,13,3,81,ising2d_t13_r03_seed25067,25067,down,560,13,validation,-1.1,-0.255,0.255,0.29749999999999993
4064,d25_t13_r03_s014,2.4,13,3,81,ising2d_t13_r03_seed25067,25067,down,600,14,validation,-1.37,-0.505,0.505,0.29699999999999993
4065,d25_t13_r03_s015,2.4,13,3,81,ising2d_t13_r03_seed25067,25067,down,640,15,validation,-1.23,-0.68,0.68,0.24681249999999996
4066,d25_t13_r03_s016,2.4,13,3,81,ising2d_t13_r03_seed25067,25067,down,680,16,validation,-1.05,-0.42,0.42,0.22675000000000006
4067,d25_t13_r03_s017,2.4,13,3,81,ising2d_t13_r03_seed25067,25067,down,720,17,validation,-1.5,-0.79,0.79,0.27349999999999997
4068,d25_t13_r03_s018,2.4,13,3,81,ising2d_t13_r03_seed25067,25067,down,760,18,validation,-1.41,-0.605,0.605,0.2044375
4069,d25_t13_r03_s019,2.4,13,3,81,ising2d_t13_r03_seed25067,25067,down,800,19,validation,-1.57,-0.825,0.825,0.28450000000000003
4070,d25_t13_r03_s020,2.4,13,3,81,ising2d_t13_r03_seed25067,25067,down,840,20,validation,-1.36,-0.765,0.765,0.19612499999999997
4071,d25_t13_r03_s021,2.4,13,3,81,ising2d_t13_r03_seed25067,25067,down,880,21,validation,-1.47,-0.775,0.775,0.23337499999999994
4072,d25_t13_r03_s022,2.4,13,3,81,ising2d_t13_r03_seed25067,25067,down,920,22,validation,-1.56,-0.845,0.845,0.205625
4073,d25_t13_r03_s023,2.4,13,3,81,ising2d_t13_r03_seed25067,25067,down,960,23,validation,-1.48,-0.805,0.805,0.16762500000000002
4074,d25_t13_r03_s024,2.4,13,3,81,ising2d_t13_r03_seed25067,25067,down,1000,24,validation,-1.26,-0.67,0.67,0.22131249999999997
4075,d25_t13_r03_s025,2.4,13,3,81,ising2d_t13_r03_seed25067,25067,down,1040,25,validation,-1.34,-0.725,0.725,0.2143125
4076,d25_t13_r03_s026,2.4,13,3,81,ising2d_t13_r03_seed25067,25067,down,1080,26,validation,-1.25,-0.575,0.575,0.23275
4077,d25_t13_r03_s027,2.4,13,3,81,ising2d_t13_r03_seed25067,25067,down,1120,27,validation,-1.05,-0.4,0.4,0.23543750000000002
4078,d25_t13_r03_s028,2.4,13,3,81,ising2d_t13_r03_seed25067,25067,down,1160,28,validation,-1.46,-0.84,0.84,0.210625
4079,d25_t13_r03_s029,2.4,13,3,81,ising2d_t13_r03_seed25067,25067,down,1200,29,validation,-0.96,-0.235,0.235,0.2088125
4080,d25_t13_r03_s030,2.4,13,3,81,ising2d_t13_r03_seed25067,25067,down,1240,30,validation,-1.36,-0.475,0.475,0.29037499999999994
4081,d25_t13_r03_s031,2.4,13,3,81,ising2d_t13_r03_seed25067,25067,down,1280,31,validation,-1.4,-0.675,0.675,0.2232500000000001
4082,d25_t13_r03_s032,2.4,13,3,81,ising2d_t13_r03_seed25067,25067,down,1320,32,validation,-1.19,-0.635,0.635,0.257875
4083,d25_t13_r03_s033,2.4,13,3,81,ising2d_t13_r03_seed25067,25067,down,1360,33,validation,-1.53,-0.615,0.615,0.242375
4084,d25_t13_r03_s034,2.4,13,3,81,ising2d_t13_r03_seed25067,25067,down,1400,34,validation,-1.45,-0.425,0.425,0.276625
4085,d25_t13_r03_s035,2.4,13,3,81,ising2d_t13_r03_seed25067,25067,down,1440,35,validation,-1.25,-0.64,0.64,0.2641875000000001
4086,d25_t13_r03_s036,2.4,13,3,81,ising2d_t13_r03_seed25067,25067,down,1480,36,validation,-1.22,-0.155,0.155,0.30868750000000006
4087,d25_t13_r03_s037,2.4,13,3,81,ising2d_t13_r03_seed25067,25067,down,1520,37,validation,-1.14,-0.61,0.61,0.29443749999999996
4088,d25_t13_r03_s038,2.4,13,3,81,ising2d_t13_r03_seed25067,25067,down,1560,38,validation,-1.5,-0.835,0.835,0.23606249999999993
4089,d25_t13_r03_s039,2.4,13,3,81,ising2d_t13_r03_seed25067,25067,down,1600,39,validation,-1.15,-0.485,0.485,0.22275
4090,d25_t13_r03_s040,2.4,13,3,81,ising2d_t13_r03_seed25067,25067,down,1640,40,validation,-1.4,-0.71,0.71,0.23806249999999998
4091,d25_t13_r03_s041,2.4,13,3,81,ising2d_t13_r03_seed25067,25067,down,1680,41,validation,-1.45,-0.735,0.735,0.20181250000000003
4092,d25_t13_r03_s042,2.4,13,3,81,ising2d_t13_r03_seed25067,25067,down,1720,42,validation,-1.21,-0.46,0.46,0.2649375
4093,d25_t13_r03_s043,2.4,13,3,81,ising2d_t13_r03_seed25067,25067,down,1760,43,validation,-1.3,-0.63,0.63,0.27637500000000004
4094,d25_t13_r03_s044,2.4,13,3,81,ising2d_t13_r03_seed25067,25067,down,1800,44,validation,-1.23,-0.175,0.175,0.2725625
4095,d25_t13_r03_s045,2.4,13,3,81,ising2d_t13_r03_seed25067,25067,down,1840,45,validation,-1.21,-0.49,0.49,0.28706250000000005
4096,d25_t13_r03_s046,2.4,13,3,81,ising2d_t13_r03_seed25067,25067,down,1880,46,validation,-1.23,-0.55,0.55,0.2563749999999999
4097,d25_t13_r03_s047,2.4,13,3,81,ising2d_t13_r03_seed25067,25067,down,1920,47,validation,-1.38,-0.75,0.75,0.21012499999999998
4098,d25_t13_r03_s048,2.4,13,3,81,ising2d_t13_r03_seed25067,25067,down,1960,48,validation,-1.22,-0.5,0.5,0.23712500000000003
4099,d25_t13_r03_s049,2.4,13,3,81,ising2d_t13_r03_seed25067,25067,down,2000,49,validation,-1.37,-0.655,0.655,0.25993749999999993
4100,d25_t13_r04_s000,2.4,13,4,82,ising2d_t13_r04_seed25085,25085,up,40,0,test,-1.39,0.145,0.145,0.25906250000000003
4101,d25_t13_r04_s001,2.4,13,4,82,ising2d_t13_r04_seed25085,25085,up,80,1,test,-1.11,-0.005,0.005,0.29225
4102,d25_t13_r04_s002,2.4,13,4,82,ising2d_t13_r04_seed25085,25085,up,120,2,test,-1.13,0.43,0.43,0.32331250000000017
4103,d25_t13_r04_s003,2.4,13,4,82,ising2d_t13_r04_seed25085,25085,up,160,3,test,-1.23,0.535,0.535,0.3054375
4104,d25_t13_r04_s004,2.4,13,4,82,ising2d_t13_r04_seed25085,25085,up,200,4,test,-1.12,0.465,0.465,0.28975
4105,d25_t13_r04_s005,2.4,13,4,82,ising2d_t13_r04_seed25085,25085,up,240,5,test,-1.22,0.43,0.43,0.28031249999999996
4106,d25_t13_r04_s006,2.4,13,4,82,ising2d_t13_r04_seed25085,25085,up,280,6,test,-1.25,0.05,0.05,0.2720000000000001
4107,d25_t13_r04_s007,2.4,13,4,82,ising2d_t13_r04_seed25085,25085,up,320,7,test,-1.01,0.195,0.195,0.29268750000000004
4108,d25_t13_r04_s008,2.4,13,4,82,ising2d_t13_r04_seed25085,25085,up,360,8,test,-1.41,-0.615,0.615,0.2857499999999999
4109,d25_t13_r04_s009,2.4,13,4,82,ising2d_t13_r04_seed25085,25085,up,400,9,test,-1.31,-0.345,0.345,0.26075
4110,d25_t13_r04_s010,2.4,13,4,82,ising2d_t13_r04_seed25085,25085,up,440,10,test,-1.25,-0.54,0.54,0.25618749999999996
4111,d25_t13_r04_s011,2.4,13,4,82,ising2d_t13_r04_seed25085,25085,up,480,11,test,-1.53,-0.785,0.785,0.2548125
4112,d25_t13_r04_s012,2.4,13,4,82,ising2d_t13_r04_seed25085,25085,up,520,12,test,-1.36,-0.725,0.725,0.20737500000000003
4113,d25_t13_r04_s013,2.4,13,4,82,ising2d_t13_r04_seed25085,25085,up,560,13,test,-1.62,-0.84,0.84,0.2220625
4114,d25_t13_r04_s014,2.4,13,4,82,ising2d_t13_r04_seed25085,25085,up,600,14,test,-1.45,-0.705,0.705,0.21518749999999995
4115,d25_t13_r04_s015,2.4,13,4,82,ising2d_t13_r04_seed25085,25085,up,640,15,test,-1.47,-0.79,0.79,0.20768750000000002
4116,d25_t13_r04_s016,2.4,13,4,82,ising2d_t13_r04_seed25085,25085,up,680,16,test,-1.04,-0.625,0.625,0.2188125
4117,d25_t13_r04_s017,2.4,13,4,82,ising2d_t13_r04_seed25085,25085,up,720,17,test,-1.31,-0.505,0.505,0.255
4118,d25_t13_r04_s018,2.4,13,4,82,ising2d_t13_r04_seed25085,25085,up,760,18,test,-1.09,-0.27,0.27,0.2646875
4119,d25_t13_r04_s019,2.4,13,4,82,ising2d_t13_r04_seed25085,25085,up,800,19,test,-1.22,-0.65,0.65,0.26399999999999996
4120,d25_t13_r04_s020,2.4,13,4,82,ising2d_t13_r04_seed25085,25085,up,840,20,test,-1.41,-0.735,0.735,0.21681250000000002
4121,d25_t13_r04_s021,2.4,13,4,82,ising2d_t13_r04_seed25085,25085,up,880,21,test,-1.16,-0.57,0.57,0.26606250000000004
4122,d25_t13_r04_s022,2.4,13,4,82,ising2d_t13_r04_seed25085,25085,up,920,22,test,-1.01,-0.44,0.44,0.27762500000000007
4123,d25_t13_r04_s023,2.4,13,4,82,ising2d_t13_r04_seed25085,25085,up,960,23,test,-1.14,-0.41,0.41,0.32599999999999996
4124,d25_t13_r04_s024,2.4,13,4,82,ising2d_t13_r04_seed25085,25085,up,1000,24,test,-1.24,-0.535,0.535,0.2889375
4125,d25_t13_r04_s025,2.4,13,4,82,ising2d_t13_r04_seed25085,25085,up,1040,25,test,-1.37,-0.595,0.595,0.26962499999999995
4126,d25_t13_r04_s026,2.4,13,4,82,ising2d_t13_r04_seed25085,25085,up,1080,26,test,-1.34,-0.76,0.76,0.27056250000000004
4127,d25_t13_r04_s027,2.4,13,4,82,ising2d_t13_r04_seed25085,25085,up,1120,27,test,-1.04,-0.07,0.07,0.25275
4128,d25_t13_r04_s028,2.4,13,4,82,ising2d_t13_r04_seed25085,25085,up,1160,28,test,-1.21,0.665,0.665,0.2916875
4129,d25_t13_r04_s029,2.4,13,4,82,ising2d_t13_r04_seed25085,25085,up,1200,29,test,-1.29,0.7,0.7,0.21806250000000005
4130,d25_t13_r04_s030,2.4,13,4,82,ising2d_t13_r04_seed25085,25085,up,1240,30,test,-1.48,0.68,0.68,0.20037500000000003
4131,d25_t13_r04_s031,2.4,13,4,82,ising2d_t13_r04_seed25085,25085,up,1280,31,test,-1.32,0.65,0.65,0.2785000000000001
4132,d25_t13_r04_s032,2.4,13,4,82,ising2d_t13_r04_seed25085,25085,up,1320,32,test,-0.97,0.405,0.405,0.26631249999999984
4133,d25_t13_r04_s033,2.4,13,4,82,ising2d_t13_r04_seed25085,25085,up,1360,33,test,-1.45,0.72,0.72,0.25556249999999997
4134,d25_t13_r04_s034,2.4,13,4,82,ising2d_t13_r04_seed25085,25085,up,1400,34,test,-1.4,0.7,0.7,0.24212500000000006
4135,d25_t13_r04_s035,2.4,13,4,82,ising2d_t13_r04_seed25085,25085,up,1440,35,test,-1.27,0.73,0.73,0.18849999999999995
4136,d25_t13_r04_s036,2.4,13,4,82,ising2d_t13_r04_seed25085,25085,up,1480,36,test,-1.34,0.7,0.7,0.205625
4137,d25_t13_r04_s037,2.4,13,4,82,ising2d_t13_r04_seed25085,25085,up,1520,37,test,-1.05,0.045,0.045,0.2725625
4138,d25_t13_r04_s038,2.4,13,4,82,ising2d_t13_r04_seed25085,25085,up,1560,38,test,-1.2,0.245,0.245,0.329375
4139,d25_t13_r04_s039,2.4,13,4,82,ising2d_t13_r04_seed25085,25085,up,1600,39,test,-1.13,0.295,0.295,0.32562499999999994
4140,d25_t13_r04_s040,2.4,13,4,82,ising2d_t13_r04_seed25085,25085,up,1640,40,test,-1.4,0.73,0.73,0.2778125
4141,d25_t13_r04_s041,2.4,13,4,82,ising2d_t13_r04_seed25085,25085,up,1680,41,test,-1.09,0.31,0.31,0.22549999999999995
4142,d25_t13_r04_s042,2.4,13,4,82,ising2d_t13_r04_seed25085,25085,up,1720,42,test,-1.22,0.54,0.54,0.29175
4143,d25_t13_r04_s043,2.4,13,4,82,ising2d_t13_r04_seed25085,25085,up,1760,43,test,-1.31,0.585,0.585,0.29343749999999996
4144,d25_t13_r04_s044,2.4,13,4,82,ising2d_t13_r04_seed25085,25085,up,1800,44,test,-1.45,0.79,0.79,0.22106250000000008
4145,d25_t13_r04_s045,2.4,13,4,82,ising2d_t13_r04_seed25085,25085,up,1840,45,test,-1.25,0.47,0.47,0.26487499999999997
4146,d25_t13_r04_s046,2.4,13,4,82,ising2d_t13_r04_seed25085,25085,up,1880,46,test,-1.36,0.655,0.655,0.2276874999999999
4147,d25_t13_r04_s047,2.4,13,4,82,ising2d_t13_r04_seed25085,25085,up,1920,47,test,-1.34,0.73,0.73,0.2208125
4148,d25_t13_r04_s048,2.4,13,4,82,ising2d_t13_r04_seed25085,25085,up,1960,48,test,-1.35,0.77,0.77,0.22024999999999992
4149,d25_t13_r04_s049,2.4,13,4,82,ising2d_t13_r04_seed25085,25085,up,2000,49,test,-1.08,0.455,0.455,0.2518125
4150,d25_t13_r05_s000,2.4,13,5,83,ising2d_t13_r05_seed25103,25103,down,40,0,test,-1.21,0.405,0.405,0.26812500000000006
4151,d25_t13_r05_s001,2.4,13,5,83,ising2d_t13_r05_seed25103,25103,down,80,1,test,-1.27,0.4,0.4,0.2821875
4152,d25_t13_r05_s002,2.4,13,5,83,ising2d_t13_r05_seed25103,25103,down,120,2,test,-1.11,0.01,0.01,0.31074999999999997
4153,d25_t13_r05_s003,2.4,13,5,83,ising2d_t13_r05_seed25103,25103,down,160,3,test,-1.17,-0.44,0.44,0.291125
4154,d25_t13_r05_s004,2.4,13,5,83,ising2d_t13_r05_seed25103,25103,down,200,4,test,-1.27,-0.6,0.6,0.28012499999999996
4155,d25_t13_r05_s005,2.4,13,5,83,ising2d_t13_r05_seed25103,25103,down,240,5,test,-1.3,-0.63,0.63,0.24787500000000007
4156,d25_t13_r05_s006,2.4,13,5,83,ising2d_t13_r05_seed25103,25103,down,280,6,test,-1.18,-0.06,0.06,0.30462500000000003
4157,d25_t13_r05_s007,2.4,13,5,83,ising2d_t13_r05_seed25103,25103,down,320,7,test,-1.41,-0.75,0.75,0.25175000000000003
4158,d25_t13_r05_s008,2.4,13,5,83,ising2d_t13_r05_seed25103,25103,down,360,8,test,-1.27,-0.62,0.62,0.24699999999999997
4159,d25_t13_r05_s009,2.4,13,5,83,ising2d_t13_r05_seed25103,25103,down,400,9,test,-1.2,-0.18,0.18,0.26575
4160,d25_t13_r05_s010,2.4,13,5,83,ising2d_t13_r05_seed25103,25103,down,440,10,test,-1.13,-0.33,0.33,0.29837500000000006
4161,d25_t13_r05_s011,2.4,13,5,83,ising2d_t13_r05_seed25103,25103,down,480,11,test,-1.45,-0.805,0.805,0.22868749999999993
4162,d25_t13_r05_s012,2.4,13,5,83,ising2d_t13_r05_seed25103,25103,down,520,12,test,-1.31,-0.66,0.66,0.19618750000000001
4163,d25_t13_r05_s013,2.4,13,5,83,ising2d_t13_r05_seed25103,25103,down,560,13,test,-1.19,-0.32,0.32,0.25325000000000003
4164,d25_t13_r05_s014,2.4,13,5,83,ising2d_t13_r05_seed25103,25103,down,600,14,test,-1.12,-0.395,0.395,0.2998125
4165,d25_t13_r05_s015,2.4,13,5,83,ising2d_t13_r05_seed25103,25103,down,640,15,test,-1.17,-0.41,0.41,0.2473125000000001
4166,d25_t13_r05_s016,2.4,13,5,83,ising2d_t13_r05_seed25103,25103,down,680,16,test,-1.0,-0.295,0.295,0.2745625
4167,d25_t13_r05_s017,2.4,13,5,83,ising2d_t13_r05_seed25103,25103,down,720,17,test,-0.94,0.11,0.11,0.2969375
4168,d25_t13_r05_s018,2.4,13,5,83,ising2d_t13_r05_seed25103,25103,down,760,18,test,-0.98,0.335,0.335,0.3168125
4169,d25_t13_r05_s019,2.4,13,5,83,ising2d_t13_r05_seed25103,25103,down,800,19,test,-0.99,-0.205,0.205,0.29237499999999994
4170,d25_t13_r05_s020,2.4,13,5,83,ising2d_t13_r05_seed25103,25103,down,840,20,test,-1.04,-0.005,0.005,0.33299999999999996
4171,d25_t13_r05_s021,2.4,13,5,83,ising2d_t13_r05_seed25103,25103,down,880,21,test,-1.23,0.27,0.27,0.28031249999999996
4172,d25_t13_r05_s022,2.4,13,5,83,ising2d_t13_r05_seed25103,25103,down,920,22,test,-1.19,-0.09,0.09,0.2915
4173,d25_t13_r05_s023,2.4,13,5,83,ising2d_t13_r05_seed25103,25103,down,960,23,test,-1.21,-0.38,0.38,0.30612500000000004
4174,d25_t13_r05_s024,2.4,13,5,83,ising2d_t13_r05_seed25103,25103,down,1000,24,test,-1.14,-0.4,0.4,0.288125
4175,d25_t13_r05_s025,2.4,13,5,83,ising2d_t13_r05_seed25103,25103,down,1040,25,test,-1.11,-0.14,0.14,0.30375
4176,d25_t13_r05_s026,2.4,13,5,83,ising2d_t13_r05_seed25103,25103,down,1080,26,test,-1.33,-0.705,0.705,0.2776875
4177,d25_t13_r05_s027,2.4,13,5,83,ising2d_t13_r05_seed25103,25103,down,1120,27,test,-1.24,-0.62,0.62,0.2046875
4178,d25_t13_r05_s028,2.4,13,5,83,ising2d_t13_r05_seed25103,25103,down,1160,28,test,-1.13,-0.47,0.47,0.24412499999999998
4179,d25_t13_r05_s029,2.4,13,5,83,ising2d_t13_r05_seed25103,25103,down,1200,29,test,-1.46,-0.79,0.79,0.24174999999999996
4180,d25_t13_r05_s030,2.4,13,5,83,ising2d_t13_r05_seed25103,25103,down,1240,30,test,-1.27,-0.635,0.635,0.2069375
4181,d25_t13_r05_s031,2.4,13,5,83,ising2d_t13_r05_seed25103,25103,down,1280,31,test,-1.31,-0.515,0.515,0.24924999999999997
4182,d25_t13_r05_s032,2.4,13,5,83,ising2d_t13_r05_seed25103,25103,down,1320,32,test,-1.27,-0.635,0.635,0.21725
4183,d25_t13_r05_s033,2.4,13,5,83,ising2d_t13_r05_seed25103,25103,down,1360,33,test,-1.36,-0.7,0.7,0.2223125
4184,d25_t13_r05_s034,2.4,13,5,83,ising2d_t13_r05_seed25103,25103,down,1400,34,test,-1.12,-0.485,0.485,0.2246875
4185,d25_t13_r05_s035,2.4,13,5,83,ising2d_t13_r05_seed25103,25103,down,1440,35,test,-1.12,-0.19,0.19,0.3095625
4186,d25_t13_r05_s036,2.4,13,5,83,ising2d_t13_r05_seed25103,25103,down,1480,36,test,-1.15,-0.36,0.36,0.301875
4187,d25_t13_r05_s037,2.4,13,5,83,ising2d_t13_r05_seed25103,25103,down,1520,37,test,-1.22,-0.465,0.465,0.26968749999999997
4188,d25_t13_r05_s038,2.4,13,5,83,ising2d_t13_r05_seed25103,25103,down,1560,38,test,-1.33,-0.59,0.59,0.2694375
4189,d25_t13_r05_s039,2.4,13,5,83,ising2d_t13_r05_seed25103,25103,down,1600,39,test,-1.4,-0.73,0.73,0.2314999999999999
4190,d25_t13_r05_s040,2.4,13,5,83,ising2d_t13_r05_seed25103,25103,down,1640,40,test,-1.22,-0.565,0.565,0.26768749999999997
4191,d25_t13_r05_s041,2.4,13,5,83,ising2d_t13_r05_seed25103,25103,down,1680,41,test,-1.17,-0.585,0.585,0.29524999999999996
4192,d25_t13_r05_s042,2.4,13,5,83,ising2d_t13_r05_seed25103,25103,down,1720,42,test,-1.38,-0.69,0.69,0.2243125
4193,d25_t13_r05_s043,2.4,13,5,83,ising2d_t13_r05_seed25103,25103,down,1760,43,test,-1.24,-0.6,0.6,0.23875000000000002
4194,d25_t13_r05_s044,2.4,13,5,83,ising2d_t13_r05_seed25103,25103,down,1800,44,test,-1.43,-0.66,0.66,0.22625
4195,d25_t13_r05_s045,2.4,13,5,83,ising2d_t13_r05_seed25103,25103,down,1840,45,test,-1.33,-0.53,0.53,0.278875
4196,d25_t13_r05_s046,2.4,13,5,83,ising2d_t13_r05_seed25103,25103,down,1880,46,test,-1.31,-0.465,0.465,0.2665625
4197,d25_t13_r05_s047,2.4,13,5,83,ising2d_t13_r05_seed25103,25103,down,1920,47,test,-1.22,-0.49,0.49,0.3073125
4198,d25_t13_r05_s048,2.4,13,5,83,ising2d_t13_r05_seed25103,25103,down,1960,48,test,-1.26,-0.62,0.62,0.25
4199,d25_t13_r05_s049,2.4,13,5,83,ising2d_t13_r05_seed25103,25103,down,2000,49,test,-1.2,-0.335,0.335,0.25181250000000005
4200,d25_t14_r00_s000,2.5,14,0,84,ising2d_t14_r00_seed25014,25014,up,40,0,train,-1.44,0.77,0.77,0.25162499999999993
4201,d25_t14_r00_s001,2.5,14,0,84,ising2d_t14_r00_seed25014,25014,up,80,1,train,-1.31,0.61,0.61,0.26700000000000007
4202,d25_t14_r00_s002,2.5,14,0,84,ising2d_t14_r00_seed25014,25014,up,120,2,train,-1.08,0.5,0.5,0.3195
4203,d25_t14_r00_s003,2.5,14,0,84,ising2d_t14_r00_seed25014,25014,up,160,3,train,-1.35,0.72,0.72,0.255375
4204,d25_t14_r00_s004,2.5,14,0,84,ising2d_t14_r00_seed25014,25014,up,200,4,train,-1.31,0.635,0.635,0.2970625
4205,d25_t14_r00_s005,2.5,14,0,84,ising2d_t14_r00_seed25014,25014,up,240,5,train,-1.38,0.66,0.66,0.2901875000000001
4206,d25_t14_r00_s006,2.5,14,0,84,ising2d_t14_r00_seed25014,25014,up,280,6,train,-1.12,0.425,0.425,0.2846875
4207,d25_t14_r00_s007,2.5,14,0,84,ising2d_t14_r00_seed25014,25014,up,320,7,train,-1.17,-0.09,0.09,0.3615625
4208,d25_t14_r00_s008,2.5,14,0,84,ising2d_t14_r00_seed25014,25014,up,360,8,train,-1.07,0.205,0.205,0.3195624999999999
4209,d25_t14_r00_s009,2.5,14,0,84,ising2d_t14_r00_seed25014,25014,up,400,9,train,-1.3,0.215,0.215,0.2965
4210,d25_t14_r00_s010,2.5,14,0,84,ising2d_t14_r00_seed25014,25014,up,440,10,train,-1.21,0.5,0.5,0.3016874999999999
4211,d25_t14_r00_s011,2.5,14,0,84,ising2d_t14_r00_seed25014,25014,up,480,11,train,-0.92,0.14,0.14,0.30200000000000005
4212,d25_t14_r00_s012,2.5,14,0,84,ising2d_t14_r00_seed25014,25014,up,520,12,train,-0.98,-0.05,0.05,0.33162499999999995
4213,d25_t14_r00_s013,2.5,14,0,84,ising2d_t14_r00_seed25014,25014,up,560,13,train,-1.19,0.17,0.17,0.32562500000000005
4214,d25_t14_r00_s014,2.5,14,0,84,ising2d_t14_r00_seed25014,25014,up,600,14,train,-1.24,0.555,0.555,0.3279374999999999
4215,d25_t14_r00_s015,2.5,14,0,84,ising2d_t14_r00_seed25014,25014,up,640,15,train,-1.19,0.565,0.565,0.315875
4216,d25_t14_r00_s016,2.5,14,0,84,ising2d_t14_r00_seed25014,25014,up,680,16,train,-1.16,0.175,0.175,0.2955
4217,d25_t14_r00_s017,2.5,14,0,84,ising2d_t14_r00_seed25014,25014,up,720,17,train,-1.02,-0.26,0.26,0.3285625
4218,d25_t14_r00_s018,2.5,14,0,84,ising2d_t14_r00_seed25014,25014,up,760,18,train,-1.07,-0.63,0.63,0.31562499999999993
4219,d25_t14_r00_s019,2.5,14,0,84,ising2d_t14_r00_seed25014,25014,up,800,19,train,-1.09,-0.47,0.47,0.2727500000000001
4220,d25_t14_r00_s020,2.5,14,0,84,ising2d_t14_r00_seed25014,25014,up,840,20,train,-1.24,-0.08,0.08,0.32775000000000004
4221,d25_t14_r00_s021,2.5,14,0,84,ising2d_t14_r00_seed25014,25014,up,880,21,train,-1.13,0.105,0.105,0.33968750000000003
4222,d25_t14_r00_s022,2.5,14,0,84,ising2d_t14_r00_seed25014,25014,up,920,22,train,-1.05,-0.035,0.035,0.34725000000000006
4223,d25_t14_r00_s023,2.5,14,0,84,ising2d_t14_r00_seed25014,25014,up,960,23,train,-1.22,-0.48,0.48,0.30093749999999997
4224,d25_t14_r00_s024,2.5,14,0,84,ising2d_t14_r00_seed25014,25014,up,1000,24,train,-1.28,-0.645,0.645,0.2770624999999999
4225,d25_t14_r00_s025,2.5,14,0,84,ising2d_t14_r00_seed25014,25014,up,1040,25,train,-1.16,-0.255,0.255,0.3203750000000001
4226,d25_t14_r00_s026,2.5,14,0,84,ising2d_t14_r00_seed25014,25014,up,1080,26,train,-1.07,-0.325,0.325,0.32825
4227,d25_t14_r00_s027,2.5,14,0,84,ising2d_t14_r00_seed25014,25014,up,1120,27,train,-1.03,0.125,0.125,0.34737500000000004
4228,d25_t14_r00_s028,2.5,14,0,84,ising2d_t14_r00_seed25014,25014,up,1160,28,train,-1.1,0.05,0.05,0.34581249999999997
4229,d25_t14_r00_s029,2.5,14,0,84,ising2d_t14_r00_seed25014,25014,up,1200,29,train,-1.13,0.26,0.26,0.35837499999999994
4230,d25_t14_r00_s030,2.5,14,0,84,ising2d_t14_r00_seed25014,25014,up,1240,30,train,-1.14,-0.12,0.12,0.326875
4231,d25_t14_r00_s031,2.5,14,0,84,ising2d_t14_r00_seed25014,25014,up,1280,31,train,-1.15,-0.055,0.055,0.33318749999999997
4232,d25_t14_r00_s032,2.5,14,0,84,ising2d_t14_r00_seed25014,25014,up,1320,32,train,-1.09,0.075,0.075,0.32125000000000004
4233,d25_t14_r00_s033,2.5,14,0,84,ising2d_t14_r00_seed25014,25014,up,1360,33,train,-1.26,0.555,0.555,0.2936249999999999
4234,d25_t14_r00_s034,2.5,14,0,84,ising2d_t14_r00_seed25014,25014,up,1400,34,train,-1.2,0.55,0.55,0.2736875000000001
4235,d25_t14_r00_s035,2.5,14,0,84,ising2d_t14_r00_seed25014,25014,up,1440,35,train,-1.01,0.25,0.25,0.2905000000000001
4236,d25_t14_r00_s036,2.5,14,0,84,ising2d_t14_r00_seed25014,25014,up,1480,36,train,-0.98,0.32,0.32,0.3241250000000001
4237,d25_t14_r00_s037,2.5,14,0,84,ising2d_t14_r00_seed25014,25014,up,1520,37,train,-1.19,0.625,0.625,0.27056250000000004
4238,d25_t14_r00_s038,2.5,14,0,84,ising2d_t14_r00_seed25014,25014,up,1560,38,train,-1.27,0.675,0.675,0.224625
4239,d25_t14_r00_s039,2.5,14,0,84,ising2d_t14_r00_seed25014,25014,up,1600,39,train,-1.24,0.7,0.7,0.24168749999999997
4240,d25_t14_r00_s040,2.5,14,0,84,ising2d_t14_r00_seed25014,25014,up,1640,40,train,-1.26,0.605,0.605,0.27943750000000006
4241,d25_t14_r00_s041,2.5,14,0,84,ising2d_t14_r00_seed25014,25014,up,1680,41,train,-1.23,0.295,0.295,0.315125
4242,d25_t14_r00_s042,2.5,14,0,84,ising2d_t14_r00_seed25014,25014,up,1720,42,train,-1.04,0.22,0.22,0.3381875
4243,d25_t14_r00_s043,2.5,14,0,84,ising2d_t14_r00_seed25014,25014,up,1760,43,train,-1.21,-0.01,0.01,0.33037500000000003
4244,d25_t14_r00_s044,2.5,14,0,84,ising2d_t14_r00_seed25014,25014,up,1800,44,train,-0.92,0.065,0.065,0.33656250000000015
4245,d25_t14_r00_s045,2.5,14,0,84,ising2d_t14_r00_seed25014,25014,up,1840,45,train,-1.09,0.07,0.07,0.3609375
4246,d25_t14_r00_s046,2.5,14,0,84,ising2d_t14_r00_seed25014,25014,up,1880,46,train,-1.13,0.295,0.295,0.3395625
4247,d25_t14_r00_s047,2.5,14,0,84,ising2d_t14_r00_seed25014,25014,up,1920,47,train,-1.2,0.51,0.51,0.3006875
4248,d25_t14_r00_s048,2.5,14,0,84,ising2d_t14_r00_seed25014,25014,up,1960,48,train,-1.08,0.13,0.13,0.32587499999999986
4249,d25_t14_r00_s049,2.5,14,0,84,ising2d_t14_r00_seed25014,25014,up,2000,49,train,-1.16,0.435,0.435,0.3423124999999999
4250,d25_t14_r01_s000,2.5,14,1,85,ising2d_t14_r01_seed25032,25032,down,40,0,train,-1.1,0.175,0.175,0.3109375
4251,d25_t14_r01_s001,2.5,14,1,85,ising2d_t14_r01_seed25032,25032,down,80,1,train,-1.17,0.03,0.03,0.3343124999999999
4252,d25_t14_r01_s002,2.5,14,1,85,ising2d_t14_r01_seed25032,25032,down,120,2,train,-1.14,0.21,0.21,0.31199999999999994
4253,d25_t14_r01_s003,2.5,14,1,85,ising2d_t14_r01_seed25032,25032,down,160,3,train,-1.12,0.05,0.05,0.31975
4254,d25_t14_r01_s004,2.5,14,1,85,ising2d_t14_r01_seed25032,25032,down,200,4,train,-0.96,0.1,0.1,0.34625
4255,d25_t14_r01_s005,2.5,14,1,85,ising2d_t14_r01_seed25032,25032,down,240,5,train,-0.83,-0.035,0.035,0.3399375
4256,d25_t14_r01_s006,2.5,14,1,85,ising2d_t14_r01_seed25032,25032,down,280,6,train,-0.94,0.01,0.01,0.36131250000000004
4257,d25_t14_r01_s007,2.5,14,1,85,ising2d_t14_r01_seed25032,25032,down,320,7,train,-1.05,-0.195,0.195,0.31831250000000005
4258,d25_t14_r01_s008,2.5,14,1,85,ising2d_t14_r01_seed25032,25032,down,360,8,train,-1.08,-0.245,0.245,0.32625000000000004
4259,d25_t14_r01_s009,2.5,14,1,85,ising2d_t14_r01_seed25032,25032,down,400,9,train,-1.07,-0.395,0.395,0.30874999999999997
4260,d25_t14_r01_s010,2.5,14,1,85,ising2d_t14_r01_seed25032,25032,down,440,10,train,-1.06,0.16,0.16,0.3418125000000001
4261,d25_t14_r01_s011,2.5,14,1,85,ising2d_t14_r01_seed25032,25032,down,480,11,train,-1.16,-0.415,0.415,0.34706249999999994
4262,d25_t14_r01_s012,2.5,14,1,85,ising2d_t14_r01_seed25032,25032,down,520,12,train,-1.04,0.205,0.205,0.3333750000000001
4263,d25_t14_r01_s013,2.5,14,1,85,ising2d_t14_r01_seed25032,25032,down,560,13,train,-1.04,0.27,0.27,0.3313125
4264,d25_t14_r01_s014,2.5,14,1,85,ising2d_t14_r01_seed25032,25032,down,600,14,train,-1.11,0.28,0.28,0.3165
4265,d25_t14_r01_s015,2.5,14,1,85,ising2d_t14_r01_seed25032,25032,down,640,15,train,-1.28,0.495,0.495,0.3269375
4266,d25_t14_r01_s016,2.5,14,1,85,ising2d_t14_r01_seed25032,25032,down,680,16,train,-1.1,0.2,0.2,0.30831250000000004
4267,d25_t14_r01_s017,2.5,14,1,85,ising2d_t14_r01_seed25032,25032,down,720,17,train,-1.0,-0.355,0.355,0.3313125
4268,d25_t14_r01_s018,2.5,14,1,85,ising2d_t14_r01_seed25032,25032,down,760,18,train,-1.05,-0.415,0.415,0.34587500000000004
4269,d25_t14_r01_s019,2.5,14,1,85,ising2d_t14_r01_seed25032,25032,down,800,19,train,-1.22,-0.5,0.5,0.29568749999999994
4270,d25_t14_r01_s020,2.5,14,1,85,ising2d_t14_r01_seed25032,25032,down,840,20,train,-1.1,0.09,0.09,0.3680000000000001
4271,d25_t14_r01_s021,2.5,14,1,85,ising2d_t14_r01_seed25032,25032,down,880,21,train,-1.13,0.18,0.18,0.34199999999999997
4272,d25_t14_r01_s022,2.5,14,1,85,ising2d_t14_r01_seed25032,25032,down,920,22,train,-1.15,0.275,0.275,0.3351875
4273,d25_t14_r01_s023,2.5,14,1,85,ising2d_t14_r01_seed25032,25032,down,960,23,train,-1.16,0.635,0.635,0.3280000000000001
4274,d25_t14_r01_s024,2.5,14,1,85,ising2d_t14_r01_seed25032,25032,down,1000,24,train,-1.03,0.42,0.42,0.30081250000000004
4275,d25_t14_r01_s025,2.5,14,1,85,ising2d_t14_r01_seed25032,25032,down,1040,25,train,-1.02,0.375,0.375,0.29881250000000004
4276,d25_t14_r01_s026,2.5,14,1,85,ising2d_t14_r01_seed25032,25032,down,1080,26,train,-1.16,0.655,0.655,0.30525
4277,d25_t14_r01_s027,2.5,14,1,85,ising2d_t14_r01_seed25032,25032,down,1120,27,train,-1.09,0.455,0.455,0.30499999999999994
4278,d25_t14_r01_s028,2.5,14,1,85,ising2d_t14_r01_seed25032,25032,down,1160,28,train,-1.14,0.495,0.495,0.30462499999999987
4279,d25_t14_r01_s029,2.5,14,1,85,ising2d_t14_r01_seed25032,25032,down,1200,29,train,-1.11,0.05,0.05,0.3353125
4280,d25_t14_r01_s030,2.5,14,1,85,ising2d_t14_r01_seed25032,25032,down,1240,30,train,-1.11,0.16,0.16,0.35300000000000004
4281,d25_t14_r01_s031,2.5,14,1,85,ising2d_t14_r01_seed25032,25032,down,1280,31,train,-0.99,-0.33,0.33,0.3496250000000001
4282,d25_t14_r01_s032,2.5,14,1,85,ising2d_t14_r01_seed25032,25032,down,1320,32,train,-1.09,-0.485,0.485,0.3165625
4283,d25_t14_r01_s033,2.5,14,1,85,ising2d_t14_r01_seed25032,25032,down,1360,33,train,-1.19,-0.6,0.6,0.3106875
4284,d25_t14_r01_s034,2.5,14,1,85,ising2d_t14_r01_seed25032,25032,down,1400,34,train,-1.33,-0.66,0.66,0.2634999999999999
4285,d25_t14_r01_s035,2.5,14,1,85,ising2d_t14_r01_seed25032,25032,down,1440,35,train,-1.13,-0.53,0.53,0.2809999999999999
4286,d25_t14_r01_s036,2.5,14,1,85,ising2d_t14_r01_seed25032,25032,down,1480,36,train,-1.49,-0.71,0.71,0.26112500000000005
4287,d25_t14_r01_s037,2.5,14,1,85,ising2d_t14_r01_seed25032,25032,down,1520,37,train,-0.98,-0.27,0.27,0.29900000000000004
4288,d25_t14_r01_s038,2.5,14,1,85,ising2d_t14_r01_seed25032,25032,down,1560,38,train,-1.07,0.15,0.15,0.34625000000000006
4289,d25_t14_r01_s039,2.5,14,1,85,ising2d_t14_r01_seed25032,25032,down,1600,39,train,-1.03,-0.015,0.015,0.36456249999999996
4290,d25_t14_r01_s040,2.5,14,1,85,ising2d_t14_r01_seed25032,25032,down,1640,40,train,-1.16,0.045,0.045,0.32062499999999994
4291,d25_t14_r01_s041,2.5,14,1,85,ising2d_t14_r01_seed25032,25032,down,1680,41,train,-0.94,-0.05,0.05,0.34843750000000007
4292,d25_t14_r01_s042,2.5,14,1,85,ising2d_t14_r01_seed25032,25032,down,1720,42,train,-1.03,0.23,0.23,0.333125
4293,d25_t14_r01_s043,2.5,14,1,85,ising2d_t14_r01_seed25032,25032,down,1760,43,train,-0.96,0.35,0.35,0.3185
4294,d25_t14_r01_s044,2.5,14,1,85,ising2d_t14_r01_seed25032,25032,down,1800,44,train,-0.97,0.475,0.475,0.31693750000000004
4295,d25_t14_r01_s045,2.5,14,1,85,ising2d_t14_r01_seed25032,25032,down,1840,45,train,-1.12,0.405,0.405,0.294375
4296,d25_t14_r01_s046,2.5,14,1,85,ising2d_t14_r01_seed25032,25032,down,1880,46,train,-0.94,-0.205,0.205,0.33262500000000006
4297,d25_t14_r01_s047,2.5,14,1,85,ising2d_t14_r01_seed25032,25032,down,1920,47,train,-0.87,-0.235,0.235,0.31525000000000003
4298,d25_t14_r01_s048,2.5,14,1,85,ising2d_t14_r01_seed25032,25032,down,1960,48,train,-1.35,-0.665,0.665,0.30000000000000016
4299,d25_t14_r01_s049,2.5,14,1,85,ising2d_t14_r01_seed25032,25032,down,2000,49,train,-1.01,-0.345,0.345,0.29337500000000005
4300,d25_t14_r02_s000,2.5,14,2,86,ising2d_t14_r02_seed25050,25050,up,40,0,validation,-1.08,-0.2,0.2,0.30262500000000003
4301,d25_t14_r02_s001,2.5,14,2,86,ising2d_t14_r02_seed25050,25050,up,80,1,validation,-1.05,0.1,0.1,0.34950000000000003
4302,d25_t14_r02_s002,2.5,14,2,86,ising2d_t14_r02_seed25050,25050,up,120,2,validation,-1.02,0.095,0.095,0.33206250000000004
4303,d25_t14_r02_s003,2.5,14,2,86,ising2d_t14_r02_seed25050,25050,up,160,3,validation,-1.09,0.29,0.29,0.35331250000000003
4304,d25_t14_r02_s004,2.5,14,2,86,ising2d_t14_r02_seed25050,25050,up,200,4,validation,-1.1,0.205,0.205,0.32881250000000006
4305,d25_t14_r02_s005,2.5,14,2,86,ising2d_t14_r02_seed25050,25050,up,240,5,validation,-0.92,-0.08,0.08,0.3323124999999999
4306,d25_t14_r02_s006,2.5,14,2,86,ising2d_t14_r02_seed25050,25050,up,280,6,validation,-0.96,0.0,0.0,0.3485000000000001
4307,d25_t14_r02_s007,2.5,14,2,86,ising2d_t14_r02_seed25050,25050,up,320,7,validation,-1.05,0.045,0.045,0.3250625
4308,d25_t14_r02_s008,2.5,14,2,86,ising2d_t14_r02_seed25050,25050,up,360,8,validation,-0.88,-0.31,0.31,0.3313125
4309,d25_t14_r02_s009,2.5,14,2,86,ising2d_t14_r02_seed25050,25050,up,400,9,validation,-1.13,-0.035,0.035,0.3390625
4310,d25_t14_r02_s010,2.5,14,2,86,ising2d_t14_r02_seed25050,25050,up,440,10,validation,-1.09,0.02,0.02,0.3339375
4311,d25_t14_r02_s011,2.5,14,2,86,ising2d_t14_r02_seed25050,25050,up,480,11,validation,-1.11,0.25,0.25,0.3435000000000001
4312,d25_t14_r02_s012,2.5,14,2,86,ising2d_t14_r02_seed25050,25050,up,520,12,validation,-1.07,0.27,0.27,0.31399999999999995
4313,d25_t14_r02_s013,2.5,14,2,86,ising2d_t14_r02_seed25050,25050,up,560,13,validation,-1.03,-0.065,0.065,0.34368750000000003
4314,d25_t14_r02_s014,2.5,14,2,86,ising2d_t14_r02_seed25050,25050,up,600,14,validation,-1.1,0.02,0.02,0.3585625
4315,d25_t14_r02_s015,2.5,14,2,86,ising2d_t14_r02_seed25050,25050,up,640,15,validation,-0.94,0.2,0.2,0.3685
4316,d25_t14_r02_s016,2.5,14,2,86,ising2d_t14_r02_seed25050,25050,up,680,16,validation,-1.13,0.595,0.595,0.34506249999999994
4317,d25_t14_r02_s017,2.5,14,2,86,ising2d_t14_r02_seed25050,25050,up,720,17,validation,-1.31,0.46,0.46,0.32893750000000005
4318,d25_t14_r02_s018,2.5,14,2,86,ising2d_t14_r02_seed25050,25050,up,760,18,validation,-1.08,-0.015,0.015,0.3373125000000001
4319,d25_t14_r02_s019,2.5,14,2,86,ising2d_t14_r02_seed25050,25050,up,800,19,validation,-1.21,-0.45,0.45,0.3360625
4320,d25_t14_r02_s020,2.5,14,2,86,ising2d_t14_r02_seed25050,25050,up,840,20,validation,-0.85,-0.015,0.015,0.3226874999999999
4321,d25_t14_r02_s021,2.5,14,2,86,ising2d_t14_r02_seed25050,25050,up,880,21,validation,-1.17,-0.175,0.175,0.323875
4322,d25_t14_r02_s022,2.5,14,2,86,ising2d_t14_r02_seed25050,25050,up,920,22,validation,-1.03,-0.265,0.265,0.3207500000000001
4323,d25_t14_r02_s023,2.5,14,2,86,ising2d_t14_r02_seed25050,25050,up,960,23,validation,-1.46,-0.775,0.775,0.3038749999999999
4324,d25_t14_r02_s024,2.5,14,2,86,ising2d_t14_r02_seed25050,25050,up,1000,24,validation,-1.55,-0.84,0.84,0.2943125
4325,d25_t14_r02_s025,2.5,14,2,86,ising2d_t14_r02_seed25050,25050,up,1040,25,validation,-1.18,-0.59,0.59,0.25999999999999995
4326,d25_t14_r02_s026,2.5,14,2,86,ising2d_t14_r02_seed25050,25050,up,1080,26,validation,-1.23,-0.52,0.52,0.2876249999999999
4327,d25_t14_r02_s027,2.5,14,2,86,ising2d_t14_r02_seed25050,25050,up,1120,27,validation,-1.04,0.13,0.13,0.31462500000000004
4328,d25_t14_r02_s028,2.5,14,2,86,ising2d_t14_r02_seed25050,25050,up,1160,28,validation,-1.5,-0.67,0.67,0.3323750000000001
4329,d25_t14_r02_s029,2.5,14,2,86,ising2d_t14_r02_seed25050,25050,up,1200,29,validation,-1.06,0.205,0.205,0.29631250000000003
4330,d25_t14_r02_s030,2.5,14,2,86,ising2d_t14_r02_seed25050,25050,up,1240,30,validation,-1.16,-0.03,0.03,0.35906249999999995
4331,d25_t14_r02_s031,2.5,14,2,86,ising2d_t14_r02_seed25050,25050,up,1280,31,validation,-1.18,-0.31,0.31,0.310375
4332,d25_t14_r02_s032,2.5,14,2,86,ising2d_t14_r02_seed25050,25050,up,1320,32,validation,-1.27,0.295,0.295,0.33093749999999994
4333,d25_t14_r02_s033,2.5,14,2,86,ising2d_t14_r02_seed25050,25050,up,1360,33,validation,-1.24,0.11,0.11,0.31906249999999997
4334,d25_t14_r02_s034,2.5,14,2,86,ising2d_t14_r02_seed25050,25050,up,1400,34,validation,-1.03,0.005,0.005,0.36018750000000005
4335,d25_t14_r02_s035,2.5,14,2,86,ising2d_t14_r02_seed25050,25050,up,1440,35,validation,-1.29,-0.075,0.075,0.33225
4336,d25_t14_r02_s036,2.5,14,2,86,ising2d_t14_r02_seed25050,25050,up,1480,36,validation,-1.01,0.13,0.13,0.31281249999999994
4337,d25_t14_r02_s037,2.5,14,2,86,ising2d_t14_r02_seed25050,25050,up,1520,37,validation,-1.32,-0.68,0.68,0.2916249999999999
4338,d25_t14_r02_s038,2.5,14,2,86,ising2d_t14_r02_seed25050,25050,up,1560,38,validation,-1.1,-0.435,0.435,0.27106250000000004
4339,d25_t14_r02_s039,2.5,14,2,86,ising2d_t14_r02_seed25050,25050,up,1600,39,validation,-1.31,-0.635,0.635,0.289625
4340,d25_t14_r02_s040,2.5,14,2,86,ising2d_t14_r02_seed25050,25050,up,1640,40,validation,-1.1,-0.5,0.5,0.28493749999999995
4341,d25_t14_r02_s041,2.5,14,2,86,ising2d_t14_r02_seed25050,25050,up,1680,41,validation,-1.15,-0.57,0.57,0.30225
4342,d25_t14_r02_s042,2.5,14,2,86,ising2d_t14_r02_seed25050,25050,up,1720,42,validation,-1.01,0.15,0.15,0.32525
4343,d25_t14_r02_s043,2.5,14,2,86,ising2d_t14_r02_seed25050,25050,up,1760,43,validation,-0.99,0.15,0.15,0.37950000000000006
4344,d25_t14_r02_s044,2.5,14,2,86,ising2d_t14_r02_seed25050,25050,up,1800,44,validation,-1.1,0.43,0.43,0.338375
4345,d25_t14_r02_s045,2.5,14,2,86,ising2d_t14_r02_seed25050,25050,up,1840,45,validation,-1.15,-0.165,0.165,0.3316874999999999
4346,d25_t14_r02_s046,2.5,14,2,86,ising2d_t14_r02_seed25050,25050,up,1880,46,validation,-1.02,0.215,0.215,0.33374999999999994
4347,d25_t14_r02_s047,2.5,14,2,86,ising2d_t14_r02_seed25050,25050,up,1920,47,validation,-1.0,0.005,0.005,0.345875
4348,d25_t14_r02_s048,2.5,14,2,86,ising2d_t14_r02_seed25050,25050,up,1960,48,validation,-1.0,-0.41,0.41,0.3585625
4349,d25_t14_r02_s049,2.5,14,2,86,ising2d_t14_r02_seed25050,25050,up,2000,49,validation,-1.09,-0.07,0.07,0.323625
4350,d25_t14_r03_s000,2.5,14,3,87,ising2d_t14_r03_seed25068,25068,down,40,0,validation,-1.13,0.545,0.545,0.29087500000000005
4351,d25_t14_r03_s001,2.5,14,3,87,ising2d_t14_r03_seed25068,25068,down,80,1,validation,-1.31,0.59,0.59,0.30756250000000007
4352,d25_t14_r03_s002,2.5,14,3,87,ising2d_t14_r03_seed25068,25068,down,120,2,validation,-1.2,0.605,0.605,0.29831250000000004
4353,d25_t14_r03_s003,2.5,14,3,87,ising2d_t14_r03_seed25068,25068,down,160,3,validation,-1.13,0.245,0.245,0.30300000000000005
4354,d25_t14_r03_s004,2.5,14,3,87,ising2d_t14_r03_seed25068,25068,down,200,4,validation,-1.06,0.16,0.16,0.31418749999999995
4355,d25_t14_r03_s005,2.5,14,3,87,ising2d_t14_r03_seed25068,25068,down,240,5,validation,-1.01,-0.13,0.13,0.331
4356,d25_t14_r03_s006,2.5,14,3,87,ising2d_t14_r03_seed25068,25068,down,280,6,validation,-1.21,0.075,0.075,0.32893749999999994
4357,d25_t14_r03_s007,2.5,14,3,87,ising2d_t14_r03_seed25068,25068,down,320,7,validation,-1.09,-0.3,0.3,0.3570625
4358,d25_t14_r03_s008,2.5,14,3,87,ising2d_t14_r03_seed25068,25068,down,360,8,validation,-1.3,-0.525,0.525,0.3125625000000001
4359,d25_t14_r03_s009,2.5,14,3,87,ising2d_t14_r03_seed25068,25068,down,400,9,validation,-1.11,-0.45,0.45,0.31681249999999983
4360,d25_t14_r03_s010,2.5,14,3,87,ising2d_t14_r03_seed25068,25068,down,440,10,validation,-1.22,-0.335,0.335,0.3358125
4361,d25_t14_r03_s011,2.5,14,3,87,ising2d_t14_r03_seed25068,25068,down,480,11,validation,-1.25,0.275,0.275,0.31687499999999996
4362,d25_t14_r03_s012,2.5,14,3,87,ising2d_t14_r03_seed25068,25068,down,520,12,validation,-1.02,-0.41,0.41,0.3176874999999999
4363,d25_t14_r03_s013,2.5,14,3,87,ising2d_t14_r03_seed25068,25068,down,560,13,validation,-0.83,-0.13,0.13,0.3455
4364,d25_t14_r03_s014,2.5,14,3,87,ising2d_t14_r03_seed25068,25068,down,600,14,validation,-1.13,0.08,0.08,0.352875
4365,d25_t14_r03_s015,2.5,14,3,87,ising2d_t14_r03_seed25068,25068,down,640,15,validation,-1.13,-0.485,0.485,0.3464375
4366,d25_t14_r03_s016,2.5,14,3,87,ising2d_t14_r03_seed25068,25068,down,680,16,validation,-1.24,-0.62,0.62,0.2571875
4367,d25_t14_r03_s017,2.5,14,3,87,ising2d_t14_r03_seed25068,25068,down,720,17,validation,-0.94,-0.175,0.175,0.3300625
4368,d25_t14_r03_s018,2.5,14,3,87,ising2d_t14_r03_seed25068,25068,down,760,18,validation,-1.26,-0.525,0.525,0.27962500000000007
4369,d25_t14_r03_s019,2.5,14,3,87,ising2d_t14_r03_seed25068,25068,down,800,19,validation,-1.32,-0.675,0.675,0.268375
4370,d25_t14_r03_s020,2.5,14,3,87,ising2d_t14_r03_seed25068,25068,down,840,20,validation,-1.3,-0.46,0.46,0.32056250000000003
4371,d25_t14_r03_s021,2.5,14,3,87,ising2d_t14_r03_seed25068,25068,down,880,21,validation,-1.39,-0.735,0.735,0.24156249999999999
4372,d25_t14_r03_s022,2.5,14,3,87,ising2d_t14_r03_seed25068,25068,down,920,22,validation,-1.13,-0.265,0.265,0.33875
4373,d25_t14_r03_s023,2.5,14,3,87,ising2d_t14_r03_seed25068,25068,down,960,23,validation,-1.05,-0.485,0.485,0.310875
4374,d25_t14_r03_s024,2.5,14,3,87,ising2d_t14_r03_seed25068,25068,down,1000,24,validation,-1.31,-0.64,0.64,0.3135625
4375,d25_t14_r03_s025,2.5,14,3,87,ising2d_t14_r03_seed25068,25068,down,1040,25,validation,-1.13,0.275,0.275,0.33768750000000003
4376,d25_t14_r03_s026,2.5,14,3,87,ising2d_t14_r03_seed25068,25068,down,1080,26,validation,-1.08,-0.225,0.225,0.3469999999999999
4377,d25_t14_r03_s027,2.5,14,3,87,ising2d_t14_r03_seed25068,25068,down,1120,27,validation,-1.11,-0.565,0.565,0.2972500000000001
4378,d25_t14_r03_s028,2.5,14,3,87,ising2d_t14_r03_seed25068,25068,down,1160,28,validation,-1.38,-0.545,0.545,0.2616249999999999
4379,d25_t14_r03_s029,2.5,14,3,87,ising2d_t14_r03_seed25068,25068,down,1200,29,validation,-0.98,0.11,0.11,0.3293125
4380,d25_t14_r03_s030,2.5,14,3,87,ising2d_t14_r03_seed25068,25068,down,1240,30,validation,-1.01,-0.18,0.18,0.3105
4381,d25_t14_r03_s031,2.5,14,3,87,ising2d_t14_r03_seed25068,25068,down,1280,31,validation,-1.07,0.24,0.24,0.32962499999999995
4382,d25_t14_r03_s032,2.5,14,3,87,ising2d_t14_r03_seed25068,25068,down,1320,32,validation,-1.27,0.645,0.645,0.2854374999999999
4383,d25_t14_r03_s033,2.5,14,3,87,ising2d_t14_r03_seed25068,25068,down,1360,33,validation,-1.16,0.6,0.6,0.23993749999999997
4384,d25_t14_r03_s034,2.5,14,3,87,ising2d_t14_r03_seed25068,25068,down,1400,34,validation,-1.12,0.4,0.4,0.278
4385,d25_t14_r03_s035,2.5,14,3,87,ising2d_t14_r03_seed25068,25068,down,1440,35,validation,-1.12,0.32,0.32,0.372875
4386,d25_t14_r03_s036,2.5,14,3,87,ising2d_t14_r03_seed25068,25068,down,1480,36,validation,-0.92,0.36,0.36,0.32225000000000004
4387,d25_t14_r03_s037,2.5,14,3,87,ising2d_t14_r03_seed25068,25068,down,1520,37,validation,-0.82,0.02,0.02,0.31912499999999994
4388,d25_t14_r03_s038,2.5,14,3,87,ising2d_t14_r03_seed25068,25068,down,1560,38,validation,-1.08,-0.29,0.29,0.348
4389,d25_t14_r03_s039,2.5,14,3,87,ising2d_t14_r03_seed25068,25068,down,1600,39,validation,-1.11,-0.18,0.18,0.32062500000000005
4390,d25_t14_r03_s040,2.5,14,3,87,ising2d_t14_r03_seed25068,25068,down,1640,40,validation,-1.1,-0.095,0.095,0.3428125
4391,d25_t14_r03_s041,2.5,14,3,87,ising2d_t14_r03_seed25068,25068,down,1680,41,validation,-1.19,-0.175,0.175,0.33525
4392,d25_t14_r03_s042,2.5,14,3,87,ising2d_t14_r03_seed25068,25068,down,1720,42,validation,-0.83,-0.08,0.08,0.33368749999999997
4393,d25_t14_r03_s043,2.5,14,3,87,ising2d_t14_r03_seed25068,25068,down,1760,43,validation,-1.2,-0.325,0.325,0.3443124999999999
4394,d25_t14_r03_s044,2.5,14,3,87,ising2d_t14_r03_seed25068,25068,down,1800,44,validation,-1.12,0.125,0.125,0.3345
4395,d25_t14_r03_s045,2.5,14,3,87,ising2d_t14_r03_seed25068,25068,down,1840,45,validation,-1.22,-0.03,0.03,0.3074374999999999
4396,d25_t14_r03_s046,2.5,14,3,87,ising2d_t14_r03_seed25068,25068,down,1880,46,validation,-1.05,-0.28,0.28,0.34187500000000015
4397,d25_t14_r03_s047,2.5,14,3,87,ising2d_t14_r03_seed25068,25068,down,1920,47,validation,-0.94,-0.205,0.205,0.34593749999999995
4398,d25_t14_r03_s048,2.5,14,3,87,ising2d_t14_r03_seed25068,25068,down,1960,48,validation,-1.06,-0.2,0.2,0.3679374999999999
4399,d25_t14_r03_s049,2.5,14,3,87,ising2d_t14_r03_seed25068,25068,down,2000,49,validation,-1.41,0.255,0.255,0.3225625
4400,d25_t14_r04_s000,2.5,14,4,88,ising2d_t14_r04_seed25086,25086,up,40,0,test,-1.2,-0.46,0.46,0.33481249999999996
4401,d25_t14_r04_s001,2.5,14,4,88,ising2d_t14_r04_seed25086,25086,up,80,1,test,-1.03,0.18,0.18,0.29575000000000007
4402,d25_t14_r04_s002,2.5,14,4,88,ising2d_t14_r04_seed25086,25086,up,120,2,test,-1.1,0.19,0.19,0.33912499999999995
4403,d25_t14_r04_s003,2.5,14,4,88,ising2d_t14_r04_seed25086,25086,up,160,3,test,-1.21,0.645,0.645,0.27031250000000007
4404,d25_t14_r04_s004,2.5,14,4,88,ising2d_t14_r04_seed25086,25086,up,200,4,test,-1.0,0.3,0.3,0.28856249999999994
4405,d25_t14_r04_s005,2.5,14,4,88,ising2d_t14_r04_seed25086,25086,up,240,5,test,-1.07,0.39,0.39,0.3132499999999999
4406,d25_t14_r04_s006,2.5,14,4,88,ising2d_t14_r04_seed25086,25086,up,280,6,test,-1.08,0.415,0.415,0.3171875
4407,d25_t14_r04_s007,2.5,14,4,88,ising2d_t14_r04_seed25086,25086,up,320,7,test,-1.21,0.585,0.585,0.2824999999999999
4408,d25_t14_r04_s008,2.5,14,4,88,ising2d_t14_r04_seed25086,25086,up,360,8,test,-1.14,0.52,0.52,0.2618125
4409,d25_t14_r04_s009,2.5,14,4,88,ising2d_t14_r04_seed25086,25086,up,400,9,test,-1.17,0.64,0.64,0.27712499999999995
4410,d25_t14_r04_s010,2.5,14,4,88,ising2d_t14_r04_seed25086,25086,up,440,10,test,-1.07,0.46,0.46,0.30887499999999996
4411,d25_t14_r04_s011,2.5,14,4,88,ising2d_t14_r04_seed25086,25086,up,480,11,test,-1.08,0.36,0.36,0.3306249999999999
4412,d25_t14_r04_s012,2.5,14,4,88,ising2d_t14_r04_seed25086,25086,up,520,12,test,-1.05,0.18,0.18,0.32449999999999996
4413,d25_t14_r04_s013,2.5,14,4,88,ising2d_t14_r04_seed25086,25086,up,560,13,test,-1.04,-0.44,0.44,0.30987499999999996
4414,d25_t14_r04_s014,2.5,14,4,88,ising2d_t14_r04_seed25086,25086,up,600,14,test,-1.32,-0.705,0.705,0.27731249999999996
4415,d25_t14_r04_s015,2.5,14,4,88,ising2d_t14_r04_seed25086,25086,up,640,15,test,-1.0,-0.32,0.32,0.27093750000000005
4416,d25_t14_r04_s016,2.5,14,4,88,ising2d_t14_r04_seed25086,25086,up,680,16,test,-1.33,-0.71,0.71,0.28424999999999995
4417,d25_t14_r04_s017,2.5,14,4,88,ising2d_t14_r04_seed25086,25086,up,720,17,test,-1.09,-0.395,0.395,0.2996875
4418,d25_t14_r04_s018,2.5,14,4,88,ising2d_t14_r04_seed25086,25086,up,760,18,test,-1.41,-0.655,0.655,0.28925
4419,d25_t14_r04_s019,2.5,14,4,88,ising2d_t14_r04_seed25086,25086,up,800,19,test,-1.23,-0.42,0.42,0.30168749999999994
4420,d25_t14_r04_s020,2.5,14,4,88,ising2d_t14_r04_seed25086,25086,up,840,20,test,-1.26,-0.57,0.57,0.29162499999999997
4421,d25_t14_r04_s021,2.5,14,4,88,ising2d_t14_r04_seed25086,25086,up,880,21,test,-1.19,-0.345,0.345,0.2758125
4422,d25_t14_r04_s022,2.5,14,4,88,ising2d_t14_r04_seed25086,25086,up,920,22,test,-1.19,-0.55,0.55,0.3291875000000001
4423,d25_t14_r04_s023,2.5,14,4,88,ising2d_t14_r04_seed25086,25086,up,960,23,test,-1.04,-0.145,0.145,0.3003124999999999
4424,d25_t14_r04_s024,2.5,14,4,88,ising2d_t14_r04_seed25086,25086,up,1000,24,test,-1.03,-0.11,0.11,0.31981250000000006
4425,d25_t14_r04_s025,2.5,14,4,88,ising2d_t14_r04_seed25086,25086,up,1040,25,test,-1.1,-0.51,0.51,0.31325000000000003
4426,d25_t14_r04_s026,2.5,14,4,88,ising2d_t14_r04_seed25086,25086,up,1080,26,test,-1.02,0.36,0.36,0.3428750000000001
4427,d25_t14_r04_s027,2.5,14,4,88,ising2d_t14_r04_seed25086,25086,up,1120,27,test,-1.1,0.495,0.495,0.3421875
4428,d25_t14_r04_s028,2.5,14,4,88,ising2d_t14_r04_seed25086,25086,up,1160,28,test,-1.03,0.08,0.08,0.28993750000000007
4429,d25_t14_r04_s029,2.5,14,4,88,ising2d_t14_r04_seed25086,25086,up,1200,29,test,-1.1,0.11,0.11,0.32799999999999996
4430,d25_t14_r04_s030,2.5,14,4,88,ising2d_t14_r04_seed25086,25086,up,1240,30,test,-1.3,0.37,0.37,0.31174999999999997
4431,d25_t14_r04_s031,2.5,14,4,88,ising2d_t14_r04_seed25086,25086,up,1280,31,test,-1.11,0.38,0.38,0.30625
4432,d25_t14_r04_s032,2.5,14,4,88,ising2d_t14_r04_seed25086,25086,up,1320,32,test,-1.14,0.245,0.245,0.3259375000000001
4433,d25_t14_r04_s033,2.5,14,4,88,ising2d_t14_r04_seed25086,25086,up,1360,33,test,-1.03,-0.205,0.205,0.351125
4434,d25_t14_r04_s034,2.5,14,4,88,ising2d_t14_r04_seed25086,25086,up,1400,34,test,-1.13,0.47,0.47,0.34731249999999997
4435,d25_t14_r04_s035,2.5,14,4,88,ising2d_t14_r04_seed25086,25086,up,1440,35,test,-1.07,0.45,0.45,0.32899999999999996
4436,d25_t14_r04_s036,2.5,14,4,88,ising2d_t14_r04_seed25086,25086,up,1480,36,test,-1.33,0.715,0.715,0.2631874999999999
4437,d25_t14_r04_s037,2.5,14,4,88,ising2d_t14_r04_seed25086,25086,up,1520,37,test,-1.14,0.44,0.44,0.32268749999999996
4438,d25_t14_r04_s038,2.5,14,4,88,ising2d_t14_r04_seed25086,25086,up,1560,38,test,-1.16,0.26,0.26,0.3255
4439,d25_t14_r04_s039,2.5,14,4,88,ising2d_t14_r04_seed25086,25086,up,1600,39,test,-1.11,0.545,0.545,0.3230625
4440,d25_t14_r04_s040,2.5,14,4,88,ising2d_t14_r04_seed25086,25086,up,1640,40,test,-1.08,0.33,0.33,0.2973124999999999
4441,d25_t14_r04_s041,2.5,14,4,88,ising2d_t14_r04_seed25086,25086,up,1680,41,test,-1.17,0.62,0.62,0.2985000000000001
4442,d25_t14_r04_s042,2.5,14,4,88,ising2d_t14_r04_seed25086,25086,up,1720,42,test,-1.28,0.635,0.635,0.30056249999999995
4443,d25_t14_r04_s043,2.5,14,4,88,ising2d_t14_r04_seed25086,25086,up,1760,43,test,-1.22,0.49,0.49,0.3236875000000001
4444,d25_t14_r04_s044,2.5,14,4,88,ising2d_t14_r04_seed25086,25086,up,1800,44,test,-1.31,0.465,0.465,0.3545625
4445,d25_t14_r04_s045,2.5,14,4,88,ising2d_t14_r04_seed25086,25086,up,1840,45,test,-1.25,0.58,0.58,0.32193750000000004
4446,d25_t14_r04_s046,2.5,14,4,88,ising2d_t14_r04_seed25086,25086,up,1880,46,test,-1.35,0.68,0.68,0.3188749999999999
4447,d25_t14_r04_s047,2.5,14,4,88,ising2d_t14_r04_seed25086,25086,up,1920,47,test,-1.12,0.395,0.395,0.31043750000000003
4448,d25_t14_r04_s048,2.5,14,4,88,ising2d_t14_r04_seed25086,25086,up,1960,48,test,-1.15,0.34,0.34,0.30418749999999994
4449,d25_t14_r04_s049,2.5,14,4,88,ising2d_t14_r04_seed25086,25086,up,2000,49,test,-1.18,-0.445,0.445,0.3506875000000001
4450,d25_t14_r05_s000,2.5,14,5,89,ising2d_t14_r05_seed25104,25104,down,40,0,test,-1.07,0.04,0.04,0.31949999999999995
4451,d25_t14_r05_s001,2.5,14,5,89,ising2d_t14_r05_seed25104,25104,down,80,1,test,-0.95,0.31,0.31,0.32037499999999997
4452,d25_t14_r05_s002,2.5,14,5,89,ising2d_t14_r05_seed25104,25104,down,120,2,test,-1.19,0.485,0.485,0.2851874999999999
4453,d25_t14_r05_s003,2.5,14,5,89,ising2d_t14_r05_seed25104,25104,down,160,3,test,-1.2,0.41,0.41,0.30693750000000003
4454,d25_t14_r05_s004,2.5,14,5,89,ising2d_t14_r05_seed25104,25104,down,200,4,test,-1.19,0.04,0.04,0.35224999999999995
4455,d25_t14_r05_s005,2.5,14,5,89,ising2d_t14_r05_seed25104,25104,down,240,5,test,-1.3,-0.685,0.685,0.29656249999999995
4456,d25_t14_r05_s006,2.5,14,5,89,ising2d_t14_r05_seed25104,25104,down,280,6,test,-1.1,-0.395,0.395,0.32649999999999996
4457,d25_t14_r05_s007,2.5,14,5,89,ising2d_t14_r05_seed25104,25104,down,320,7,test,-1.18,-0.48,0.48,0.32881250000000006
4458,d25_t14_r05_s008,2.5,14,5,89,ising2d_t14_r05_seed25104,25104,down,360,8,test,-1.18,-0.485,0.485,0.2968125
4459,d25_t14_r05_s009,2.5,14,5,89,ising2d_t14_r05_seed25104,25104,down,400,9,test,-1.39,-0.705,0.705,0.266
4460,d25_t14_r05_s010,2.5,14,5,89,ising2d_t14_r05_seed25104,25104,down,440,10,test,-1.02,-0.04,0.04,0.26806250000000004
4461,d25_t14_r05_s011,2.5,14,5,89,ising2d_t14_r05_seed25104,25104,down,480,11,test,-1.22,-0.01,0.01,0.33949999999999997
4462,d25_t14_r05_s012,2.5,14,5,89,ising2d_t14_r05_seed25104,25104,down,520,12,test,-0.97,-0.12,0.12,0.365
4463,d25_t14_r05_s013,2.5,14,5,89,ising2d_t14_r05_seed25104,25104,down,560,13,test,-1.04,-0.53,0.53,0.3204999999999999
4464,d25_t14_r05_s014,2.5,14,5,89,ising2d_t14_r05_seed25104,25104,down,600,14,test,-1.43,-0.715,0.715,0.2846875
4465,d25_t14_r05_s015,2.5,14,5,89,ising2d_t14_r05_seed25104,25104,down,640,15,test,-1.39,-0.765,0.765,0.236375
4466,d25_t14_r05_s016,2.5,14,5,89,ising2d_t14_r05_seed25104,25104,down,680,16,test,-1.16,-0.615,0.615,0.27087500000000003
4467,d25_t14_r05_s017,2.5,14,5,89,ising2d_t14_r05_seed25104,25104,down,720,17,test,-1.15,0.065,0.065,0.310875
4468,d25_t14_r05_s018,2.5,14,5,89,ising2d_t14_r05_seed25104,25104,down,760,18,test,-1.12,0.63,0.63,0.2974374999999999
4469,d25_t14_r05_s019,2.5,14,5,89,ising2d_t14_r05_seed25104,25104,down,800,19,test,-1.12,0.505,0.505,0.2860625
4470,d25_t14_r05_s020,2.5,14,5,89,ising2d_t14_r05_seed25104,25104,down,840,20,test,-1.22,0.52,0.52,0.29143749999999996
4471,d25_t14_r05_s021,2.5,14,5,89,ising2d_t14_r05_seed25104,25104,down,880,21,test,-1.23,0.44,0.44,0.30337499999999995
4472,d25_t14_r05_s022,2.5,14,5,89,ising2d_t14_r05_seed25104,25104,down,920,22,test,-1.14,0.415,0.415,0.3196875
4473,d25_t14_r05_s023,2.5,14,5,89,ising2d_t14_r05_seed25104,25104,down,960,23,test,-1.22,-0.36,0.36,0.3390625
4474,d25_t14_r05_s024,2.5,14,5,89,ising2d_t14_r05_seed25104,25104,down,1000,24,test,-1.1,-0.27,0.27,0.301
4475,d25_t14_r05_s025,2.5,14,5,89,ising2d_t14_r05_seed25104,25104,down,1040,25,test,-1.12,-0.12,0.12,0.35725000000000007
4476,d25_t14_r05_s026,2.5,14,5,89,ising2d_t14_r05_seed25104,25104,down,1080,26,test,-0.92,0.28,0.28,0.3450000000000001
4477,d25_t14_r05_s027,2.5,14,5,89,ising2d_t14_r05_seed25104,25104,down,1120,27,test,-1.12,0.565,0.565,0.3153125
4478,d25_t14_r05_s028,2.5,14,5,89,ising2d_t14_r05_seed25104,25104,down,1160,28,test,-1.15,0.305,0.305,0.33449999999999996
4479,d25_t14_r05_s029,2.5,14,5,89,ising2d_t14_r05_seed25104,25104,down,1200,29,test,-0.86,0.12,0.12,0.34793749999999996
4480,d25_t14_r05_s030,2.5,14,5,89,ising2d_t14_r05_seed25104,25104,down,1240,30,test,-1.0,0.32,0.32,0.3655
4481,d25_t14_r05_s031,2.5,14,5,89,ising2d_t14_r05_seed25104,25104,down,1280,31,test,-1.15,0.305,0.305,0.34018750000000003
4482,d25_t14_r05_s032,2.5,14,5,89,ising2d_t14_r05_seed25104,25104,down,1320,32,test,-1.1,-0.03,0.03,0.3618125
4483,d25_t14_r05_s033,2.5,14,5,89,ising2d_t14_r05_seed25104,25104,down,1360,33,test,-1.16,-0.595,0.595,0.2963125000000001
4484,d25_t14_r05_s034,2.5,14,5,89,ising2d_t14_r05_seed25104,25104,down,1400,34,test,-1.18,-0.5,0.5,0.24931249999999996
4485,d25_t14_r05_s035,2.5,14,5,89,ising2d_t14_r05_seed25104,25104,down,1440,35,test,-1.08,-0.52,0.52,0.3205
4486,d25_t14_r05_s036,2.5,14,5,89,ising2d_t14_r05_seed25104,25104,down,1480,36,test,-1.07,-0.395,0.395,0.29181250000000003
4487,d25_t14_r05_s037,2.5,14,5,89,ising2d_t14_r05_seed25104,25104,down,1520,37,test,-1.25,-0.585,0.585,0.2696250000000001
4488,d25_t14_r05_s038,2.5,14,5,89,ising2d_t14_r05_seed25104,25104,down,1560,38,test,-1.13,-0.265,0.265,0.28937500000000005
4489,d25_t14_r05_s039,2.5,14,5,89,ising2d_t14_r05_seed25104,25104,down,1600,39,test,-1.13,0.02,0.02,0.3490625
4490,d25_t14_r05_s040,2.5,14,5,89,ising2d_t14_r05_seed25104,25104,down,1640,40,test,-0.92,0.125,0.125,0.32743749999999994
4491,d25_t14_r05_s041,2.5,14,5,89,ising2d_t14_r05_seed25104,25104,down,1680,41,test,-1.14,0.56,0.56,0.32231249999999995
4492,d25_t14_r05_s042,2.5,14,5,89,ising2d_t14_r05_seed25104,25104,down,1720,42,test,-1.19,0.505,0.505,0.2744375
4493,d25_t14_r05_s043,2.5,14,5,89,ising2d_t14_r05_seed25104,25104,down,1760,43,test,-1.28,0.59,0.59,0.27181249999999996
4494,d25_t14_r05_s044,2.5,14,5,89,ising2d_t14_r05_seed25104,25104,down,1800,44,test,-1.03,0.215,0.215,0.3199375
4495,d25_t14_r05_s045,2.5,14,5,89,ising2d_t14_r05_seed25104,25104,down,1840,45,test,-1.23,0.32,0.32,0.3293124999999999
4496,d25_t14_r05_s046,2.5,14,5,89,ising2d_t14_r05_seed25104,25104,down,1880,46,test,-1.15,0.165,0.165,0.3080625
4497,d25_t14_r05_s047,2.5,14,5,89,ising2d_t14_r05_seed25104,25104,down,1920,47,test,-1.03,0.19,0.19,0.3529375
4498,d25_t14_r05_s048,2.5,14,5,89,ising2d_t14_r05_seed25104,25104,down,1960,48,test,-1.38,0.495,0.495,0.30931250000000005
4499,d25_t14_r05_s049,2.5,14,5,89,ising2d_t14_r05_seed25104,25104,down,2000,49,test,-1.23,0.435,0.435,0.3105
4500,d25_t15_r00_s000,2.7,15,0,90,ising2d_t15_r00_seed25015,25015,up,40,0,train,-1.17,-0.09,0.09,0.3866875
4501,d25_t15_r00_s001,2.7,15,0,90,ising2d_t15_r00_seed25015,25015,up,80,1,train,-0.83,0.07,0.07,0.4079999999999999
4502,d25_t15_r00_s002,2.7,15,0,90,ising2d_t15_r00_seed25015,25015,up,120,2,train,-1.01,-0.17,0.17,0.4066250000000001
4503,d25_t15_r00_s003,2.7,15,0,90,ising2d_t15_r00_seed25015,25015,up,160,3,train,-0.68,-0.025,0.025,0.4006875000000001
4504,d25_t15_r00_s004,2.7,15,0,90,ising2d_t15_r00_seed25015,25015,up,200,4,train,-0.9,0.035,0.035,0.418375
4505,d25_t15_r00_s005,2.7,15,0,90,ising2d_t15_r00_seed25015,25015,up,240,5,train,-0.9,0.26,0.26,0.41518749999999993
4506,d25_t15_r00_s006,2.7,15,0,90,ising2d_t15_r00_seed25015,25015,up,280,6,train,-1.02,0.285,0.285,0.3675624999999999
4507,d25_t15_r00_s007,2.7,15,0,90,ising2d_t15_r00_seed25015,25015,up,320,7,train,-1.02,0.485,0.485,0.3578749999999999
4508,d25_t15_r00_s008,2.7,15,0,90,ising2d_t15_r00_seed25015,25015,up,360,8,train,-0.89,0.06,0.06,0.40356250000000005
4509,d25_t15_r00_s009,2.7,15,0,90,ising2d_t15_r00_seed25015,25015,up,400,9,train,-1.0,-0.045,0.045,0.3999375000000001
4510,d25_t15_r00_s010,2.7,15,0,90,ising2d_t15_r00_seed25015,25015,up,440,10,train,-0.81,-0.34,0.34,0.3538125
4511,d25_t15_r00_s011,2.7,15,0,90,ising2d_t15_r00_seed25015,25015,up,480,11,train,-0.94,-0.125,0.125,0.3938125
4512,d25_t15_r00_s012,2.7,15,0,90,ising2d_t15_r00_seed25015,25015,up,520,12,train,-0.97,0.04,0.04,0.33831250000000007
4513,d25_t15_r00_s013,2.7,15,0,90,ising2d_t15_r00_seed25015,25015,up,560,13,train,-1.12,-0.55,0.55,0.3573749999999999
4514,d25_t15_r00_s014,2.7,15,0,90,ising2d_t15_r00_seed25015,25015,up,600,14,train,-0.9,-0.02,0.02,0.397375
4515,d25_t15_r00_s015,2.7,15,0,90,ising2d_t15_r00_seed25015,25015,up,640,15,train,-1.01,0.475,0.475,0.37818750000000007
4516,d25_t15_r00_s016,2.7,15,0,90,ising2d_t15_r00_seed25015,25015,up,680,16,train,-0.95,-0.375,0.375,0.383875
4517,d25_t15_r00_s017,2.7,15,0,90,ising2d_t15_r00_seed25015,25015,up,720,17,train,-0.9,0.38,0.38,0.40318750000000003
4518,d25_t15_r00_s018,2.7,15,0,90,ising2d_t15_r00_seed25015,25015,up,760,18,train,-0.94,0.055,0.055,0.3965624999999999
4519,d25_t15_r00_s019,2.7,15,0,90,ising2d_t15_r00_seed25015,25015,up,800,19,train,-0.9,0.085,0.085,0.4004999999999999
4520,d25_t15_r00_s020,2.7,15,0,90,ising2d_t15_r00_seed25015,25015,up,840,20,train,-0.95,-0.02,0.02,0.37781249999999994
4521,d25_t15_r00_s021,2.7,15,0,90,ising2d_t15_r00_seed25015,25015,up,880,21,train,-0.95,-0.275,0.275,0.38681249999999995
4522,d25_t15_r00_s022,2.7,15,0,90,ising2d_t15_r00_seed25015,25015,up,920,22,train,-0.95,-0.39,0.39,0.35281250000000003
4523,d25_t15_r00_s023,2.7,15,0,90,ising2d_t15_r00_seed25015,25015,up,960,23,train,-1.06,-0.56,0.56,0.33449999999999996
4524,d25_t15_r00_s024,2.7,15,0,90,ising2d_t15_r00_seed25015,25015,up,1000,24,train,-1.17,-0.565,0.565,0.36556249999999996
4525,d25_t15_r00_s025,2.7,15,0,90,ising2d_t15_r00_seed25015,25015,up,1040,25,train,-1.02,-0.31,0.31,0.3431875000000001
4526,d25_t15_r00_s026,2.7,15,0,90,ising2d_t15_r00_seed25015,25015,up,1080,26,train,-0.83,-0.24,0.24,0.35162499999999997
4527,d25_t15_r00_s027,2.7,15,0,90,ising2d_t15_r00_seed25015,25015,up,1120,27,train,-0.95,0.425,0.425,0.4208125
4528,d25_t15_r00_s028,2.7,15,0,90,ising2d_t15_r00_seed25015,25015,up,1160,28,train,-0.91,0.225,0.225,0.40312500000000007
4529,d25_t15_r00_s029,2.7,15,0,90,ising2d_t15_r00_seed25015,25015,up,1200,29,train,-0.78,0.34,0.34,0.38793750000000005
4530,d25_t15_r00_s030,2.7,15,0,90,ising2d_t15_r00_seed25015,25015,up,1240,30,train,-0.95,-0.19,0.19,0.365125
4531,d25_t15_r00_s031,2.7,15,0,90,ising2d_t15_r00_seed25015,25015,up,1280,31,train,-0.95,-0.025,0.025,0.40131249999999996
4532,d25_t15_r00_s032,2.7,15,0,90,ising2d_t15_r00_seed25015,25015,up,1320,32,train,-0.84,0.19,0.19,0.38743749999999993
4533,d25_t15_r00_s033,2.7,15,0,90,ising2d_t15_r00_seed25015,25015,up,1360,33,train,-0.95,0.085,0.085,0.3699375
4534,d25_t15_r00_s034,2.7,15,0,90,ising2d_t15_r00_seed25015,25015,up,1400,34,train,-1.02,0.31,0.31,0.40356250000000016
4535,d25_t15_r00_s035,2.7,15,0,90,ising2d_t15_r00_seed25015,25015,up,1440,35,train,-1.18,-0.305,0.305,0.36768750000000006
4536,d25_t15_r00_s036,2.7,15,0,90,ising2d_t15_r00_seed25015,25015,up,1480,36,train,-1.04,-0.215,0.215,0.37200000000000016
4537,d25_t15_r00_s037,2.7,15,0,90,ising2d_t15_r00_seed25015,25015,up,1520,37,train,-0.75,-0.135,0.135,0.39325000000000004
4538,d25_t15_r00_s038,2.7,15,0,90,ising2d_t15_r00_seed25015,25015,up,1560,38,train,-1.05,0.13,0.13,0.38193749999999993
4539,d25_t15_r00_s039,2.7,15,0,90,ising2d_t15_r00_seed25015,25015,up,1600,39,train,-1.11,0.115,0.115,0.41581250000000003
4540,d25_t15_r00_s040,2.7,15,0,90,ising2d_t15_r00_seed25015,25015,up,1640,40,train,-1.09,0.23,0.23,0.3965625000000001
4541,d25_t15_r00_s041,2.7,15,0,90,ising2d_t15_r00_seed25015,25015,up,1680,41,train,-0.98,-0.19,0.19,0.36924999999999997
4542,d25_t15_r00_s042,2.7,15,0,90,ising2d_t15_r00_seed25015,25015,up,1720,42,train,-0.87,-0.235,0.235,0.39818749999999997
4543,d25_t15_r00_s043,2.7,15,0,90,ising2d_t15_r00_seed25015,25015,up,1760,43,train,-0.83,-0.095,0.095,0.4151250000000001
4544,d25_t15_r00_s044,2.7,15,0,90,ising2d_t15_r00_seed25015,25015,up,1800,44,train,-1.02,0.105,0.105,0.4025
4545,d25_t15_r00_s045,2.7,15,0,90,ising2d_t15_r00_seed25015,25015,up,1840,45,train,-0.82,0.14,0.14,0.4006874999999999
4546,d25_t15_r00_s046,2.7,15,0,90,ising2d_t15_r00_seed25015,25015,up,1880,46,train,-0.87,-0.29,0.29,0.384375
4547,d25_t15_r00_s047,2.7,15,0,90,ising2d_t15_r00_seed25015,25015,up,1920,47,train,-0.88,0.19,0.19,0.39187500000000003
4548,d25_t15_r00_s048,2.7,15,0,90,ising2d_t15_r00_seed25015,25015,up,1960,48,train,-1.03,0.26,0.26,0.3805000000000001
4549,d25_t15_r00_s049,2.7,15,0,90,ising2d_t15_r00_seed25015,25015,up,2000,49,train,-0.81,-0.11,0.11,0.39762500000000006
4550,d25_t15_r01_s000,2.7,15,1,91,ising2d_t15_r01_seed25033,25033,down,40,0,train,-0.81,0.215,0.215,0.38606250000000003
4551,d25_t15_r01_s001,2.7,15,1,91,ising2d_t15_r01_seed25033,25033,down,80,1,train,-1.04,0.315,0.315,0.36475
4552,d25_t15_r01_s002,2.7,15,1,91,ising2d_t15_r01_seed25033,25033,down,120,2,train,-0.75,0.205,0.205,0.378625
4553,d25_t15_r01_s003,2.7,15,1,91,ising2d_t15_r01_seed25033,25033,down,160,3,train,-1.02,0.19,0.19,0.3935625
4554,d25_t15_r01_s004,2.7,15,1,91,ising2d_t15_r01_seed25033,25033,down,200,4,train,-0.89,-0.075,0.075,0.38856250000000003
4555,d25_t15_r01_s005,2.7,15,1,91,ising2d_t15_r01_seed25033,25033,down,240,5,train,-1.16,-0.49,0.49,0.3421875
4556,d25_t15_r01_s006,2.7,15,1,91,ising2d_t15_r01_seed25033,25033,down,280,6,train,-1.09,-0.085,0.085,0.3554375
4557,d25_t15_r01_s007,2.7,15,1,91,ising2d_t15_r01_seed25033,25033,down,320,7,train,-0.92,0.055,0.055,0.38112499999999994
4558,d25_t15_r01_s008,2.7,15,1,91,ising2d_t15_r01_seed25033,25033,down,360,8,train,-1.09,0.405,0.405,0.3856249999999999
4559,d25_t15_r01_s009,2.7,15,1,91,ising2d_t15_r01_seed25033,25033,down,400,9,train,-1.1,0.2,0.2,0.36556250000000007
4560,d25_t15_r01_s010,2.7,15,1,91,ising2d_t15_r01_seed25033,25033,down,440,10,train,-1.01,-0.31,0.31,0.38512499999999994
4561,d25_t15_r01_s011,2.7,15,1,91,ising2d_t15_r01_seed25033,25033,down,480,11,train,-1.01,-0.23,0.23,0.3818750000000001
4562,d25_t15_r01_s012,2.7,15,1,91,ising2d_t15_r01_seed25033,25033,down,520,12,train,-1.19,0.305,0.305,0.4100624999999999
4563,d25_t15_r01_s013,2.7,15,1,91,ising2d_t15_r01_seed25033,25033,down,560,13,train,-0.93,0.11,0.11,0.3915625
4564,d25_t15_r01_s014,2.7,15,1,91,ising2d_t15_r01_seed25033,25033,down,600,14,train,-0.87,0.055,0.055,0.4126875000000001
4565,d25_t15_r01_s015,2.7,15,1,91,ising2d_t15_r01_seed25033,25033,down,640,15,train,-1.02,0.155,0.155,0.40074999999999994
4566,d25_t15_r01_s016,2.7,15,1,91,ising2d_t15_r01_seed25033,25033,down,680,16,train,-1.09,-0.375,0.375,0.395125
4567,d25_t15_r01_s017,2.7,15,1,91,ising2d_t15_r01_seed25033,25033,down,720,17,train,-0.95,-0.185,0.185,0.37487499999999996
4568,d25_t15_r01_s018,2.7,15,1,91,ising2d_t15_r01_seed25033,25033,down,760,18,train,-1.21,-0.495,0.495,0.3578749999999999
4569,d25_t15_r01_s019,2.7,15,1,91,ising2d_t15_r01_seed25033,25033,down,800,19,train,-0.84,-0.105,0.105,0.3858750000000001
4570,d25_t15_r01_s020,2.7,15,1,91,ising2d_t15_r01_seed25033,25033,down,840,20,train,-1.05,0.13,0.13,0.3861875
4571,d25_t15_r01_s021,2.7,15,1,91,ising2d_t15_r01_seed25033,25033,down,880,21,train,-0.96,0.29,0.29,0.38162500000000005
4572,d25_t15_r01_s022,2.7,15,1,91,ising2d_t15_r01_seed25033,25033,down,920,22,train,-0.93,-0.11,0.11,0.41087500000000005
4573,d25_t15_r01_s023,2.7,15,1,91,ising2d_t15_r01_seed25033,25033,down,960,23,train,-1.12,0.24,0.24,0.38887499999999997
4574,d25_t15_r01_s024,2.7,15,1,91,ising2d_t15_r01_seed25033,25033,down,1000,24,train,-0.75,0.18,0.18,0.387375
4575,d25_t15_r01_s025,2.7,15,1,91,ising2d_t15_r01_seed25033,25033,down,1040,25,train,-1.05,-0.46,0.46,0.3886249999999999
4576,d25_t15_r01_s026,2.7,15,1,91,ising2d_t15_r01_seed25033,25033,down,1080,26,train,-0.92,0.075,0.075,0.38193749999999993
4577,d25_t15_r01_s027,2.7,15,1,91,ising2d_t15_r01_seed25033,25033,down,1120,27,train,-0.92,-0.205,0.205,0.3980000000000001
4578,d25_t15_r01_s028,2.7,15,1,91,ising2d_t15_r01_seed25033,25033,down,1160,28,train,-0.88,-0.175,0.175,0.37675
4579,d25_t15_r01_s029,2.7,15,1,91,ising2d_t15_r01_seed25033,25033,down,1200,29,train,-0.94,0.12,0.12,0.4063125
4580,d25_t15_r01_s030,2.7,15,1,91,ising2d_t15_r01_seed25033,25033,down,1240,30,train,-0.95,0.005,0.005,0.40193749999999995
4581,d25_t15_r01_s031,2.7,15,1,91,ising2d_t15_r01_seed25033,25033,down,1280,31,train,-1.0,0.305,0.305,0.39912499999999995
4582,d25_t15_r01_s032,2.7,15,1,91,ising2d_t15_r01_seed25033,25033,down,1320,32,train,-1.14,0.41,0.41,0.39993750000000006
4583,d25_t15_r01_s033,2.7,15,1,91,ising2d_t15_r01_seed25033,25033,down,1360,33,train,-0.86,0.285,0.285,0.3909375
4584,d25_t15_r01_s034,2.7,15,1,91,ising2d_t15_r01_seed25033,25033,down,1400,34,train,-1.16,0.46,0.46,0.35906249999999995
4585,d25_t15_r01_s035,2.7,15,1,91,ising2d_t15_r01_seed25033,25033,down,1440,35,train,-0.78,0.1,0.1,0.409875
4586,d25_t15_r01_s036,2.7,15,1,91,ising2d_t15_r01_seed25033,25033,down,1480,36,train,-1.08,0.305,0.305,0.41643749999999996
4587,d25_t15_r01_s037,2.7,15,1,91,ising2d_t15_r01_seed25033,25033,down,1520,37,train,-0.84,0.285,0.285,0.41812499999999997
4588,d25_t15_r01_s038,2.7,15,1,91,ising2d_t15_r01_seed25033,25033,down,1560,38,train,-0.91,-0.235,0.235,0.41374999999999995
4589,d25_t15_r01_s039,2.7,15,1,91,ising2d_t15_r01_seed25033,25033,down,1600,39,train,-0.96,0.355,0.355,0.4026250000000001
4590,d25_t15_r01_s040,2.7,15,1,91,ising2d_t15_r01_seed25033,25033,down,1640,40,train,-1.02,0.095,0.095,0.3919999999999999
4591,d25_t15_r01_s041,2.7,15,1,91,ising2d_t15_r01_seed25033,25033,down,1680,41,train,-1.02,-0.16,0.16,0.37793750000000004
4592,d25_t15_r01_s042,2.7,15,1,91,ising2d_t15_r01_seed25033,25033,down,1720,42,train,-0.97,-0.075,0.075,0.39031249999999995
4593,d25_t15_r01_s043,2.7,15,1,91,ising2d_t15_r01_seed25033,25033,down,1760,43,train,-0.97,-0.46,0.46,0.3894375000000001
4594,d25_t15_r01_s044,2.7,15,1,91,ising2d_t15_r01_seed25033,25033,down,1800,44,train,-1.01,-0.175,0.175,0.37693750000000004
4595,d25_t15_r01_s045,2.7,15,1,91,ising2d_t15_r01_seed25033,25033,down,1840,45,train,-0.92,-0.03,0.03,0.4033125
4596,d25_t15_r01_s046,2.7,15,1,91,ising2d_t15_r01_seed25033,25033,down,1880,46,train,-1.07,-0.57,0.57,0.3516250000000001
4597,d25_t15_r01_s047,2.7,15,1,91,ising2d_t15_r01_seed25033,25033,down,1920,47,train,-1.1,-0.075,0.075,0.33431249999999996
4598,d25_t15_r01_s048,2.7,15,1,91,ising2d_t15_r01_seed25033,25033,down,1960,48,train,-0.9,0.035,0.035,0.39312500000000006
4599,d25_t15_r01_s049,2.7,15,1,91,ising2d_t15_r01_seed25033,25033,down,2000,49,train,-0.96,0.24,0.24,0.40581249999999996
4600,d25_t15_r02_s000,2.7,15,2,92,ising2d_t15_r02_seed25051,25051,up,40,0,validation,-0.87,0.315,0.315,0.3763749999999999
4601,d25_t15_r02_s001,2.7,15,2,92,ising2d_t15_r02_seed25051,25051,up,80,1,validation,-0.79,0.015,0.015,0.4118750000000001
4602,d25_t15_r02_s002,2.7,15,2,92,ising2d_t15_r02_seed25051,25051,up,120,2,validation,-0.93,0.435,0.435,0.38312500000000005
4603,d25_t15_r02_s003,2.7,15,2,92,ising2d_t15_r02_seed25051,25051,up,160,3,validation,-1.09,0.27,0.27,0.3921875000000001
4604,d25_t15_r02_s004,2.7,15,2,92,ising2d_t15_r02_seed25051,25051,up,200,4,validation,-0.87,-0.05,0.05,0.41637499999999983
4605,d25_t15_r02_s005,2.7,15,2,92,ising2d_t15_r02_seed25051,25051,up,240,5,validation,-1.01,-0.05,0.05,0.38825
4606,d25_t15_r02_s006,2.7,15,2,92,ising2d_t15_r02_seed25051,25051,up,280,6,validation,-1.05,0.155,0.155,0.39743749999999994
4607,d25_t15_r02_s007,2.7,15,2,92,ising2d_t15_r02_seed25051,25051,up,320,7,validation,-0.79,0.045,0.045,0.40099999999999997
4608,d25_t15_r02_s008,2.7,15,2,92,ising2d_t15_r02_seed25051,25051,up,360,8,validation,-0.92,0.325,0.325,0.3789999999999999
4609,d25_t15_r02_s009,2.7,15,2,92,ising2d_t15_r02_seed25051,25051,up,400,9,validation,-0.96,0.385,0.385,0.378875
4610,d25_t15_r02_s010,2.7,15,2,92,ising2d_t15_r02_seed25051,25051,up,440,10,validation,-1.08,0.305,0.305,0.38212500000000005
4611,d25_t15_r02_s011,2.7,15,2,92,ising2d_t15_r02_seed25051,25051,up,480,11,validation,-0.9,0.35,0.35,0.3921875
4612,d25_t15_r02_s012,2.7,15,2,92,ising2d_t15_r02_seed25051,25051,up,520,12,validation,-1.18,0.59,0.59,0.33425
4613,d25_t15_r02_s013,2.7,15,2,92,ising2d_t15_r02_seed25051,25051,up,560,13,validation,-0.9,0.405,0.405,0.3743124999999998
4614,d25_t15_r02_s014,2.7,15,2,92,ising2d_t15_r02_seed25051,25051,up,600,14,validation,-1.19,0.39,0.39,0.3656875
4615,d25_t15_r02_s015,2.7,15,2,92,ising2d_t15_r02_seed25051,25051,up,640,15,validation,-0.76,0.105,0.105,0.3834375
4616,d25_t15_r02_s016,2.7,15,2,92,ising2d_t15_r02_seed25051,25051,up,680,16,validation,-1.1,0.43,0.43,0.34468750000000004
4617,d25_t15_r02_s017,2.7,15,2,92,ising2d_t15_r02_seed25051,25051,up,720,17,validation,-0.8,0.185,0.185,0.39818750000000014
4618,d25_t15_r02_s018,2.7,15,2,92,ising2d_t15_r02_seed25051,25051,up,760,18,validation,-1.07,-0.295,0.295,0.4018750000000001
4619,d25_t15_r02_s019,2.7,15,2,92,ising2d_t15_r02_seed25051,25051,up,800,19,validation,-0.85,0.01,0.01,0.41918750000000005
4620,d25_t15_r02_s020,2.7,15,2,92,ising2d_t15_r02_seed25051,25051,up,840,20,validation,-0.95,0.02,0.02,0.40149999999999997
4621,d25_t15_r02_s021,2.7,15,2,92,ising2d_t15_r02_seed25051,25051,up,880,21,validation,-0.93,-0.23,0.23,0.40075000000000005
4622,d25_t15_r02_s022,2.7,15,2,92,ising2d_t15_r02_seed25051,25051,up,920,22,validation,-0.91,0.165,0.165,0.4146875
4623,d25_t15_r02_s023,2.7,15,2,92,ising2d_t15_r02_seed25051,25051,up,960,23,validation,-1.01,-0.13,0.13,0.3765625000000001
4624,d25_t15_r02_s024,2.7,15,2,92,ising2d_t15_r02_seed25051,25051,up,1000,24,validation,-0.89,0.355,0.355,0.38281249999999994
4625,d25_t15_r02_s025,2.7,15,2,92,ising2d_t15_r02_seed25051,25051,up,1040,25,validation,-1.03,-0.04,0.04,0.40218750000000003
4626,d25_t15_r02_s026,2.7,15,2,92,ising2d_t15_r02_seed25051,25051,up,1080,26,validation,-0.8,0.05,0.05,0.380875
4627,d25_t15_r02_s027,2.7,15,2,92,ising2d_t15_r02_seed25051,25051,up,1120,27,validation,-1.14,0.52,0.52,0.37337500000000007
4628,d25_t15_r02_s028,2.7,15,2,92,ising2d_t15_r02_seed25051,25051,up,1160,28,validation,-0.85,0.025,0.025,0.4175625
4629,d25_t15_r02_s029,2.7,15,2,92,ising2d_t15_r02_seed25051,25051,up,1200,29,validation,-0.97,0.105,0.105,0.386625
4630,d25_t15_r02_s030,2.7,15,2,92,ising2d_t15_r02_seed25051,25051,up,1240,30,validation,-1.14,-0.435,0.435,0.3701249999999999
4631,d25_t15_r02_s031,2.7,15,2,92,ising2d_t15_r02_seed25051,25051,up,1280,31,validation,-0.77,-0.27,0.27,0.3513125
4632,d25_t15_r02_s032,2.7,15,2,92,ising2d_t15_r02_seed25051,25051,up,1320,32,validation,-0.93,-0.015,0.015,0.3679374999999999
4633,d25_t15_r02_s033,2.7,15,2,92,ising2d_t15_r02_seed25051,25051,up,1360,33,validation,-0.73,-0.175,0.175,0.38600000000000007
4634,d25_t15_r02_s034,2.7,15,2,92,ising2d_t15_r02_seed25051,25051,up,1400,34,validation,-1.08,0.02,0.02,0.4081875000000001
4635,d25_t15_r02_s035,2.7,15,2,92,ising2d_t15_r02_seed25051,25051,up,1440,35,validation,-0.95,-0.185,0.185,0.41481250000000003
4636,d25_t15_r02_s036,2.7,15,2,92,ising2d_t15_r02_seed25051,25051,up,1480,36,validation,-0.81,-0.025,0.025,0.3996250000000001
4637,d25_t15_r02_s037,2.7,15,2,92,ising2d_t15_r02_seed25051,25051,up,1520,37,validation,-0.96,-0.07,0.07,0.38281249999999994
4638,d25_t15_r02_s038,2.7,15,2,92,ising2d_t15_r02_seed25051,25051,up,1560,38,validation,-0.76,0.16,0.16,0.4091250000000001
4639,d25_t15_r02_s039,2.7,15,2,92,ising2d_t15_r02_seed25051,25051,up,1600,39,validation,-1.15,0.285,0.285,0.3841875
4640,d25_t15_r02_s040,2.7,15,2,92,ising2d_t15_r02_seed25051,25051,up,1640,40,validation,-0.99,0.21,0.21,0.3704375
4641,d25_t15_r02_s041,2.7,15,2,92,ising2d_t15_r02_seed25051,25051,up,1680,41,validation,-0.92,-0.125,0.125,0.3998125
4642,d25_t15_r02_s042,2.7,15,2,92,ising2d_t15_r02_seed25051,25051,up,1720,42,validation,-0.94,0.0,0.0,0.3810625000000001
4643,d25_t15_r02_s043,2.7,15,2,92,ising2d_t15_r02_seed25051,25051,up,1760,43,validation,-0.93,-0.305,0.305,0.39993749999999995
4644,d25_t15_r02_s044,2.7,15,2,92,ising2d_t15_r02_seed25051,25051,up,1800,44,validation,-1.05,0.15,0.15,0.3896875
4645,d25_t15_r02_s045,2.7,15,2,92,ising2d_t15_r02_seed25051,25051,up,1840,45,validation,-1.1,0.305,0.305,0.37793750000000004
4646,d25_t15_r02_s046,2.7,15,2,92,ising2d_t15_r02_seed25051,25051,up,1880,46,validation,-0.92,0.175,0.175,0.38587499999999997
4647,d25_t15_r02_s047,2.7,15,2,92,ising2d_t15_r02_seed25051,25051,up,1920,47,validation,-0.95,0.05,0.05,0.42443749999999997
4648,d25_t15_r02_s048,2.7,15,2,92,ising2d_t15_r02_seed25051,25051,up,1960,48,validation,-0.97,0.02,0.02,0.41712499999999997
4649,d25_t15_r02_s049,2.7,15,2,92,ising2d_t15_r02_seed25051,25051,up,2000,49,validation,-1.02,-0.24,0.24,0.3746250000000001
4650,d25_t15_r03_s000,2.7,15,3,93,ising2d_t15_r03_seed25069,25069,down,40,0,validation,-1.11,0.375,0.375,0.4063125
4651,d25_t15_r03_s001,2.7,15,3,93,ising2d_t15_r03_seed25069,25069,down,80,1,validation,-0.95,-0.145,0.145,0.3873749999999999
4652,d25_t15_r03_s002,2.7,15,3,93,ising2d_t15_r03_seed25069,25069,down,120,2,validation,-0.95,0.285,0.285,0.401375
4653,d25_t15_r03_s003,2.7,15,3,93,ising2d_t15_r03_seed25069,25069,down,160,3,validation,-1.08,0.055,0.055,0.3978749999999999
4654,d25_t15_r03_s004,2.7,15,3,93,ising2d_t15_r03_seed25069,25069,down,200,4,validation,-0.9,-0.26,0.26,0.3929375000000001
4655,d25_t15_r03_s005,2.7,15,3,93,ising2d_t15_r03_seed25069,25069,down,240,5,validation,-0.93,-0.325,0.325,0.37131250000000005
4656,d25_t15_r03_s006,2.7,15,3,93,ising2d_t15_r03_seed25069,25069,down,280,6,validation,-1.0,-0.25,0.25,0.3541875
4657,d25_t15_r03_s007,2.7,15,3,93,ising2d_t15_r03_seed25069,25069,down,320,7,validation,-1.0,-0.35,0.35,0.40549999999999986
4658,d25_t15_r03_s008,2.7,15,3,93,ising2d_t15_r03_seed25069,25069,down,360,8,validation,-0.95,-0.405,0.405,0.38193750000000004
4659,d25_t15_r03_s009,2.7,15,3,93,ising2d_t15_r03_seed25069,25069,down,400,9,validation,-0.89,-0.24,0.24,0.38856250000000003
4660,d25_t15_r03_s010,2.7,15,3,93,ising2d_t15_r03_seed25069,25069,down,440,10,validation,-0.96,0.125,0.125,0.39543750000000005
4661,d25_t15_r03_s011,2.7,15,3,93,ising2d_t15_r03_seed25069,25069,down,480,11,validation,-0.96,0.05,0.05,0.4180625
4662,d25_t15_r03_s012,2.7,15,3,93,ising2d_t15_r03_seed25069,25069,down,520,12,validation,-0.99,0.065,0.065,0.40156249999999993
4663,d25_t15_r03_s013,2.7,15,3,93,ising2d_t15_r03_seed25069,25069,down,560,13,validation,-1.01,0.1,0.1,0.3938125
4664,d25_t15_r03_s014,2.7,15,3,93,ising2d_t15_r03_seed25069,25069,down,600,14,validation,-1.01,-0.155,0.155,0.3875625
4665,d25_t15_r03_s015,2.7,15,3,93,ising2d_t15_r03_seed25069,25069,down,640,15,validation,-0.96,-0.345,0.345,0.4102500000000001
4666,d25_t15_r03_s016,2.7,15,3,93,ising2d_t15_r03_seed25069,25069,down,680,16,validation,-0.97,-0.385,0.385,0.3815
4667,d25_t15_r03_s017,2.7,15,3,93,ising2d_t15_r03_seed25069,25069,down,720,17,validation,-1.02,-0.13,0.13,0.36768750000000006
4668,d25_t15_r03_s018,2.7,15,3,93,ising2d_t15_r03_seed25069,25069,down,760,18,validation,-0.94,0.22,0.22,0.39437499999999986
4669,d25_t15_r03_s019,2.7,15,3,93,ising2d_t15_r03_seed25069,25069,down,800,19,validation,-0.75,-0.31,0.31,0.40149999999999986
4670,d25_t15_r03_s020,2.7,15,3,93,ising2d_t15_r03_seed25069,25069,down,840,20,validation,-0.88,0.115,0.115,0.3969375
4671,d25_t15_r03_s021,2.7,15,3,93,ising2d_t15_r03_seed25069,25069,down,880,21,validation,-1.13,0.435,0.435,0.37912500000000005
4672,d25_t15_r03_s022,2.7,15,3,93,ising2d_t15_r03_seed25069,25069,down,920,22,validation,-1.26,0.61,0.61,0.3428124999999999
4673,d25_t15_r03_s023,2.7,15,3,93,ising2d_t15_r03_seed25069,25069,down,960,23,validation,-0.84,0.14,0.14,0.3798750000000001
4674,d25_t15_r03_s024,2.7,15,3,93,ising2d_t15_r03_seed25069,25069,down,1000,24,validation,-0.76,0.035,0.035,0.4174375
4675,d25_t15_r03_s025,2.7,15,3,93,ising2d_t15_r03_seed25069,25069,down,1040,25,validation,-0.97,-0.25,0.25,0.36431249999999993
4676,d25_t15_r03_s026,2.7,15,3,93,ising2d_t15_r03_seed25069,25069,down,1080,26,validation,-1.02,-0.085,0.085,0.37093750000000003
4677,d25_t15_r03_s027,2.7,15,3,93,ising2d_t15_r03_seed25069,25069,down,1120,27,validation,-0.98,-0.245,0.245,0.40075000000000005
4678,d25_t15_r03_s028,2.7,15,3,93,ising2d_t15_r03_seed25069,25069,down,1160,28,validation,-0.93,0.155,0.155,0.39075000000000015
4679,d25_t15_r03_s029,2.7,15,3,93,ising2d_t15_r03_seed25069,25069,down,1200,29,validation,-0.99,0.14,0.14,0.3779374999999999
4680,d25_t15_r03_s030,2.7,15,3,93,ising2d_t15_r03_seed25069,25069,down,1240,30,validation,-0.92,0.095,0.095,0.3534375
4681,d25_t15_r03_s031,2.7,15,3,93,ising2d_t15_r03_seed25069,25069,down,1280,31,validation,-0.86,-0.3,0.3,0.3833125
4682,d25_t15_r03_s032,2.7,15,3,93,ising2d_t15_r03_seed25069,25069,down,1320,32,validation,-1.1,-0.375,0.375,0.39868750000000003
4683,d25_t15_r03_s033,2.7,15,3,93,ising2d_t15_r03_seed25069,25069,down,1360,33,validation,-0.79,-0.11,0.11,0.39018749999999996
4684,d25_t15_r03_s034,2.7,15,3,93,ising2d_t15_r03_seed25069,25069,down,1400,34,validation,-0.99,-0.24,0.24,0.393625
4685,d25_t15_r03_s035,2.7,15,3,93,ising2d_t15_r03_seed25069,25069,down,1440,35,validation,-0.76,0.135,0.135,0.4145625
4686,d25_t15_r03_s036,2.7,15,3,93,ising2d_t15_r03_seed25069,25069,down,1480,36,validation,-0.8,-0.07,0.07,0.4034375
4687,d25_t15_r03_s037,2.7,15,3,93,ising2d_t15_r03_seed25069,25069,down,1520,37,validation,-0.98,0.46,0.46,0.39525
4688,d25_t15_r03_s038,2.7,15,3,93,ising2d_t15_r03_seed25069,25069,down,1560,38,validation,-0.98,0.225,0.225,0.4015625
4689,d25_t15_r03_s039,2.7,15,3,93,ising2d_t15_r03_seed25069,25069,down,1600,39,validation,-0.72,0.135,0.135,0.402625
4690,d25_t15_r03_s040,2.7,15,3,93,ising2d_t15_r03_seed25069,25069,down,1640,40,validation,-0.79,0.07,0.07,0.3934375000000001
4691,d25_t15_r03_s041,2.7,15,3,93,ising2d_t15_r03_seed25069,25069,down,1680,41,validation,-1.03,0.315,0.315,0.4051875
4692,d25_t15_r03_s042,2.7,15,3,93,ising2d_t15_r03_seed25069,25069,down,1720,42,validation,-0.91,-0.05,0.05,0.38018749999999996
4693,d25_t15_r03_s043,2.7,15,3,93,ising2d_t15_r03_seed25069,25069,down,1760,43,validation,-0.99,0.05,0.05,0.41987499999999994
4694,d25_t15_r03_s044,2.7,15,3,93,ising2d_t15_r03_seed25069,25069,down,1800,44,validation,-0.92,0.2,0.2,0.4105
4695,d25_t15_r03_s045,2.7,15,3,93,ising2d_t15_r03_seed25069,25069,down,1840,45,validation,-0.97,0.02,0.02,0.37399999999999994
4696,d25_t15_r03_s046,2.7,15,3,93,ising2d_t15_r03_seed25069,25069,down,1880,46,validation,-1.01,-0.315,0.315,0.38668749999999996
4697,d25_t15_r03_s047,2.7,15,3,93,ising2d_t15_r03_seed25069,25069,down,1920,47,validation,-0.81,-0.22,0.22,0.3571874999999999
4698,d25_t15_r03_s048,2.7,15,3,93,ising2d_t15_r03_seed25069,25069,down,1960,48,validation,-0.92,0.39,0.39,0.39437500000000003
4699,d25_t15_r03_s049,2.7,15,3,93,ising2d_t15_r03_seed25069,25069,down,2000,49,validation,-1.08,0.325,0.325,0.3843125
4700,d25_t15_r04_s000,2.7,15,4,94,ising2d_t15_r04_seed25087,25087,up,40,0,test,-0.9,-0.26,0.26,0.39237500000000003
4701,d25_t15_r04_s001,2.7,15,4,94,ising2d_t15_r04_seed25087,25087,up,80,1,test,-1.09,0.105,0.105,0.39068749999999997
4702,d25_t15_r04_s002,2.7,15,4,94,ising2d_t15_r04_seed25087,25087,up,120,2,test,-1.06,-0.01,0.01,0.38031249999999994
4703,d25_t15_r04_s003,2.7,15,4,94,ising2d_t15_r04_seed25087,25087,up,160,3,test,-0.94,-0.085,0.085,0.38006249999999997
4704,d25_t15_r04_s004,2.7,15,4,94,ising2d_t15_r04_seed25087,25087,up,200,4,test,-0.97,-0.285,0.285,0.41374999999999995
4705,d25_t15_r04_s005,2.7,15,4,94,ising2d_t15_r04_seed25087,25087,up,240,5,test,-1.03,-0.245,0.245,0.3918750000000001
4706,d25_t15_r04_s006,2.7,15,4,94,ising2d_t15_r04_seed25087,25087,up,280,6,test,-1.02,0.095,0.095,0.4078749999999999
4707,d25_t15_r04_s007,2.7,15,4,94,ising2d_t15_r04_seed25087,25087,up,320,7,test,-0.92,0.23,0.23,0.3880625
4708,d25_t15_r04_s008,2.7,15,4,94,ising2d_t15_r04_seed25087,25087,up,360,8,test,-0.96,-0.3,0.3,0.3976249999999999
4709,d25_t15_r04_s009,2.7,15,4,94,ising2d_t15_r04_seed25087,25087,up,400,9,test,-1.02,-0.015,0.015,0.38531250000000006
4710,d25_t15_r04_s010,2.7,15,4,94,ising2d_t15_r04_seed25087,25087,up,440,10,test,-0.91,0.135,0.135,0.38899999999999996
4711,d25_t15_r04_s011,2.7,15,4,94,ising2d_t15_r04_seed25087,25087,up,480,11,test,-1.0,-0.35,0.35,0.3926875
4712,d25_t15_r04_s012,2.7,15,4,94,ising2d_t15_r04_seed25087,25087,up,520,12,test,-0.94,0.15,0.15,0.37812500000000004
4713,d25_t15_r04_s013,2.7,15,4,94,ising2d_t15_r04_seed25087,25087,up,560,13,test,-0.9,0.245,0.245,0.40218750000000003
4714,d25_t15_r04_s014,2.7,15,4,94,ising2d_t15_r04_seed25087,25087,up,600,14,test,-0.87,0.37,0.37,0.3331874999999999
4715,d25_t15_r04_s015,2.7,15,4,94,ising2d_t15_r04_seed25087,25087,up,640,15,test,-1.11,0.35,0.35,0.3644999999999999
4716,d25_t15_r04_s016,2.7,15,4,94,ising2d_t15_r04_seed25087,25087,up,680,16,test,-0.96,0.135,0.135,0.3978124999999999
4717,d25_t15_r04_s017,2.7,15,4,94,ising2d_t15_r04_seed25087,25087,up,720,17,test,-1.0,0.0,0.0,0.39981249999999996
4718,d25_t15_r04_s018,2.7,15,4,94,ising2d_t15_r04_seed25087,25087,up,760,18,test,-0.99,0.1,0.1,0.41200000000000003
4719,d25_t15_r04_s019,2.7,15,4,94,ising2d_t15_r04_seed25087,25087,up,800,19,test,-1.05,-0.245,0.245,0.4066875
4720,d25_t15_r04_s020,2.7,15,4,94,ising2d_t15_r04_seed25087,25087,up,840,20,test,-1.11,-0.13,0.13,0.3794374999999999
4721,d25_t15_r04_s021,2.7,15,4,94,ising2d_t15_r04_seed25087,25087,up,880,21,test,-0.91,0.055,0.055,0.40056250000000004
4722,d25_t15_r04_s022,2.7,15,4,94,ising2d_t15_r04_seed25087,25087,up,920,22,test,-1.02,-0.135,0.135,0.40812500000000007
4723,d25_t15_r04_s023,2.7,15,4,94,ising2d_t15_r04_seed25087,25087,up,960,23,test,-0.91,-0.12,0.12,0.4064374999999999
4724,d25_t15_r04_s024,2.7,15,4,94,ising2d_t15_r04_seed25087,25087,up,1000,24,test,-0.9,0.085,0.085,0.3911874999999999
4725,d25_t15_r04_s025,2.7,15,4,94,ising2d_t15_r04_seed25087,25087,up,1040,25,test,-1.01,0.22,0.22,0.3855625
4726,d25_t15_r04_s026,2.7,15,4,94,ising2d_t15_r04_seed25087,25087,up,1080,26,test,-0.93,0.175,0.175,0.36493749999999997
4727,d25_t15_r04_s027,2.7,15,4,94,ising2d_t15_r04_seed25087,25087,up,1120,27,test,-1.08,0.555,0.555,0.38787499999999997
4728,d25_t15_r04_s028,2.7,15,4,94,ising2d_t15_r04_seed25087,25087,up,1160,28,test,-0.85,0.455,0.455,0.35925
4729,d25_t15_r04_s029,2.7,15,4,94,ising2d_t15_r04_seed25087,25087,up,1200,29,test,-0.86,0.08,0.08,0.40443750000000006
4730,d25_t15_r04_s030,2.7,15,4,94,ising2d_t15_r04_seed25087,25087,up,1240,30,test,-0.99,-0.335,0.335,0.41381249999999997
4731,d25_t15_r04_s031,2.7,15,4,94,ising2d_t15_r04_seed25087,25087,up,1280,31,test,-1.07,-0.235,0.235,0.40375000000000005
4732,d25_t15_r04_s032,2.7,15,4,94,ising2d_t15_r04_seed25087,25087,up,1320,32,test,-0.94,-0.265,0.265,0.3966250000000001
4733,d25_t15_r04_s033,2.7,15,4,94,ising2d_t15_r04_seed25087,25087,up,1360,33,test,-0.97,0.055,0.055,0.37187500000000007
4734,d25_t15_r04_s034,2.7,15,4,94,ising2d_t15_r04_seed25087,25087,up,1400,34,test,-0.72,-0.14,0.14,0.3760624999999999
4735,d25_t15_r04_s035,2.7,15,4,94,ising2d_t15_r04_seed25087,25087,up,1440,35,test,-0.81,0.175,0.175,0.39856250000000004
4736,d25_t15_r04_s036,2.7,15,4,94,ising2d_t15_r04_seed25087,25087,up,1480,36,test,-1.18,-0.12,0.12,0.37581250000000005
4737,d25_t15_r04_s037,2.7,15,4,94,ising2d_t15_r04_seed25087,25087,up,1520,37,test,-0.86,-0.095,0.095,0.3751874999999999
4738,d25_t15_r04_s038,2.7,15,4,94,ising2d_t15_r04_seed25087,25087,up,1560,38,test,-0.98,0.04,0.04,0.42043749999999996
4739,d25_t15_r04_s039,2.7,15,4,94,ising2d_t15_r04_seed25087,25087,up,1600,39,test,-0.99,-0.005,0.005,0.3724374999999999
4740,d25_t15_r04_s040,2.7,15,4,94,ising2d_t15_r04_seed25087,25087,up,1640,40,test,-0.91,0.12,0.12,0.3730625
4741,d25_t15_r04_s041,2.7,15,4,94,ising2d_t15_r04_seed25087,25087,up,1680,41,test,-0.92,0.32,0.32,0.3695
4742,d25_t15_r04_s042,2.7,15,4,94,ising2d_t15_r04_seed25087,25087,up,1720,42,test,-0.98,0.065,0.065,0.3783125
4743,d25_t15_r04_s043,2.7,15,4,94,ising2d_t15_r04_seed25087,25087,up,1760,43,test,-0.98,-0.135,0.135,0.41187499999999994
4744,d25_t15_r04_s044,2.7,15,4,94,ising2d_t15_r04_seed25087,25087,up,1800,44,test,-0.87,-0.005,0.005,0.40099999999999997
4745,d25_t15_r04_s045,2.7,15,4,94,ising2d_t15_r04_seed25087,25087,up,1840,45,test,-0.97,-0.1,0.1,0.3791875
4746,d25_t15_r04_s046,2.7,15,4,94,ising2d_t15_r04_seed25087,25087,up,1880,46,test,-0.95,0.155,0.155,0.39668749999999997
4747,d25_t15_r04_s047,2.7,15,4,94,ising2d_t15_r04_seed25087,25087,up,1920,47,test,-0.94,-0.29,0.29,0.3875624999999999
4748,d25_t15_r04_s048,2.7,15,4,94,ising2d_t15_r04_seed25087,25087,up,1960,48,test,-0.98,0.135,0.135,0.38306250000000003
4749,d25_t15_r04_s049,2.7,15,4,94,ising2d_t15_r04_seed25087,25087,up,2000,49,test,-1.02,0.165,0.165,0.404
4750,d25_t15_r05_s000,2.7,15,5,95,ising2d_t15_r05_seed25105,25105,down,40,0,test,-0.96,0.075,0.075,0.39225
4751,d25_t15_r05_s001,2.7,15,5,95,ising2d_t15_r05_seed25105,25105,down,80,1,test,-1.0,-0.005,0.005,0.38150000000000006
4752,d25_t15_r05_s002,2.7,15,5,95,ising2d_t15_r05_seed25105,25105,down,120,2,test,-0.97,0.175,0.175,0.3922500000000001
4753,d25_t15_r05_s003,2.7,15,5,95,ising2d_t15_r05_seed25105,25105,down,160,3,test,-0.98,0.285,0.285,0.3786250000000001
4754,d25_t15_r05_s004,2.7,15,5,95,ising2d_t15_r05_seed25105,25105,down,200,4,test,-1.01,-0.22,0.22,0.39893749999999983
4755,d25_t15_r05_s005,2.7,15,5,95,ising2d_t15_r05_seed25105,25105,down,240,5,test,-0.91,0.065,0.065,0.39281250000000006
4756,d25_t15_r05_s006,2.7,15,5,95,ising2d_t15_r05_seed25105,25105,down,280,6,test,-0.92,-0.045,0.045,0.414125
4757,d25_t15_r05_s007,2.7,15,5,95,ising2d_t15_r05_seed25105,25105,down,320,7,test,-1.01,-0.345,0.345,0.395625
4758,d25_t15_r05_s008,2.7,15,5,95,ising2d_t15_r05_seed25105,25105,down,360,8,test,-0.97,-0.225,0.225,0.368125
4759,d25_t15_r05_s009,2.7,15,5,95,ising2d_t15_r05_seed25105,25105,down,400,9,test,-0.89,0.16,0.16,0.42256250000000006
4760,d25_t15_r05_s010,2.7,15,5,95,ising2d_t15_r05_seed25105,25105,down,440,10,test,-1.2,0.56,0.56,0.35925
4761,d25_t15_r05_s011,2.7,15,5,95,ising2d_t15_r05_seed25105,25105,down,480,11,test,-0.89,0.155,0.155,0.3708125
4762,d25_t15_r05_s012,2.7,15,5,95,ising2d_t15_r05_seed25105,25105,down,520,12,test,-0.83,-0.025,0.025,0.397375
4763,d25_t15_r05_s013,2.7,15,5,95,ising2d_t15_r05_seed25105,25105,down,560,13,test,-1.05,0.255,0.255,0.38550000000000006
4764,d25_t15_r05_s014,2.7,15,5,95,ising2d_t15_r05_seed25105,25105,down,600,14,test,-1.17,0.675,0.675,0.3507499999999999
4765,d25_t15_r05_s015,2.7,15,5,95,ising2d_t15_r05_seed25105,25105,down,640,15,test,-0.83,0.095,0.095,0.353375
4766,d25_t15_r05_s016,2.7,15,5,95,ising2d_t15_r05_seed25105,25105,down,680,16,test,-0.87,0.075,0.075,0.39025
4767,d25_t15_r05_s017,2.7,15,5,95,ising2d_t15_r05_seed25105,25105,down,720,17,test,-0.89,0.09,0.09,0.40268750000000003
4768,d25_t15_r05_s018,2.7,15,5,95,ising2d_t15_r05_seed25105,25105,down,760,18,test,-0.93,-0.135,0.135,0.40793749999999995
4769,d25_t15_r05_s019,2.7,15,5,95,ising2d_t15_r05_seed25105,25105,down,800,19,test,-1.01,-0.08,0.08,0.4058125
4770,d25_t15_r05_s020,2.7,15,5,95,ising2d_t15_r05_seed25105,25105,down,840,20,test,-1.09,-0.035,0.035,0.3849375000000001
4771,d25_t15_r05_s021,2.7,15,5,95,ising2d_t15_r05_seed25105,25105,down,880,21,test,-0.93,0.23,0.23,0.3534375
4772,d25_t15_r05_s022,2.7,15,5,95,ising2d_t15_r05_seed25105,25105,down,920,22,test,-0.81,0.125,0.125,0.38393749999999993
4773,d25_t15_r05_s023,2.7,15,5,95,ising2d_t15_r05_seed25105,25105,down,960,23,test,-0.98,-0.22,0.22,0.40843749999999995
4774,d25_t15_r05_s024,2.7,15,5,95,ising2d_t15_r05_seed25105,25105,down,1000,24,test,-0.98,0.0,0.0,0.384
4775,d25_t15_r05_s025,2.7,15,5,95,ising2d_t15_r05_seed25105,25105,down,1040,25,test,-1.11,-0.43,0.43,0.3777499999999999
4776,d25_t15_r05_s026,2.7,15,5,95,ising2d_t15_r05_seed25105,25105,down,1080,26,test,-1.01,-0.01,0.01,0.35687499999999994
4777,d25_t15_r05_s027,2.7,15,5,95,ising2d_t15_r05_seed25105,25105,down,1120,27,test,-0.9,-0.135,0.135,0.3955625000000001
4778,d25_t15_r05_s028,2.7,15,5,95,ising2d_t15_r05_seed25105,25105,down,1160,28,test,-0.98,-0.155,0.155,0.4085000000000002
4779,d25_t15_r05_s029,2.7,15,5,95,ising2d_t15_r05_seed25105,25105,down,1200,29,test,-0.83,-0.365,0.365,0.38925
4780,d25_t15_r05_s030,2.7,15,5,95,ising2d_t15_r05_seed25105,25105,down,1240,30,test,-0.75,0.14,0.14,0.41531250000000003
4781,d25_t15_r05_s031,2.7,15,5,95,ising2d_t15_r05_seed25105,25105,down,1280,31,test,-1.05,0.13,0.13,0.394875
4782,d25_t15_r05_s032,2.7,15,5,95,ising2d_t15_r05_seed25105,25105,down,1320,32,test,-0.96,-0.2,0.2,0.3802499999999999
4783,d25_t15_r05_s033,2.7,15,5,95,ising2d_t15_r05_seed25105,25105,down,1360,33,test,-1.07,-0.48,0.48,0.3262500000000001
4784,d25_t15_r05_s034,2.7,15,5,95,ising2d_t15_r05_seed25105,25105,down,1400,34,test,-0.83,-0.285,0.285,0.39318749999999997
4785,d25_t15_r05_s035,2.7,15,5,95,ising2d_t15_r05_seed25105,25105,down,1440,35,test,-0.8,0.11,0.11,0.3986875
4786,d25_t15_r05_s036,2.7,15,5,95,ising2d_t15_r05_seed25105,25105,down,1480,36,test,-1.07,-0.27,0.27,0.38475000000000004
4787,d25_t15_r05_s037,2.7,15,5,95,ising2d_t15_r05_seed25105,25105,down,1520,37,test,-0.91,-0.08,0.08,0.38500000000000006
4788,d25_t15_r05_s038,2.7,15,5,95,ising2d_t15_r05_seed25105,25105,down,1560,38,test,-0.83,0.315,0.315,0.39256250000000004
4789,d25_t15_r05_s039,2.7,15,5,95,ising2d_t15_r05_seed25105,25105,down,1600,39,test,-0.87,-0.02,0.02,0.38093749999999993
4790,d25_t15_r05_s040,2.7,15,5,95,ising2d_t15_r05_seed25105,25105,down,1640,40,test,-1.23,-0.425,0.425,0.3745625
4791,d25_t15_r05_s041,2.7,15,5,95,ising2d_t15_r05_seed25105,25105,down,1680,41,test,-0.81,-0.14,0.14,0.3661875
4792,d25_t15_r05_s042,2.7,15,5,95,ising2d_t15_r05_seed25105,25105,down,1720,42,test,-0.91,-0.22,0.22,0.41550000000000004
4793,d25_t15_r05_s043,2.7,15,5,95,ising2d_t15_r05_seed25105,25105,down,1760,43,test,-0.95,-0.105,0.105,0.3918124999999999
4794,d25_t15_r05_s044,2.7,15,5,95,ising2d_t15_r05_seed25105,25105,down,1800,44,test,-0.94,0.0,0.0,0.36743750000000003
4795,d25_t15_r05_s045,2.7,15,5,95,ising2d_t15_r05_seed25105,25105,down,1840,45,test,-0.77,-0.015,0.015,0.4264374999999999
4796,d25_t15_r05_s046,2.7,15,5,95,ising2d_t15_r05_seed25105,25105,down,1880,46,test,-0.95,-0.1,0.1,0.4104375
4797,d25_t15_r05_s047,2.7,15,5,95,ising2d_t15_r05_seed25105,25105,down,1920,47,test,-1.14,-0.29,0.29,0.37449999999999994
4798,d25_t15_r05_s048,2.7,15,5,95,ising2d_t15_r05_seed25105,25105,down,1960,48,test,-1.01,-0.02,0.02,0.38075000000000003
4799,d25_t15_r05_s049,2.7,15,5,95,ising2d_t15_r05_seed25105,25105,down,2000,49,test,-1.01,0.24,0.24,0.4095
4800,d25_t16_r00_s000,3.0,16,0,96,ising2d_t16_r00_seed25016,25016,up,40,0,train,-0.59,0.085,0.085,0.47999999999999987
4801,d25_t16_r00_s001,3.0,16,0,96,ising2d_t16_r00_seed25016,25016,up,80,1,train,-0.82,-0.005,0.005,0.43599999999999994
4802,d25_t16_r00_s002,3.0,16,0,96,ising2d_t16_r00_seed25016,25016,up,120,2,train,-0.74,-0.02,0.02,0.46306249999999993
4803,d25_t16_r00_s003,3.0,16,0,96,ising2d_t16_r00_seed25016,25016,up,160,3,train,-0.77,-0.015,0.015,0.44356249999999997
4804,d25_t16_r00_s004,3.0,16,0,96,ising2d_t16_r00_seed25016,25016,up,200,4,train,-0.9,0.01,0.01,0.4826875000000001
4805,d25_t16_r00_s005,3.0,16,0,96,ising2d_t16_r00_seed25016,25016,up,240,5,train,-0.8,0.045,0.045,0.4675625
4806,d25_t16_r00_s006,3.0,16,0,96,ising2d_t16_r00_seed25016,25016,up,280,6,train,-0.89,0.27,0.27,0.4551874999999999
4807,d25_t16_r00_s007,3.0,16,0,96,ising2d_t16_r00_seed25016,25016,up,320,7,train,-0.77,-0.185,0.185,0.45743750000000005
4808,d25_t16_r00_s008,3.0,16,0,96,ising2d_t16_r00_seed25016,25016,up,360,8,train,-0.75,0.025,0.025,0.477
4809,d25_t16_r00_s009,3.0,16,0,96,ising2d_t16_r00_seed25016,25016,up,400,9,train,-0.87,0.15,0.15,0.46506250000000016
4810,d25_t16_r00_s010,3.0,16,0,96,ising2d_t16_r00_seed25016,25016,up,440,10,train,-0.65,-0.055,0.055,0.4636875000000001
4811,d25_t16_r00_s011,3.0,16,0,96,ising2d_t16_r00_seed25016,25016,up,480,11,train,-0.83,0.06,0.06,0.47943749999999996
4812,d25_t16_r00_s012,3.0,16,0,96,ising2d_t16_r00_seed25016,25016,up,520,12,train,-0.76,0.2,0.2,0.46587500000000004
4813,d25_t16_r00_s013,3.0,16,0,96,ising2d_t16_r00_seed25016,25016,up,560,13,train,-0.83,-0.13,0.13,0.4512500000000001
4814,d25_t16_r00_s014,3.0,16,0,96,ising2d_t16_r00_seed25016,25016,up,600,14,train,-0.79,-0.005,0.005,0.4733125
4815,d25_t16_r00_s015,3.0,16,0,96,ising2d_t16_r00_seed25016,25016,up,640,15,train,-0.69,0.14,0.14,0.4641875
4816,d25_t16_r00_s016,3.0,16,0,96,ising2d_t16_r00_seed25016,25016,up,680,16,train,-0.8,0.115,0.115,0.45806250000000004
4817,d25_t16_r00_s017,3.0,16,0,96,ising2d_t16_r00_seed25016,25016,up,720,17,train,-0.86,-0.1,0.1,0.45843750000000005
4818,d25_t16_r00_s018,3.0,16,0,96,ising2d_t16_r00_seed25016,25016,up,760,18,train,-0.9,0.195,0.195,0.46781249999999996
4819,d25_t16_r00_s019,3.0,16,0,96,ising2d_t16_r00_seed25016,25016,up,800,19,train,-0.78,0.125,0.125,0.47162500000000007
4820,d25_t16_r00_s020,3.0,16,0,96,ising2d_t16_r00_seed25016,25016,up,840,20,train,-0.88,-0.305,0.305,0.45962499999999984
4821,d25_t16_r00_s021,3.0,16,0,96,ising2d_t16_r00_seed25016,25016,up,880,21,train,-0.72,-0.035,0.035,0.45612499999999995
4822,d25_t16_r00_s022,3.0,16,0,96,ising2d_t16_r00_seed25016,25016,up,920,22,train,-0.69,0.005,0.005,0.4669999999999999
4823,d25_t16_r00_s023,3.0,16,0,96,ising2d_t16_r00_seed25016,25016,up,960,23,train,-0.64,-0.055,0.055,0.46975
4824,d25_t16_r00_s024,3.0,16,0,96,ising2d_t16_r00_seed25016,25016,up,1000,24,train,-0.73,0.01,0.01,0.4666874999999999
4825,d25_t16_r00_s025,3.0,16,0,96,ising2d_t16_r00_seed25016,25016,up,1040,25,train,-0.83,0.235,0.235,0.4636875000000001
4826,d25_t16_r00_s026,3.0,16,0,96,ising2d_t16_r00_seed25016,25016,up,1080,26,train,-0.76,0.26,0.26,0.4453125000000001
4827,d25_t16_r00_s027,3.0,16,0,96,ising2d_t16_r00_seed25016,25016,up,1120,27,train,-0.91,-0.01,0.01,0.44375
4828,d25_t16_r00_s028,3.0,16,0,96,ising2d_t16_r00_seed25016,25016,up,1160,28,train,-0.63,0.15,0.15,0.463875
4829,d25_t16_r00_s029,3.0,16,0,96,ising2d_t16_r00_seed25016,25016,up,1200,29,train,-0.69,0.01,0.01,0.4615
4830,d25_t16_r00_s030,3.0,16,0,96,ising2d_t16_r00_seed25016,25016,up,1240,30,train,-0.85,0.23,0.23,0.467875
4831,d25_t16_r00_s031,3.0,16,0,96,ising2d_t16_r00_seed25016,25016,up,1280,31,train,-0.79,-0.05,0.05,0.450125
4832,d25_t16_r00_s032,3.0,16,0,96,ising2d_t16_r00_seed25016,25016,up,1320,32,train,-0.78,0.055,0.055,0.4595625
4833,d25_t16_r00_s033,3.0,16,0,96,ising2d_t16_r00_seed25016,25016,up,1360,33,train,-0.89,0.175,0.175,0.460375
4834,d25_t16_r00_s034,3.0,16,0,96,ising2d_t16_r00_seed25016,25016,up,1400,34,train,-0.71,0.04,0.04,0.4663125000000002
4835,d25_t16_r00_s035,3.0,16,0,96,ising2d_t16_r00_seed25016,25016,up,1440,35,train,-0.84,-0.205,0.205,0.46093750000000017
4836,d25_t16_r00_s036,3.0,16,0,96,ising2d_t16_r00_seed25016,25016,up,1480,36,train,-0.78,0.07,0.07,0.4671875
4837,d25_t16_r00_s037,3.0,16,0,96,ising2d_t16_r00_seed25016,25016,up,1520,37,train,-0.77,0.165,0.165,0.46906250000000005
4838,d25_t16_r00_s038,3.0,16,0,96,ising2d_t16_r00_seed25016,25016,up,1560,38,train,-0.79,0.08,0.08,0.4646875
4839,d25_t16_r00_s039,3.0,16,0,96,ising2d_t16_r00_seed25016,25016,up,1600,39,train,-0.71,0.025,0.025,0.4591874999999998
4840,d25_t16_r00_s040,3.0,16,0,96,ising2d_t16_r00_seed25016,25016,up,1640,40,train,-0.79,-0.22,0.22,0.46443749999999995
4841,d25_t16_r00_s041,3.0,16,0,96,ising2d_t16_r00_seed25016,25016,up,1680,41,train,-0.87,0.04,0.04,0.46374999999999994
4842,d25_t16_r00_s042,3.0,16,0,96,ising2d_t16_r00_seed25016,25016,up,1720,42,train,-0.85,0.165,0.165,0.45318749999999997
4843,d25_t16_r00_s043,3.0,16,0,96,ising2d_t16_r00_seed25016,25016,up,1760,43,train,-0.92,0.47,0.47,0.45793750000000005
4844,d25_t16_r00_s044,3.0,16,0,96,ising2d_t16_r00_seed25016,25016,up,1800,44,train,-0.9,-0.07,0.07,0.4647500000000001
4845,d25_t16_r00_s045,3.0,16,0,96,ising2d_t16_r00_seed25016,25016,up,1840,45,train,-0.88,0.46,0.46,0.4425
4846,d25_t16_r00_s046,3.0,16,0,96,ising2d_t16_r00_seed25016,25016,up,1880,46,train,-0.73,0.07,0.07,0.45162499999999994
4847,d25_t16_r00_s047,3.0,16,0,96,ising2d_t16_r00_seed25016,25016,up,1920,47,train,-0.84,-0.04,0.04,0.45512500000000006
4848,d25_t16_r00_s048,3.0,16,0,96,ising2d_t16_r00_seed25016,25016,up,1960,48,train,-0.86,0.175,0.175,0.4801874999999999
4849,d25_t16_r00_s049,3.0,16,0,96,ising2d_t16_r00_seed25016,25016,up,2000,49,train,-0.92,0.05,0.05,0.45581250000000006
4850,d25_t16_r01_s000,3.0,16,1,97,ising2d_t16_r01_seed25034,25034,down,40,0,train,-0.72,0.25,0.25,0.47731250000000014
4851,d25_t16_r01_s001,3.0,16,1,97,ising2d_t16_r01_seed25034,25034,down,80,1,train,-0.91,-0.195,0.195,0.47818750000000004
4852,d25_t16_r01_s002,3.0,16,1,97,ising2d_t16_r01_seed25034,25034,down,120,2,train,-0.74,0.105,0.105,0.47562499999999996
4853,d25_t16_r01_s003,3.0,16,1,97,ising2d_t16_r01_seed25034,25034,down,160,3,train,-0.83,-0.1,0.1,0.4751874999999998
4854,d25_t16_r01_s004,3.0,16,1,97,ising2d_t16_r01_seed25034,25034,down,200,4,train,-0.74,-0.04,0.04,0.44400000000000006
4855,d25_t16_r01_s005,3.0,16,1,97,ising2d_t16_r01_seed25034,25034,down,240,5,train,-0.97,0.395,0.395,0.4659375
4856,d25_t16_r01_s006,3.0,16,1,97,ising2d_t16_r01_seed25034,25034,down,280,6,train,-0.72,0.08,0.08,0.45143749999999994
4857,d25_t16_r01_s007,3.0,16,1,97,ising2d_t16_r01_seed25034,25034,down,320,7,train,-0.8,-0.165,0.165,0.4533124999999999
4858,d25_t16_r01_s008,3.0,16,1,97,ising2d_t16_r01_seed25034,25034,down,360,8,train,-0.97,-0.35,0.35,0.47506250000000005
4859,d25_t16_r01_s009,3.0,16,1,97,ising2d_t16_r01_seed25034,25034,down,400,9,train,-0.98,-0.13,0.13,0.48637500000000006
4860,d25_t16_r01_s010,3.0,16,1,97,ising2d_t16_r01_seed25034,25034,down,440,10,train,-0.72,-0.13,0.13,0.44499999999999995
4861,d25_t16_r01_s011,3.0,16,1,97,ising2d_t16_r01_seed25034,25034,down,480,11,train,-0.89,-0.135,0.135,0.4645625
4862,d25_t16_r01_s012,3.0,16,1,97,ising2d_t16_r01_seed25034,25034,down,520,12,train,-0.65,0.07,0.07,0.48793749999999997
4863,d25_t16_r01_s013,3.0,16,1,97,ising2d_t16_r01_seed25034,25034,down,560,13,train,-0.72,0.01,0.01,0.4666249999999999
4864,d25_t16_r01_s014,3.0,16,1,97,ising2d_t16_r01_seed25034,25034,down,600,14,train,-0.76,-0.065,0.065,0.4451875000000001
4865,d25_t16_r01_s015,3.0,16,1,97,ising2d_t16_r01_seed25034,25034,down,640,15,train,-0.96,-0.14,0.14,0.48006249999999995
4866,d25_t16_r01_s016,3.0,16,1,97,ising2d_t16_r01_seed25034,25034,down,680,16,train,-0.79,0.005,0.005,0.4701875000000001
4867,d25_t16_r01_s017,3.0,16,1,97,ising2d_t16_r01_seed25034,25034,down,720,17,train,-0.9,-0.025,0.025,0.46150000000000013
4868,d25_t16_r01_s018,3.0,16,1,97,ising2d_t16_r01_seed25034,25034,down,760,18,train,-0.76,-0.135,0.135,0.46900000000000003
4869,d25_t16_r01_s019,3.0,16,1,97,ising2d_t16_r01_seed25034,25034,down,800,19,train,-0.68,0.09,0.09,0.46293750000000006
4870,d25_t16_r01_s020,3.0,16,1,97,ising2d_t16_r01_seed25034,25034,down,840,20,train,-0.99,-0.24,0.24,0.46925
4871,d25_t16_r01_s021,3.0,16,1,97,ising2d_t16_r01_seed25034,25034,down,880,21,train,-0.65,-0.24,0.24,0.446125
4872,d25_t16_r01_s022,3.0,16,1,97,ising2d_t16_r01_seed25034,25034,down,920,22,train,-0.73,0.12,0.12,0.459875
4873,d25_t16_r01_s023,3.0,16,1,97,ising2d_t16_r01_seed25034,25034,down,960,23,train,-0.69,0.18,0.18,0.46225000000000016
4874,d25_t16_r01_s024,3.0,16,1,97,ising2d_t16_r01_seed25034,25034,down,1000,24,train,-0.85,0.26,0.26,0.46637500000000004
4875,d25_t16_r01_s025,3.0,16,1,97,ising2d_t16_r01_seed25034,25034,down,1040,25,train,-0.8,-0.095,0.095,0.4715625
4876,d25_t16_r01_s026,3.0,16,1,97,ising2d_t16_r01_seed25034,25034,down,1080,26,train,-0.62,0.075,0.075,0.47037500000000004
4877,d25_t16_r01_s027,3.0,16,1,97,ising2d_t16_r01_seed25034,25034,down,1120,27,train,-0.76,0.02,0.02,0.47581249999999997
4878,d25_t16_r01_s028,3.0,16,1,97,ising2d_t16_r01_seed25034,25034,down,1160,28,train,-0.76,0.01,0.01,0.46837500000000015
4879,d25_t16_r01_s029,3.0,16,1,97,ising2d_t16_r01_seed25034,25034,down,1200,29,train,-0.78,0.035,0.035,0.4655625
4880,d25_t16_r01_s030,3.0,16,1,97,ising2d_t16_r01_seed25034,25034,down,1240,30,train,-0.85,0.1,0.1,0.4810624999999999
4881,d25_t16_r01_s031,3.0,16,1,97,ising2d_t16_r01_seed25034,25034,down,1280,31,train,-0.67,-0.065,0.065,0.47418750000000004
4882,d25_t16_r01_s032,3.0,16,1,97,ising2d_t16_r01_seed25034,25034,down,1320,32,train,-0.85,0.03,0.03,0.4770625
4883,d25_t16_r01_s033,3.0,16,1,97,ising2d_t16_r01_seed25034,25034,down,1360,33,train,-0.93,-0.11,0.11,0.4508750000000002
4884,d25_t16_r01_s034,3.0,16,1,97,ising2d_t16_r01_seed25034,25034,down,1400,34,train,-0.79,-0.19,0.19,0.4575
4885,d25_t16_r01_s035,3.0,16,1,97,ising2d_t16_r01_seed25034,25034,down,1440,35,train,-0.69,-0.015,0.015,0.48268750000000005
4886,d25_t16_r01_s036,3.0,16,1,97,ising2d_t16_r01_seed25034,25034,down,1480,36,train,-0.85,0.28,0.28,0.4378125
4887,d25_t16_r01_s037,3.0,16,1,97,ising2d_t16_r01_seed25034,25034,down,1520,37,train,-0.84,0.18,0.18,0.46225000000000005
4888,d25_t16_r01_s038,3.0,16,1,97,ising2d_t16_r01_seed25034,25034,down,1560,38,train,-0.73,0.055,0.055,0.4864374999999999
4889,d25_t16_r01_s039,3.0,16,1,97,ising2d_t16_r01_seed25034,25034,down,1600,39,train,-0.78,0.21,0.21,0.48581249999999987
4890,d25_t16_r01_s040,3.0,16,1,97,ising2d_t16_r01_seed25034,25034,down,1640,40,train,-0.74,-0.225,0.225,0.4635625
4891,d25_t16_r01_s041,3.0,16,1,97,ising2d_t16_r01_seed25034,25034,down,1680,41,train,-0.88,-0.225,0.225,0.4561250000000001
4892,d25_t16_r01_s042,3.0,16,1,97,ising2d_t16_r01_seed25034,25034,down,1720,42,train,-0.67,-0.1,0.1,0.46956250000000005
4893,d25_t16_r01_s043,3.0,16,1,97,ising2d_t16_r01_seed25034,25034,down,1760,43,train,-0.87,-0.15,0.15,0.4583749999999999
4894,d25_t16_r01_s044,3.0,16,1,97,ising2d_t16_r01_seed25034,25034,down,1800,44,train,-0.89,-0.075,0.075,0.4610625
4895,d25_t16_r01_s045,3.0,16,1,97,ising2d_t16_r01_seed25034,25034,down,1840,45,train,-0.66,0.265,0.265,0.47487499999999994
4896,d25_t16_r01_s046,3.0,16,1,97,ising2d_t16_r01_seed25034,25034,down,1880,46,train,-0.82,-0.04,0.04,0.4715625
4897,d25_t16_r01_s047,3.0,16,1,97,ising2d_t16_r01_seed25034,25034,down,1920,47,train,-0.89,-0.01,0.01,0.4765
4898,d25_t16_r01_s048,3.0,16,1,97,ising2d_t16_r01_seed25034,25034,down,1960,48,train,-0.82,-0.015,0.015,0.4769375
4899,d25_t16_r01_s049,3.0,16,1,97,ising2d_t16_r01_seed25034,25034,down,2000,49,train,-0.76,-0.03,0.03,0.45981250000000007
4900,d25_t16_r02_s000,3.0,16,2,98,ising2d_t16_r02_seed25052,25052,up,40,0,validation,-0.78,-0.19,0.19,0.47756250000000006
4901,d25_t16_r02_s001,3.0,16,2,98,ising2d_t16_r02_seed25052,25052,up,80,1,validation,-0.78,0.015,0.015,0.44681249999999995
4902,d25_t16_r02_s002,3.0,16,2,98,ising2d_t16_r02_seed25052,25052,up,120,2,validation,-0.96,-0.39,0.39,0.4609375
4903,d25_t16_r02_s003,3.0,16,2,98,ising2d_t16_r02_seed25052,25052,up,160,3,validation,-0.84,0.045,0.045,0.4610625
4904,d25_t16_r02_s004,3.0,16,2,98,ising2d_t16_r02_seed25052,25052,up,200,4,validation,-0.76,0.065,0.065,0.4778749999999999
4905,d25_t16_r02_s005,3.0,16,2,98,ising2d_t16_r02_seed25052,25052,up,240,5,validation,-0.73,0.32,0.32,0.4694374999999999
4906,d25_t16_r02_s006,3.0,16,2,98,ising2d_t16_r02_seed25052,25052,up,280,6,validation,-0.9,-0.29,0.29,0.46137500000000004
4907,d25_t16_r02_s007,3.0,16,2,98,ising2d_t16_r02_seed25052,25052,up,320,7,validation,-0.66,0.125,0.125,0.48256249999999995
4908,d25_t16_r02_s008,3.0,16,2,98,ising2d_t16_r02_seed25052,25052,up,360,8,validation,-0.74,-0.09,0.09,0.4769374999999999
4909,d25_t16_r02_s009,3.0,16,2,98,ising2d_t16_r02_seed25052,25052,up,400,9,validation,-0.92,-0.105,0.105,0.4555624999999999
4910,d25_t16_r02_s010,3.0,16,2,98,ising2d_t16_r02_seed25052,25052,up,440,10,validation,-0.89,0.04,0.04,0.4840625
4911,d25_t16_r02_s011,3.0,16,2,98,ising2d_t16_r02_seed25052,25052,up,480,11,validation,-0.65,0.06,0.06,0.477375
4912,d25_t16_r02_s012,3.0,16,2,98,ising2d_t16_r02_seed25052,25052,up,520,12,validation,-0.79,-0.22,0.22,0.47824999999999995
4913,d25_t16_r02_s013,3.0,16,2,98,ising2d_t16_r02_seed25052,25052,up,560,13,validation,-0.63,-0.12,0.12,0.48
4914,d25_t16_r02_s014,3.0,16,2,98,ising2d_t16_r02_seed25052,25052,up,600,14,validation,-0.84,0.24,0.24,0.47574999999999995
4915,d25_t16_r02_s015,3.0,16,2,98,ising2d_t16_r02_seed25052,25052,up,640,15,validation,-0.71,-0.105,0.105,0.4721875
4916,d25_t16_r02_s016,3.0,16,2,98,ising2d_t16_r02_seed25052,25052,up,680,16,validation,-0.82,-0.05,0.05,0.45181250000000006
4917,d25_t16_r02_s017,3.0,16,2,98,ising2d_t16_r02_seed25052,25052,up,720,17,validation,-0.9,-0.31,0.31,0.4643750000000001
4918,d25_t16_r02_s018,3.0,16,2,98,ising2d_t16_r02_seed25052,25052,up,760,18,validation,-0.86,0.195,0.195,0.44993750000000016
4919,d25_t16_r02_s019,3.0,16,2,98,ising2d_t16_r02_seed25052,25052,up,800,19,validation,-0.95,0.115,0.115,0.460875
4920,d25_t16_r02_s020,3.0,16,2,98,ising2d_t16_r02_seed25052,25052,up,840,20,validation,-0.81,0.11,0.11,0.45631249999999995
4921,d25_t16_r02_s021,3.0,16,2,98,ising2d_t16_r02_seed25052,25052,up,880,21,validation,-0.91,-0.265,0.265,0.4231874999999999
4922,d25_t16_r02_s022,3.0,16,2,98,ising2d_t16_r02_seed25052,25052,up,920,22,validation,-0.82,0.075,0.075,0.46499999999999986
4923,d25_t16_r02_s023,3.0,16,2,98,ising2d_t16_r02_seed25052,25052,up,960,23,validation,-1.01,-0.475,0.475,0.461625
4924,d25_t16_r02_s024,3.0,16,2,98,ising2d_t16_r02_seed25052,25052,up,1000,24,validation,-0.9,-0.015,0.015,0.459375
4925,d25_t16_r02_s025,3.0,16,2,98,ising2d_t16_r02_seed25052,25052,up,1040,25,validation,-0.8,-0.135,0.135,0.45199999999999996
4926,d25_t16_r02_s026,3.0,16,2,98,ising2d_t16_r02_seed25052,25052,up,1080,26,validation,-0.68,0.02,0.02,0.4661874999999999
4927,d25_t16_r02_s027,3.0,16,2,98,ising2d_t16_r02_seed25052,25052,up,1120,27,validation,-0.78,0.085,0.085,0.4609375000000001
4928,d25_t16_r02_s028,3.0,16,2,98,ising2d_t16_r02_seed25052,25052,up,1160,28,validation,-0.77,0.015,0.015,0.46149999999999985
4929,d25_t16_r02_s029,3.0,16,2,98,ising2d_t16_r02_seed25052,25052,up,1200,29,validation,-0.66,0.12,0.12,0.45268749999999985
4930,d25_t16_r02_s030,3.0,16,2,98,ising2d_t16_r02_seed25052,25052,up,1240,30,validation,-0.83,0.03,0.03,0.461125
4931,d25_t16_r02_s031,3.0,16,2,98,ising2d_t16_r02_seed25052,25052,up,1280,31,validation,-0.72,0.145,0.145,0.4603125
4932,d25_t16_r02_s032,3.0,16,2,98,ising2d_t16_r02_seed25052,25052,up,1320,32,validation,-0.85,0.015,0.015,0.4638750000000001
4933,d25_t16_r02_s033,3.0,16,2,98,ising2d_t16_r02_seed25052,25052,up,1360,33,validation,-0.84,0.28,0.28,0.4613124999999999
4934,d25_t16_r02_s034,3.0,16,2,98,ising2d_t16_r02_seed25052,25052,up,1400,34,validation,-0.85,-0.155,0.155,0.43393750000000014
4935,d25_t16_r02_s035,3.0,16,2,98,ising2d_t16_r02_seed25052,25052,up,1440,35,validation,-0.88,0.015,0.015,0.44699999999999995
4936,d25_t16_r02_s036,3.0,16,2,98,ising2d_t16_r02_seed25052,25052,up,1480,36,validation,-0.74,-0.04,0.04,0.4641875
4937,d25_t16_r02_s037,3.0,16,2,98,ising2d_t16_r02_seed25052,25052,up,1520,37,validation,-0.84,-0.16,0.16,0.47299999999999986
4938,d25_t16_r02_s038,3.0,16,2,98,ising2d_t16_r02_seed25052,25052,up,1560,38,validation,-0.86,-0.17,0.17,0.457375
4939,d25_t16_r02_s039,3.0,16,2,98,ising2d_t16_r02_seed25052,25052,up,1600,39,validation,-0.79,-0.275,0.275,0.4555625000000002
4940,d25_t16_r02_s040,3.0,16,2,98,ising2d_t16_r02_seed25052,25052,up,1640,40,validation,-0.86,-0.25,0.25,0.4605625
4941,d25_t16_r02_s041,3.0,16,2,98,ising2d_t16_r02_seed25052,25052,up,1680,41,validation,-0.82,-0.165,0.165,0.4703125
4942,d25_t16_r02_s042,3.0,16,2,98,ising2d_t16_r02_seed25052,25052,up,1720,42,validation,-0.87,0.03,0.03,0.4619375
4943,d25_t16_r02_s043,3.0,16,2,98,ising2d_t16_r02_seed25052,25052,up,1760,43,validation,-0.78,0.125,0.125,0.46156250000000015
4944,d25_t16_r02_s044,3.0,16,2,98,ising2d_t16_r02_seed25052,25052,up,1800,44,validation,-0.84,0.225,0.225,0.46575000000000005
4945,d25_t16_r02_s045,3.0,16,2,98,ising2d_t16_r02_seed25052,25052,up,1840,45,validation,-0.79,0.145,0.145,0.4499999999999999
4946,d25_t16_r02_s046,3.0,16,2,98,ising2d_t16_r02_seed25052,25052,up,1880,46,validation,-0.76,0.0,0.0,0.4593124999999998
4947,d25_t16_r02_s047,3.0,16,2,98,ising2d_t16_r02_seed25052,25052,up,1920,47,validation,-0.97,0.265,0.265,0.46481249999999996
4948,d25_t16_r02_s048,3.0,16,2,98,ising2d_t16_r02_seed25052,25052,up,1960,48,validation,-0.77,-0.155,0.155,0.469375
4949,d25_t16_r02_s049,3.0,16,2,98,ising2d_t16_r02_seed25052,25052,up,2000,49,validation,-0.9,-0.26,0.26,0.4676875
4950,d25_t16_r03_s000,3.0,16,3,99,ising2d_t16_r03_seed25070,25070,down,40,0,validation,-0.95,0.245,0.245,0.4536875
4951,d25_t16_r03_s001,3.0,16,3,99,ising2d_t16_r03_seed25070,25070,down,80,1,validation,-0.9,-0.015,0.015,0.4677500000000001
4952,d25_t16_r03_s002,3.0,16,3,99,ising2d_t16_r03_seed25070,25070,down,120,2,validation,-0.71,0.015,0.015,0.44049999999999995
4953,d25_t16_r03_s003,3.0,16,3,99,ising2d_t16_r03_seed25070,25070,down,160,3,validation,-0.79,-0.285,0.285,0.4641250000000001
4954,d25_t16_r03_s004,3.0,16,3,99,ising2d_t16_r03_seed25070,25070,down,200,4,validation,-0.84,0.335,0.335,0.46624999999999994
4955,d25_t16_r03_s005,3.0,16,3,99,ising2d_t16_r03_seed25070,25070,down,240,5,validation,-0.7,0.26,0.26,0.45356250000000004
4956,d25_t16_r03_s006,3.0,16,3,99,ising2d_t16_r03_seed25070,25070,down,280,6,validation,-0.87,0.08,0.08,0.4820000000000002
4957,d25_t16_r03_s007,3.0,16,3,99,ising2d_t16_r03_seed25070,25070,down,320,7,validation,-0.86,-0.04,0.04,0.450125
4958,d25_t16_r03_s008,3.0,16,3,99,ising2d_t16_r03_seed25070,25070,down,360,8,validation,-0.8,0.11,0.11,0.4293750000000001
4959,d25_t16_r03_s009,3.0,16,3,99,ising2d_t16_r03_seed25070,25070,down,400,9,validation,-0.76,-0.005,0.005,0.4485625
4960,d25_t16_r03_s010,3.0,16,3,99,ising2d_t16_r03_seed25070,25070,down,440,10,validation,-0.72,-0.125,0.125,0.4709999999999999
4961,d25_t16_r03_s011,3.0,16,3,99,ising2d_t16_r03_seed25070,25070,down,480,11,validation,-0.91,-0.245,0.245,0.45650000000000024
4962,d25_t16_r03_s012,3.0,16,3,99,ising2d_t16_r03_seed25070,25070,down,520,12,validation,-1.0,-0.1,0.1,0.4541875000000001
4963,d25_t16_r03_s013,3.0,16,3,99,ising2d_t16_r03_seed25070,25070,down,560,13,validation,-0.9,0.005,0.005,0.45981250000000007
4964,d25_t16_r03_s014,3.0,16,3,99,ising2d_t16_r03_seed25070,25070,down,600,14,validation,-0.91,-0.14,0.14,0.47493750000000007
4965,d25_t16_r03_s015,3.0,16,3,99,ising2d_t16_r03_seed25070,25070,down,640,15,validation,-0.95,-0.22,0.22,0.4392500000000001
4966,d25_t16_r03_s016,3.0,16,3,99,ising2d_t16_r03_seed25070,25070,down,680,16,validation,-0.77,0.165,0.165,0.45931250000000007
4967,d25_t16_r03_s017,3.0,16,3,99,ising2d_t16_r03_seed25070,25070,down,720,17,validation,-0.72,-0.065,0.065,0.45862500000000006
4968,d25_t16_r03_s018,3.0,16,3,99,ising2d_t16_r03_seed25070,25070,down,760,18,validation,-0.68,-0.045,0.045,0.48374999999999996
4969,d25_t16_r03_s019,3.0,16,3,99,ising2d_t16_r03_seed25070,25070,down,800,19,validation,-0.81,0.095,0.095,0.46525
4970,d25_t16_r03_s020,3.0,16,3,99,ising2d_t16_r03_seed25070,25070,down,840,20,validation,-0.85,0.12,0.12,0.4713125000000001
4971,d25_t16_r03_s021,3.0,16,3,99,ising2d_t16_r03_seed25070,25070,down,880,21,validation,-1.01,-0.16,0.16,0.46149999999999985
4972,d25_t16_r03_s022,3.0,16,3,99,ising2d_t16_r03_seed25070,25070,down,920,22,validation,-0.7,0.055,0.055,0.4636875
4973,d25_t16_r03_s023,3.0,16,3,99,ising2d_t16_r03_seed25070,25070,down,960,23,validation,-0.76,-0.26,0.26,0.45918749999999997
4974,d25_t16_r03_s024,3.0,16,3,99,ising2d_t16_r03_seed25070,25070,down,1000,24,validation,-0.82,-0.045,0.045,0.46306250000000004
4975,d25_t16_r03_s025,3.0,16,3,99,ising2d_t16_r03_seed25070,25070,down,1040,25,validation,-0.69,-0.045,0.045,0.47700000000000004
4976,d25_t16_r03_s026,3.0,16,3,99,ising2d_t16_r03_seed25070,25070,down,1080,26,validation,-0.92,-0.12,0.12,0.46006250000000015
4977,d25_t16_r03_s027,3.0,16,3,99,ising2d_t16_r03_seed25070,25070,down,1120,27,validation,-0.83,0.07,0.07,0.4513749999999999
4978,d25_t16_r03_s028,3.0,16,3,99,ising2d_t16_r03_seed25070,25070,down,1160,28,validation,-0.65,0.08,0.08,0.4856250000000001
4979,d25_t16_r03_s029,3.0,16,3,99,ising2d_t16_r03_seed25070,25070,down,1200,29,validation,-0.75,0.12,0.12,0.4790000000000001
4980,d25_t16_r03_s030,3.0,16,3,99,ising2d_t16_r03_seed25070,25070,down,1240,30,validation,-0.84,0.265,0.265,0.4673125000000001
4981,d25_t16_r03_s031,3.0,16,3,99,ising2d_t16_r03_seed25070,25070,down,1280,31,validation,-0.72,0.1,0.1,0.4613125000000001
4982,d25_t16_r03_s032,3.0,16,3,99,ising2d_t16_r03_seed25070,25070,down,1320,32,validation,-0.86,-0.115,0.115,0.46031249999999985
4983,d25_t16_r03_s033,3.0,16,3,99,ising2d_t16_r03_seed25070,25070,down,1360,33,validation,-1.07,-0.44,0.44,0.44381250000000005
4984,d25_t16_r03_s034,3.0,16,3,99,ising2d_t16_r03_seed25070,25070,down,1400,34,validation,-1.0,-0.045,0.045,0.4419375
4985,d25_t16_r03_s035,3.0,16,3,99,ising2d_t16_r03_seed25070,25070,down,1440,35,validation,-0.92,-0.21,0.21,0.4711874999999999
4986,d25_t16_r03_s036,3.0,16,3,99,ising2d_t16_r03_seed25070,25070,down,1480,36,validation,-1.02,-0.495,0.495,0.4470625000000001
4987,d25_t16_r03_s037,3.0,16,3,99,ising2d_t16_r03_seed25070,25070,down,1520,37,validation,-0.83,0.065,0.065,0.4715
4988,d25_t16_r03_s038,3.0,16,3,99,ising2d_t16_r03_seed25070,25070,down,1560,38,validation,-0.87,0.3,0.3,0.4788125
4989,d25_t16_r03_s039,3.0,16,3,99,ising2d_t16_r03_seed25070,25070,down,1600,39,validation,-0.93,-0.355,0.355,0.4510624999999999
4990,d25_t16_r03_s040,3.0,16,3,99,ising2d_t16_r03_seed25070,25070,down,1640,40,validation,-0.91,0.045,0.045,0.4505
4991,d25_t16_r03_s041,3.0,16,3,99,ising2d_t16_r03_seed25070,25070,down,1680,41,validation,-0.88,-0.185,0.185,0.4781250000000002
4992,d25_t16_r03_s042,3.0,16,3,99,ising2d_t16_r03_seed25070,25070,down,1720,42,validation,-0.87,-0.165,0.165,0.44474999999999987
4993,d25_t16_r03_s043,3.0,16,3,99,ising2d_t16_r03_seed25070,25070,down,1760,43,validation,-0.71,0.115,0.115,0.45562500000000006
4994,d25_t16_r03_s044,3.0,16,3,99,ising2d_t16_r03_seed25070,25070,down,1800,44,validation,-0.86,0.015,0.015,0.4463749999999999
4995,d25_t16_r03_s045,3.0,16,3,99,ising2d_t16_r03_seed25070,25070,down,1840,45,validation,-0.79,-0.285,0.285,0.467875
4996,d25_t16_r03_s046,3.0,16,3,99,ising2d_t16_r03_seed25070,25070,down,1880,46,validation,-0.92,0.01,0.01,0.4536875
4997,d25_t16_r03_s047,3.0,16,3,99,ising2d_t16_r03_seed25070,25070,down,1920,47,validation,-0.79,0.155,0.155,0.45718750000000014
4998,d25_t16_r03_s048,3.0,16,3,99,ising2d_t16_r03_seed25070,25070,down,1960,48,validation,-0.82,0.145,0.145,0.45225
4999,d25_t16_r03_s049,3.0,16,3,99,ising2d_t16_r03_seed25070,25070,down,2000,49,validation,-0.79,0.14,0.14,0.4488125
5000,d25_t16_r04_s000,3.0,16,4,100,ising2d_t16_r04_seed25088,25088,up,40,0,test,-0.73,0.01,0.01,0.4895624999999999
5001,d25_t16_r04_s001,3.0,16,4,100,ising2d_t16_r04_seed25088,25088,up,80,1,test,-0.91,-0.095,0.095,0.4675625000000001
5002,d25_t16_r04_s002,3.0,16,4,100,ising2d_t16_r04_seed25088,25088,up,120,2,test,-0.83,-0.07,0.07,0.46618750000000003
5003,d25_t16_r04_s003,3.0,16,4,100,ising2d_t16_r04_seed25088,25088,up,160,3,test,-0.84,0.08,0.08,0.4880000000000001
5004,d25_t16_r04_s004,3.0,16,4,100,ising2d_t16_r04_seed25088,25088,up,200,4,test,-0.77,-0.005,0.005,0.46168749999999975
5005,d25_t16_r04_s005,3.0,16,4,100,ising2d_t16_r04_seed25088,25088,up,240,5,test,-0.68,0.07,0.07,0.47481249999999997
5006,d25_t16_r04_s006,3.0,16,4,100,ising2d_t16_r04_seed25088,25088,up,280,6,test,-0.69,0.015,0.015,0.48431249999999987
5007,d25_t16_r04_s007,3.0,16,4,100,ising2d_t16_r04_seed25088,25088,up,320,7,test,-0.68,-0.26,0.26,0.48856249999999984
5008,d25_t16_r04_s008,3.0,16,4,100,ising2d_t16_r04_seed25088,25088,up,360,8,test,-0.87,0.085,0.085,0.4761875
5009,d25_t16_r04_s009,3.0,16,4,100,ising2d_t16_r04_seed25088,25088,up,400,9,test,-0.71,-0.12,0.12,0.4703125
5010,d25_t16_r04_s010,3.0,16,4,100,ising2d_t16_r04_seed25088,25088,up,440,10,test,-0.8,0.195,0.195,0.4595625000000001
5011,d25_t16_r04_s011,3.0,16,4,100,ising2d_t16_r04_seed25088,25088,up,480,11,test,-0.9,0.16,0.16,0.4439375
5012,d25_t16_r04_s012,3.0,16,4,100,ising2d_t16_r04_seed25088,25088,up,520,12,test,-0.68,-0.045,0.045,0.4559375000000001
5013,d25_t16_r04_s013,3.0,16,4,100,ising2d_t16_r04_seed25088,25088,up,560,13,test,-0.86,0.145,0.145,0.4483750000000001
5014,d25_t16_r04_s014,3.0,16,4,100,ising2d_t16_r04_seed25088,25088,up,600,14,test,-0.74,-0.205,0.205,0.46762499999999996
5015,d25_t16_r04_s015,3.0,16,4,100,ising2d_t16_r04_seed25088,25088,up,640,15,test,-0.8,0.345,0.345,0.46299999999999997
5016,d25_t16_r04_s016,3.0,16,4,100,ising2d_t16_r04_seed25088,25088,up,680,16,test,-0.87,0.035,0.035,0.47275
5017,d25_t16_r04_s017,3.0,16,4,100,ising2d_t16_r04_seed25088,25088,up,720,17,test,-0.83,-0.035,0.035,0.46412499999999984
5018,d25_t16_r04_s018,3.0,16,4,100,ising2d_t16_r04_seed25088,25088,up,760,18,test,-0.73,0.07,0.07,0.4898125000000002
5019,d25_t16_r04_s019,3.0,16,4,100,ising2d_t16_r04_seed25088,25088,up,800,19,test,-0.83,0.065,0.065,0.47281250000000014
5020,d25_t16_r04_s020,3.0,16,4,100,ising2d_t16_r04_seed25088,25088,up,840,20,test,-0.85,0.075,0.075,0.45924999999999994
5021,d25_t16_r04_s021,3.0,16,4,100,ising2d_t16_r04_seed25088,25088,up,880,21,test,-0.62,-0.01,0.01,0.44581250000000006
5022,d25_t16_r04_s022,3.0,16,4,100,ising2d_t16_r04_seed25088,25088,up,920,22,test,-0.92,-0.24,0.24,0.4675000000000001
5023,d25_t16_r04_s023,3.0,16,4,100,ising2d_t16_r04_seed25088,25088,up,960,23,test,-0.79,0.05,0.05,0.47962499999999997
5024,d25_t16_r04_s024,3.0,16,4,100,ising2d_t16_r04_seed25088,25088,up,1000,24,test,-0.93,0.295,0.295,0.47756250000000006
5025,d25_t16_r04_s025,3.0,16,4,100,ising2d_t16_r04_seed25088,25088,up,1040,25,test,-0.69,0.06,0.06,0.4516874999999999
5026,d25_t16_r04_s026,3.0,16,4,100,ising2d_t16_r04_seed25088,25088,up,1080,26,test,-1.03,-0.39,0.39,0.4503749999999999
5027,d25_t16_r04_s027,3.0,16,4,100,ising2d_t16_r04_seed25088,25088,up,1120,27,test,-0.77,0.005,0.005,0.4480624999999999
5028,d25_t16_r04_s028,3.0,16,4,100,ising2d_t16_r04_seed25088,25088,up,1160,28,test,-1.01,-0.14,0.14,0.4778124999999999
5029,d25_t16_r04_s029,3.0,16,4,100,ising2d_t16_r04_seed25088,25088,up,1200,29,test,-0.81,-0.355,0.355,0.4546875
5030,d25_t16_r04_s030,3.0,16,4,100,ising2d_t16_r04_seed25088,25088,up,1240,30,test,-1.03,0.135,0.135,0.4516250000000001
5031,d25_t16_r04_s031,3.0,16,4,100,ising2d_t16_r04_seed25088,25088,up,1280,31,test,-0.74,0.07,0.07,0.4603125000000001
5032,d25_t16_r04_s032,3.0,16,4,100,ising2d_t16_r04_seed25088,25088,up,1320,32,test,-0.82,0.27,0.27,0.44837499999999997
5033,d25_t16_r04_s033,3.0,16,4,100,ising2d_t16_r04_seed25088,25088,up,1360,33,test,-0.74,0.03,0.03,0.4654999999999999
5034,d25_t16_r04_s034,3.0,16,4,100,ising2d_t16_r04_seed25088,25088,up,1400,34,test,-0.89,0.015,0.015,0.45993749999999994
5035,d25_t16_r04_s035,3.0,16,4,100,ising2d_t16_r04_seed25088,25088,up,1440,35,test,-0.76,0.04,0.04,0.44956250000000014
5036,d25_t16_r04_s036,3.0,16,4,100,ising2d_t16_r04_seed25088,25088,up,1480,36,test,-0.88,0.31,0.31,0.44924999999999987
5037,d25_t16_r04_s037,3.0,16,4,100,ising2d_t16_r04_seed25088,25088,up,1520,37,test,-0.98,-0.1,0.1,0.446
5038,d25_t16_r04_s038,3.0,16,4,100,ising2d_t16_r04_seed25088,25088,up,1560,38,test,-0.92,-0.275,0.275,0.4423125
5039,d25_t16_r04_s039,3.0,16,4,100,ising2d_t16_r04_seed25088,25088,up,1600,39,test,-0.8,0.11,0.11,0.4579375
5040,d25_t16_r04_s040,3.0,16,4,100,ising2d_t16_r04_seed25088,25088,up,1640,40,test,-0.8,-0.065,0.065,0.45043750000000005
5041,d25_t16_r04_s041,3.0,16,4,100,ising2d_t16_r04_seed25088,25088,up,1680,41,test,-0.8,0.275,0.275,0.4662499999999998
5042,d25_t16_r04_s042,3.0,16,4,100,ising2d_t16_r04_seed25088,25088,up,1720,42,test,-0.77,0.24,0.24,0.4538125000000002
5043,d25_t16_r04_s043,3.0,16,4,100,ising2d_t16_r04_seed25088,25088,up,1760,43,test,-0.7,-0.07,0.07,0.4583750000000001
5044,d25_t16_r04_s044,3.0,16,4,100,ising2d_t16_r04_seed25088,25088,up,1800,44,test,-0.71,0.115,0.115,0.46968750000000004
5045,d25_t16_r04_s045,3.0,16,4,100,ising2d_t16_r04_seed25088,25088,up,1840,45,test,-0.92,0.165,0.165,0.4638750000000001
5046,d25_t16_r04_s046,3.0,16,4,100,ising2d_t16_r04_seed25088,25088,up,1880,46,test,-0.72,0.04,0.04,0.4534375
5047,d25_t16_r04_s047,3.0,16,4,100,ising2d_t16_r04_seed25088,25088,up,1920,47,test,-0.72,-0.01,0.01,0.45899999999999996
5048,d25_t16_r04_s048,3.0,16,4,100,ising2d_t16_r04_seed25088,25088,up,1960,48,test,-0.75,0.005,0.005,0.47843749999999996
5049,d25_t16_r04_s049,3.0,16,4,100,ising2d_t16_r04_seed25088,25088,up,2000,49,test,-0.75,-0.23,0.23,0.45281249999999995
5050,d25_t16_r05_s000,3.0,16,5,101,ising2d_t16_r05_seed25106,25106,down,40,0,test,-0.74,-0.065,0.065,0.46462499999999995
5051,d25_t16_r05_s001,3.0,16,5,101,ising2d_t16_r05_seed25106,25106,down,80,1,test,-0.76,-0.385,0.385,0.4438750000000001
5052,d25_t16_r05_s002,3.0,16,5,101,ising2d_t16_r05_seed25106,25106,down,120,2,test,-0.88,0.05,0.05,0.46706250000000005
5053,d25_t16_r05_s003,3.0,16,5,101,ising2d_t16_r05_seed25106,25106,down,160,3,test,-0.84,0.13,0.13,0.45287499999999997
5054,d25_t16_r05_s004,3.0,16,5,101,ising2d_t16_r05_seed25106,25106,down,200,4,test,-0.65,0.165,0.165,0.4531875
5055,d25_t16_r05_s005,3.0,16,5,101,ising2d_t16_r05_seed25106,25106,down,240,5,test,-0.66,-0.01,0.01,0.4745624999999998
5056,d25_t16_r05_s006,3.0,16,5,101,ising2d_t16_r05_seed25106,25106,down,280,6,test,-0.81,0.145,0.145,0.4571875
5057,d25_t16_r05_s007,3.0,16,5,101,ising2d_t16_r05_seed25106,25106,down,320,7,test,-0.77,0.0,0.0,0.4661875000000001
5058,d25_t16_r05_s008,3.0,16,5,101,ising2d_t16_r05_seed25106,25106,down,360,8,test,-0.7,-0.14,0.14,0.472
5059,d25_t16_r05_s009,3.0,16,5,101,ising2d_t16_r05_seed25106,25106,down,400,9,test,-1.09,-0.13,0.13,0.4670000000000001
5060,d25_t16_r05_s010,3.0,16,5,101,ising2d_t16_r05_seed25106,25106,down,440,10,test,-0.8,0.05,0.05,0.4771249999999999
5061,d25_t16_r05_s011,3.0,16,5,101,ising2d_t16_r05_seed25106,25106,down,480,11,test,-0.79,-0.24,0.24,0.46687500000000004
5062,d25_t16_r05_s012,3.0,16,5,101,ising2d_t16_r05_seed25106,25106,down,520,12,test,-0.8,-0.025,0.025,0.45993749999999983
5063,d25_t16_r05_s013,3.0,16,5,101,ising2d_t16_r05_seed25106,25106,down,560,13,test,-0.8,-0.01,0.01,0.47793750000000007
5064,d25_t16_r05_s014,3.0,16,5,101,ising2d_t16_r05_seed25106,25106,down,600,14,test,-0.87,0.33,0.33,0.47275000000000017
5065,d25_t16_r05_s015,3.0,16,5,101,ising2d_t16_r05_seed25106,25106,down,640,15,test,-0.72,-0.08,0.08,0.46049999999999996
5066,d25_t16_r05_s016,3.0,16,5,101,ising2d_t16_r05_seed25106,25106,down,680,16,test,-0.75,0.125,0.125,0.4510624999999999
5067,d25_t16_r05_s017,3.0,16,5,101,ising2d_t16_r05_seed25106,25106,down,720,17,test,-0.81,0.145,0.145,0.46224999999999994
5068,d25_t16_r05_s018,3.0,16,5,101,ising2d_t16_r05_seed25106,25106,down,760,18,test,-0.81,-0.02,0.02,0.4310625
5069,d25_t16_r05_s019,3.0,16,5,101,ising2d_t16_r05_seed25106,25106,down,800,19,test,-0.84,-0.245,0.245,0.47406249999999994
5070,d25_t16_r05_s020,3.0,16,5,101,ising2d_t16_r05_seed25106,25106,down,840,20,test,-0.83,-0.075,0.075,0.4655
5071,d25_t16_r05_s021,3.0,16,5,101,ising2d_t16_r05_seed25106,25106,down,880,21,test,-0.81,-0.215,0.215,0.454
5072,d25_t16_r05_s022,3.0,16,5,101,ising2d_t16_r05_seed25106,25106,down,920,22,test,-0.88,-0.215,0.215,0.4518750000000001
5073,d25_t16_r05_s023,3.0,16,5,101,ising2d_t16_r05_seed25106,25106,down,960,23,test,-0.98,-0.19,0.19,0.45718749999999997
5074,d25_t16_r05_s024,3.0,16,5,101,ising2d_t16_r05_seed25106,25106,down,1000,24,test,-0.84,0.05,0.05,0.47387500000000016
5075,d25_t16_r05_s025,3.0,16,5,101,ising2d_t16_r05_seed25106,25106,down,1040,25,test,-1.04,-0.055,0.055,0.45806249999999993
5076,d25_t16_r05_s026,3.0,16,5,101,ising2d_t16_r05_seed25106,25106,down,1080,26,test,-0.77,-0.115,0.115,0.4472499999999999
5077,d25_t16_r05_s027,3.0,16,5,101,ising2d_t16_r05_seed25106,25106,down,1120,27,test,-0.77,-0.22,0.22,0.46518750000000003
5078,d25_t16_r05_s028,3.0,16,5,101,ising2d_t16_r05_seed25106,25106,down,1160,28,test,-0.81,0.14,0.14,0.472625
5079,d25_t16_r05_s029,3.0,16,5,101,ising2d_t16_r05_seed25106,25106,down,1200,29,test,-0.81,-0.1,0.1,0.4477499999999999
5080,d25_t16_r05_s030,3.0,16,5,101,ising2d_t16_r05_seed25106,25106,down,1240,30,test,-0.67,-0.005,0.005,0.47106249999999994
5081,d25_t16_r05_s031,3.0,16,5,101,ising2d_t16_r05_seed25106,25106,down,1280,31,test,-0.76,-0.135,0.135,0.44862499999999994
5082,d25_t16_r05_s032,3.0,16,5,101,ising2d_t16_r05_seed25106,25106,down,1320,32,test,-0.81,0.365,0.365,0.4704999999999998
5083,d25_t16_r05_s033,3.0,16,5,101,ising2d_t16_r05_seed25106,25106,down,1360,33,test,-0.8,0.02,0.02,0.44581250000000006
5084,d25_t16_r05_s034,3.0,16,5,101,ising2d_t16_r05_seed25106,25106,down,1400,34,test,-0.93,0.12,0.12,0.45174999999999993
5085,d25_t16_r05_s035,3.0,16,5,101,ising2d_t16_r05_seed25106,25106,down,1440,35,test,-0.72,0.035,0.035,0.44981250000000006
5086,d25_t16_r05_s036,3.0,16,5,101,ising2d_t16_r05_seed25106,25106,down,1480,36,test,-0.78,-0.23,0.23,0.4619375
5087,d25_t16_r05_s037,3.0,16,5,101,ising2d_t16_r05_seed25106,25106,down,1520,37,test,-0.78,0.08,0.08,0.46862499999999996
5088,d25_t16_r05_s038,3.0,16,5,101,ising2d_t16_r05_seed25106,25106,down,1560,38,test,-0.9,0.06,0.06,0.4668750000000001
5089,d25_t16_r05_s039,3.0,16,5,101,ising2d_t16_r05_seed25106,25106,down,1600,39,test,-0.64,0.16,0.16,0.48100000000000004
5090,d25_t16_r05_s040,3.0,16,5,101,ising2d_t16_r05_seed25106,25106,down,1640,40,test,-0.77,0.145,0.145,0.4716874999999999
5091,d25_t16_r05_s041,3.0,16,5,101,ising2d_t16_r05_seed25106,25106,down,1680,41,test,-0.8,-0.15,0.15,0.4869375000000001
5092,d25_t16_r05_s042,3.0,16,5,101,ising2d_t16_r05_seed25106,25106,down,1720,42,test,-0.84,-0.2,0.2,0.46475
5093,d25_t16_r05_s043,3.0,16,5,101,ising2d_t16_r05_seed25106,25106,down,1760,43,test,-0.72,0.045,0.045,0.4573124999999999
5094,d25_t16_r05_s044,3.0,16,5,101,ising2d_t16_r05_seed25106,25106,down,1800,44,test,-0.82,0.055,0.055,0.462125
5095,d25_t16_r05_s045,3.0,16,5,101,ising2d_t16_r05_seed25106,25106,down,1840,45,test,-0.94,-0.145,0.145,0.44175000000000003
5096,d25_t16_r05_s046,3.0,16,5,101,ising2d_t16_r05_seed25106,25106,down,1880,46,test,-0.84,0.025,0.025,0.46374999999999994
5097,d25_t16_r05_s047,3.0,16,5,101,ising2d_t16_r05_seed25106,25106,down,1920,47,test,-0.93,0.245,0.245,0.44612500000000005
5098,d25_t16_r05_s048,3.0,16,5,101,ising2d_t16_r05_seed25106,25106,down,1960,48,test,-1.02,-0.31,0.31,0.44718749999999996
5099,d25_t16_r05_s049,3.0,16,5,101,ising2d_t16_r05_seed25106,25106,down,2000,49,test,-0.62,0.045,0.045,0.4703124999999998
5100,d25_t17_r00_s000,3.5,17,0,102,ising2d_t17_r00_seed25017,25017,up,40,0,train,-0.72,0.185,0.185,0.5548750000000001
5101,d25_t17_r00_s001,3.5,17,0,102,ising2d_t17_r00_seed25017,25017,up,80,1,train,-0.59,0.045,0.045,0.5465000000000002
5102,d25_t17_r00_s002,3.5,17,0,102,ising2d_t17_r00_seed25017,25017,up,120,2,train,-0.7,0.04,0.04,0.5478125
5103,d25_t17_r00_s003,3.5,17,0,102,ising2d_t17_r00_seed25017,25017,up,160,3,train,-0.49,0.03,0.03,0.5491250000000001
5104,d25_t17_r00_s004,3.5,17,0,102,ising2d_t17_r00_seed25017,25017,up,200,4,train,-0.62,-0.17,0.17,0.5472499999999998
5105,d25_t17_r00_s005,3.5,17,0,102,ising2d_t17_r00_seed25017,25017,up,240,5,train,-0.69,-0.24,0.24,0.5241250000000001
5106,d25_t17_r00_s006,3.5,17,0,102,ising2d_t17_r00_seed25017,25017,up,280,6,train,-0.48,0.19,0.19,0.549625
5107,d25_t17_r00_s007,3.5,17,0,102,ising2d_t17_r00_seed25017,25017,up,320,7,train,-0.59,-0.12,0.12,0.5421250000000001
5108,d25_t17_r00_s008,3.5,17,0,102,ising2d_t17_r00_seed25017,25017,up,360,8,train,-0.6,-0.07,0.07,0.55675
5109,d25_t17_r00_s009,3.5,17,0,102,ising2d_t17_r00_seed25017,25017,up,400,9,train,-0.64,-0.165,0.165,0.5406875
5110,d25_t17_r00_s010,3.5,17,0,102,ising2d_t17_r00_seed25017,25017,up,440,10,train,-0.52,0.04,0.04,0.5368124999999999
5111,d25_t17_r00_s011,3.5,17,0,102,ising2d_t17_r00_seed25017,25017,up,480,11,train,-0.74,-0.03,0.03,0.55725
5112,d25_t17_r00_s012,3.5,17,0,102,ising2d_t17_r00_seed25017,25017,up,520,12,train,-0.74,0.175,0.175,0.5418125
5113,d25_t17_r00_s013,3.5,17,0,102,ising2d_t17_r00_seed25017,25017,up,560,13,train,-0.53,0.085,0.085,0.540125
5114,d25_t17_r00_s014,3.5,17,0,102,ising2d_t17_r00_seed25017,25017,up,600,14,train,-0.57,-0.025,0.025,0.5477500000000002
5115,d25_t17_r00_s015,3.5,17,0,102,ising2d_t17_r00_seed25017,25017,up,640,15,train,-0.74,-0.01,0.01,0.5508125000000001
5116,d25_t17_r00_s016,3.5,17,0,102,ising2d_t17_r00_seed25017,25017,up,680,16,train,-0.65,0.29,0.29,0.5446250000000001
5117,d25_t17_r00_s017,3.5,17,0,102,ising2d_t17_r00_seed25017,25017,up,720,17,train,-0.64,0.145,0.145,0.5515625
5118,d25_t17_r00_s018,3.5,17,0,102,ising2d_t17_r00_seed25017,25017,up,760,18,train,-0.57,0.17,0.17,0.5373124999999999
5119,d25_t17_r00_s019,3.5,17,0,102,ising2d_t17_r00_seed25017,25017,up,800,19,train,-0.63,0.05,0.05,0.5632500000000001
5120,d25_t17_r00_s020,3.5,17,0,102,ising2d_t17_r00_seed25017,25017,up,840,20,train,-0.75,-0.09,0.09,0.538375
5121,d25_t17_r00_s021,3.5,17,0,102,ising2d_t17_r00_seed25017,25017,up,880,21,train,-0.58,-0.035,0.035,0.5511874999999999
5122,d25_t17_r00_s022,3.5,17,0,102,ising2d_t17_r00_seed25017,25017,up,920,22,train,-0.8,0.0,0.0,0.5635625
5123,d25_t17_r00_s023,3.5,17,0,102,ising2d_t17_r00_seed25017,25017,up,960,23,train,-0.53,0.03,0.03,0.5611250000000001
5124,d25_t17_r00_s024,3.5,17,0,102,ising2d_t17_r00_seed25017,25017,up,1000,24,train,-0.83,0.18,0.18,0.5680000000000001
5125,d25_t17_r00_s025,3.5,17,0,102,ising2d_t17_r00_seed25017,25017,up,1040,25,train,-0.65,-0.215,0.215,0.5411874999999999
5126,d25_t17_r00_s026,3.5,17,0,102,ising2d_t17_r00_seed25017,25017,up,1080,26,train,-0.82,0.125,0.125,0.5535000000000001
5127,d25_t17_r00_s027,3.5,17,0,102,ising2d_t17_r00_seed25017,25017,up,1120,27,train,-0.6,0.15,0.15,0.5463125
5128,d25_t17_r00_s028,3.5,17,0,102,ising2d_t17_r00_seed25017,25017,up,1160,28,train,-0.49,0.04,0.04,0.5493750000000001
5129,d25_t17_r00_s029,3.5,17,0,102,ising2d_t17_r00_seed25017,25017,up,1200,29,train,-0.61,-0.115,0.115,0.5493124999999999
5130,d25_t17_r00_s030,3.5,17,0,102,ising2d_t17_r00_seed25017,25017,up,1240,30,train,-0.81,-0.265,0.265,0.5377500000000001
5131,d25_t17_r00_s031,3.5,17,0,102,ising2d_t17_r00_seed25017,25017,up,1280,31,train,-0.69,-0.01,0.01,0.5525625
5132,d25_t17_r00_s032,3.5,17,0,102,ising2d_t17_r00_seed25017,25017,up,1320,32,train,-0.54,-0.1,0.1,0.5447500000000001
5133,d25_t17_r00_s033,3.5,17,0,102,ising2d_t17_r00_seed25017,25017,up,1360,33,train,-0.56,0.02,0.02,0.5664999999999999
5134,d25_t17_r00_s034,3.5,17,0,102,ising2d_t17_r00_seed25017,25017,up,1400,34,train,-0.54,0.1,0.1,0.5476250000000001
5135,d25_t17_r00_s035,3.5,17,0,102,ising2d_t17_r00_seed25017,25017,up,1440,35,train,-0.67,0.205,0.205,0.5519375
5136,d25_t17_r00_s036,3.5,17,0,102,ising2d_t17_r00_seed25017,25017,up,1480,36,train,-0.62,-0.105,0.105,0.5429999999999999
5137,d25_t17_r00_s037,3.5,17,0,102,ising2d_t17_r00_seed25017,25017,up,1520,37,train,-0.69,0.165,0.165,0.5471250000000001
5138,d25_t17_r00_s038,3.5,17,0,102,ising2d_t17_r00_seed25017,25017,up,1560,38,train,-0.73,-0.02,0.02,0.5441875
5139,d25_t17_r00_s039,3.5,17,0,102,ising2d_t17_r00_seed25017,25017,up,1600,39,train,-0.72,0.135,0.135,0.5316875000000001
5140,d25_t17_r00_s040,3.5,17,0,102,ising2d_t17_r00_seed25017,25017,up,1640,40,train,-0.62,0.21,0.21,0.5374374999999998
5141,d25_t17_r00_s041,3.5,17,0,102,ising2d_t17_r00_seed25017,25017,up,1680,41,train,-0.72,-0.15,0.15,0.530625
5142,d25_t17_r00_s042,3.5,17,0,102,ising2d_t17_r00_seed25017,25017,up,1720,42,train,-0.55,0.0,0.0,0.54775
5143,d25_t17_r00_s043,3.5,17,0,102,ising2d_t17_r00_seed25017,25017,up,1760,43,train,-0.63,-0.01,0.01,0.543
5144,d25_t17_r00_s044,3.5,17,0,102,ising2d_t17_r00_seed25017,25017,up,1800,44,train,-0.66,-0.12,0.12,0.5476250000000003
5145,d25_t17_r00_s045,3.5,17,0,102,ising2d_t17_r00_seed25017,25017,up,1840,45,train,-0.7,0.155,0.155,0.5415625000000001
5146,d25_t17_r00_s046,3.5,17,0,102,ising2d_t17_r00_seed25017,25017,up,1880,46,train,-0.66,-0.005,0.005,0.5577500000000002
5147,d25_t17_r00_s047,3.5,17,0,102,ising2d_t17_r00_seed25017,25017,up,1920,47,train,-0.7,0.015,0.015,0.5409999999999999
5148,d25_t17_r00_s048,3.5,17,0,102,ising2d_t17_r00_seed25017,25017,up,1960,48,train,-0.69,-0.085,0.085,0.5465000000000002
5149,d25_t17_r00_s049,3.5,17,0,102,ising2d_t17_r00_seed25017,25017,up,2000,49,train,-0.61,-0.205,0.205,0.5360000000000001
5150,d25_t17_r01_s000,3.5,17,1,103,ising2d_t17_r01_seed25035,25035,down,40,0,train,-0.72,0.06,0.06,0.5674375
5151,d25_t17_r01_s001,3.5,17,1,103,ising2d_t17_r01_seed25035,25035,down,80,1,train,-0.74,-0.085,0.085,0.5501874999999999
5152,d25_t17_r01_s002,3.5,17,1,103,ising2d_t17_r01_seed25035,25035,down,120,2,train,-0.48,0.225,0.225,0.5595000000000001
5153,d25_t17_r01_s003,3.5,17,1,103,ising2d_t17_r01_seed25035,25035,down,160,3,train,-0.75,-0.06,0.06,0.5578125
5154,d25_t17_r01_s004,3.5,17,1,103,ising2d_t17_r01_seed25035,25035,down,200,4,train,-0.64,-0.115,0.115,0.5451874999999997
5155,d25_t17_r01_s005,3.5,17,1,103,ising2d_t17_r01_seed25035,25035,down,240,5,train,-0.58,0.03,0.03,0.5548125000000002
5156,d25_t17_r01_s006,3.5,17,1,103,ising2d_t17_r01_seed25035,25035,down,280,6,train,-0.73,0.025,0.025,0.5613125
5157,d25_t17_r01_s007,3.5,17,1,103,ising2d_t17_r01_seed25035,25035,down,320,7,train,-0.59,-0.095,0.095,0.5365000000000001
5158,d25_t17_r01_s008,3.5,17,1,103,ising2d_t17_r01_seed25035,25035,down,360,8,train,-0.6,-0.01,0.01,0.5521874999999999
5159,d25_t17_r01_s009,3.5,17,1,103,ising2d_t17_r01_seed25035,25035,down,400,9,train,-0.63,-0.06,0.06,0.5672499999999999
5160,d25_t17_r01_s010,3.5,17,1,103,ising2d_t17_r01_seed25035,25035,down,440,10,train,-0.56,0.06,0.06,0.5508749999999999
5161,d25_t17_r01_s011,3.5,17,1,103,ising2d_t17_r01_seed25035,25035,down,480,11,train,-0.54,-0.02,0.02,0.5449999999999999
5162,d25_t17_r01_s012,3.5,17,1,103,ising2d_t17_r01_seed25035,25035,down,520,12,train,-0.7,0.165,0.165,0.5559375000000002
5163,d25_t17_r01_s013,3.5,17,1,103,ising2d_t17_r01_seed25035,25035,down,560,13,train,-0.68,0.105,0.105,0.5447499999999998
5164,d25_t17_r01_s014,3.5,17,1,103,ising2d_t17_r01_seed25035,25035,down,600,14,train,-0.73,-0.075,0.075,0.5464999999999999
5165,d25_t17_r01_s015,3.5,17,1,103,ising2d_t17_r01_seed25035,25035,down,640,15,train,-0.54,-0.125,0.125,0.538625
5166,d25_t17_r01_s016,3.5,17,1,103,ising2d_t17_r01_seed25035,25035,down,680,16,train,-0.65,-0.095,0.095,0.55625
5167,d25_t17_r01_s017,3.5,17,1,103,ising2d_t17_r01_seed25035,25035,down,720,17,train,-0.66,0.17,0.17,0.5368125000000001
5168,d25_t17_r01_s018,3.5,17,1,103,ising2d_t17_r01_seed25035,25035,down,760,18,train,-0.76,-0.01,0.01,0.5439999999999999
5169,d25_t17_r01_s019,3.5,17,1,103,ising2d_t17_r01_seed25035,25035,down,800,19,train,-0.71,-0.345,0.345,0.5463125000000002
5170,d25_t17_r01_s020,3.5,17,1,103,ising2d_t17_r01_seed25035,25035,down,840,20,train,-0.61,0.125,0.125,0.5468750000000001
5171,d25_t17_r01_s021,3.5,17,1,103,ising2d_t17_r01_seed25035,25035,down,880,21,train,-0.52,-0.015,0.015,0.5439999999999998
5172,d25_t17_r01_s022,3.5,17,1,103,ising2d_t17_r01_seed25035,25035,down,920,22,train,-0.64,0.015,0.015,0.538625
5173,d25_t17_r01_s023,3.5,17,1,103,ising2d_t17_r01_seed25035,25035,down,960,23,train,-0.52,0.125,0.125,0.5638749999999999
5174,d25_t17_r01_s024,3.5,17,1,103,ising2d_t17_r01_seed25035,25035,down,1000,24,train,-0.67,-0.03,0.03,0.5531875
5175,d25_t17_r01_s025,3.5,17,1,103,ising2d_t17_r01_seed25035,25035,down,1040,25,train,-0.54,0.045,0.045,0.5505625000000001
5176,d25_t17_r01_s026,3.5,17,1,103,ising2d_t17_r01_seed25035,25035,down,1080,26,train,-0.63,-0.015,0.015,0.5526250000000001
5177,d25_t17_r01_s027,3.5,17,1,103,ising2d_t17_r01_seed25035,25035,down,1120,27,train,-0.58,0.06,0.06,0.5680625
5178,d25_t17_r01_s028,3.5,17,1,103,ising2d_t17_r01_seed25035,25035,down,1160,28,train,-0.64,0.115,0.115,0.5460625000000001
5179,d25_t17_r01_s029,3.5,17,1,103,ising2d_t17_r01_seed25035,25035,down,1200,29,train,-0.63,-0.075,0.075,0.54375
5180,d25_t17_r01_s030,3.5,17,1,103,ising2d_t17_r01_seed25035,25035,down,1240,30,train,-0.61,-0.06,0.06,0.5698125
5181,d25_t17_r01_s031,3.5,17,1,103,ising2d_t17_r01_seed25035,25035,down,1280,31,train,-0.75,0.005,0.005,0.5473125000000001
5182,d25_t17_r01_s032,3.5,17,1,103,ising2d_t17_r01_seed25035,25035,down,1320,32,train,-0.81,0.005,0.005,0.5310000000000001
5183,d25_t17_r01_s033,3.5,17,1,103,ising2d_t17_r01_seed25035,25035,down,1360,33,train,-0.68,0.15,0.15,0.5551875
5184,d25_t17_r01_s034,3.5,17,1,103,ising2d_t17_r01_seed25035,25035,down,1400,34,train,-0.49,-0.14,0.14,0.5395
5185,d25_t17_r01_s035,3.5,17,1,103,ising2d_t17_r01_seed25035,25035,down,1440,35,train,-0.62,0.045,0.045,0.5378125
5186,d25_t17_r01_s036,3.5,17,1,103,ising2d_t17_r01_seed25035,25035,down,1480,36,train,-0.76,-0.28,0.28,0.5333125
5187,d25_t17_r01_s037,3.5,17,1,103,ising2d_t17_r01_seed25035,25035,down,1520,37,train,-0.79,-0.205,0.205,0.5419375000000001
5188,d25_t17_r01_s038,3.5,17,1,103,ising2d_t17_r01_seed25035,25035,down,1560,38,train,-0.79,0.165,0.165,0.5583749999999998
5189,d25_t17_r01_s039,3.5,17,1,103,ising2d_t17_r01_seed25035,25035,down,1600,39,train,-0.64,-0.26,0.26,0.5550625
5190,d25_t17_r01_s040,3.5,17,1,103,ising2d_t17_r01_seed25035,25035,down,1640,40,train,-0.55,-0.015,0.015,0.5446875
5191,d25_t17_r01_s041,3.5,17,1,103,ising2d_t17_r01_seed25035,25035,down,1680,41,train,-0.52,0.13,0.13,0.5504375
5192,d25_t17_r01_s042,3.5,17,1,103,ising2d_t17_r01_seed25035,25035,down,1720,42,train,-0.68,0.14,0.14,0.555625
5193,d25_t17_r01_s043,3.5,17,1,103,ising2d_t17_r01_seed25035,25035,down,1760,43,train,-0.69,-0.04,0.04,0.5402500000000001
5194,d25_t17_r01_s044,3.5,17,1,103,ising2d_t17_r01_seed25035,25035,down,1800,44,train,-0.63,0.035,0.035,0.5591875000000001
5195,d25_t17_r01_s045,3.5,17,1,103,ising2d_t17_r01_seed25035,25035,down,1840,45,train,-0.76,-0.07,0.07,0.5415625
5196,d25_t17_r01_s046,3.5,17,1,103,ising2d_t17_r01_seed25035,25035,down,1880,46,train,-0.57,-0.125,0.125,0.5583125
5197,d25_t17_r01_s047,3.5,17,1,103,ising2d_t17_r01_seed25035,25035,down,1920,47,train,-0.66,-0.085,0.085,0.5455000000000002
5198,d25_t17_r01_s048,3.5,17,1,103,ising2d_t17_r01_seed25035,25035,down,1960,48,train,-0.64,-0.055,0.055,0.53325
5199,d25_t17_r01_s049,3.5,17,1,103,ising2d_t17_r01_seed25035,25035,down,2000,49,train,-0.67,0.055,0.055,0.5549999999999999
5200,d25_t17_r02_s000,3.5,17,2,104,ising2d_t17_r02_seed25053,25053,up,40,0,validation,-0.59,-0.08,0.08,0.5580625
5201,d25_t17_r02_s001,3.5,17,2,104,ising2d_t17_r02_seed25053,25053,up,80,1,validation,-0.58,0.07,0.07,0.5418750000000001
5202,d25_t17_r02_s002,3.5,17,2,104,ising2d_t17_r02_seed25053,25053,up,120,2,validation,-0.65,0.005,0.005,0.5639375000000001
5203,d25_t17_r02_s003,3.5,17,2,104,ising2d_t17_r02_seed25053,25053,up,160,3,validation,-0.58,0.055,0.055,0.5663750000000001
5204,d25_t17_r02_s004,3.5,17,2,104,ising2d_t17_r02_seed25053,25053,up,200,4,validation,-0.78,0.095,0.095,0.5509999999999998
5205,d25_t17_r02_s005,3.5,17,2,104,ising2d_t17_r02_seed25053,25053,up,240,5,validation,-0.68,0.07,0.07,0.5401874999999998
5206,d25_t17_r02_s006,3.5,17,2,104,ising2d_t17_r02_seed25053,25053,up,280,6,validation,-0.77,-0.16,0.16,0.5681249999999999
5207,d25_t17_r02_s007,3.5,17,2,104,ising2d_t17_r02_seed25053,25053,up,320,7,validation,-0.74,-0.005,0.005,0.5576874999999999
5208,d25_t17_r02_s008,3.5,17,2,104,ising2d_t17_r02_seed25053,25053,up,360,8,validation,-0.75,0.05,0.05,0.5408125
5209,d25_t17_r02_s009,3.5,17,2,104,ising2d_t17_r02_seed25053,25053,up,400,9,validation,-0.61,-0.105,0.105,0.5254374999999999
5210,d25_t17_r02_s010,3.5,17,2,104,ising2d_t17_r02_seed25053,25053,up,440,10,validation,-0.6,-0.06,0.06,0.5596875
5211,d25_t17_r02_s011,3.5,17,2,104,ising2d_t17_r02_seed25053,25053,up,480,11,validation,-0.74,-0.235,0.235,0.5340625000000001
5212,d25_t17_r02_s012,3.5,17,2,104,ising2d_t17_r02_seed25053,25053,up,520,12,validation,-0.57,0.105,0.105,0.5396250000000001
5213,d25_t17_r02_s013,3.5,17,2,104,ising2d_t17_r02_seed25053,25053,up,560,13,validation,-0.67,-0.14,0.14,0.5554374999999999
5214,d25_t17_r02_s014,3.5,17,2,104,ising2d_t17_r02_seed25053,25053,up,600,14,validation,-0.86,-0.12,0.12,0.5495000000000002
5215,d25_t17_r02_s015,3.5,17,2,104,ising2d_t17_r02_seed25053,25053,up,640,15,validation,-0.61,-0.175,0.175,0.5420625
5216,d25_t17_r02_s016,3.5,17,2,104,ising2d_t17_r02_seed25053,25053,up,680,16,validation,-0.59,0.055,0.055,0.5451249999999999
5217,d25_t17_r02_s017,3.5,17,2,104,ising2d_t17_r02_seed25053,25053,up,720,17,validation,-0.71,-0.18,0.18,0.5553125
5218,d25_t17_r02_s018,3.5,17,2,104,ising2d_t17_r02_seed25053,25053,up,760,18,validation,-0.62,-0.06,0.06,0.55225
5219,d25_t17_r02_s019,3.5,17,2,104,ising2d_t17_r02_seed25053,25053,up,800,19,validation,-0.6,0.045,0.045,0.5544374999999999
5220,d25_t17_r02_s020,3.5,17,2,104,ising2d_t17_r02_seed25053,25053,up,840,20,validation,-0.63,-0.105,0.105,0.553
5221,d25_t17_r02_s021,3.5,17,2,104,ising2d_t17_r02_seed25053,25053,up,880,21,validation,-0.58,0.035,0.035,0.5438750000000001
5222,d25_t17_r02_s022,3.5,17,2,104,ising2d_t17_r02_seed25053,25053,up,920,22,validation,-0.6,-0.03,0.03,0.5434374999999998
5223,d25_t17_r02_s023,3.5,17,2,104,ising2d_t17_r02_seed25053,25053,up,960,23,validation,-0.68,0.125,0.125,0.5480625
5224,d25_t17_r02_s024,3.5,17,2,104,ising2d_t17_r02_seed25053,25053,up,1000,24,validation,-0.68,-0.14,0.14,0.5521874999999999
5225,d25_t17_r02_s025,3.5,17,2,104,ising2d_t17_r02_seed25053,25053,up,1040,25,validation,-0.67,0.135,0.135,0.5584375
5226,d25_t17_r02_s026,3.5,17,2,104,ising2d_t17_r02_seed25053,25053,up,1080,26,validation,-0.7,0.265,0.265,0.5562500000000001
5227,d25_t17_r02_s027,3.5,17,2,104,ising2d_t17_r02_seed25053,25053,up,1120,27,validation,-0.63,-0.115,0.115,0.556875
5228,d25_t17_r02_s028,3.5,17,2,104,ising2d_t17_r02_seed25053,25053,up,1160,28,validation,-0.6,0.04,0.04,0.5550625
5229,d25_t17_r02_s029,3.5,17,2,104,ising2d_t17_r02_seed25053,25053,up,1200,29,validation,-0.67,0.24,0.24,0.5635000000000001
5230,d25_t17_r02_s030,3.5,17,2,104,ising2d_t17_r02_seed25053,25053,up,1240,30,validation,-0.69,0.04,0.04,0.557625
5231,d25_t17_r02_s031,3.5,17,2,104,ising2d_t17_r02_seed25053,25053,up,1280,31,validation,-0.56,0.13,0.13,0.554125
5232,d25_t17_r02_s032,3.5,17,2,104,ising2d_t17_r02_seed25053,25053,up,1320,32,validation,-0.53,0.025,0.025,0.5565625
5233,d25_t17_r02_s033,3.5,17,2,104,ising2d_t17_r02_seed25053,25053,up,1360,33,validation,-0.6,-0.125,0.125,0.5511250000000001
5234,d25_t17_r02_s034,3.5,17,2,104,ising2d_t17_r02_seed25053,25053,up,1400,34,validation,-0.74,0.135,0.135,0.541
5235,d25_t17_r02_s035,3.5,17,2,104,ising2d_t17_r02_seed25053,25053,up,1440,35,validation,-0.62,-0.055,0.055,0.5348750000000001
5236,d25_t17_r02_s036,3.5,17,2,104,ising2d_t17_r02_seed25053,25053,up,1480,36,validation,-0.75,0.09,0.09,0.5615624999999999
5237,d25_t17_r02_s037,3.5,17,2,104,ising2d_t17_r02_seed25053,25053,up,1520,37,validation,-0.69,-0.07,0.07,0.555125
5238,d25_t17_r02_s038,3.5,17,2,104,ising2d_t17_r02_seed25053,25053,up,1560,38,validation,-0.71,0.08,0.08,0.5442500000000001
5239,d25_t17_r02_s039,3.5,17,2,104,ising2d_t17_r02_seed25053,25053,up,1600,39,validation,-0.66,-0.195,0.195,0.5524374999999999
5240,d25_t17_r02_s040,3.5,17,2,104,ising2d_t17_r02_seed25053,25053,up,1640,40,validation,-0.63,0.155,0.155,0.54475
5241,d25_t17_r02_s041,3.5,17,2,104,ising2d_t17_r02_seed25053,25053,up,1680,41,validation,-0.76,-0.085,0.085,0.552125
5242,d25_t17_r02_s042,3.5,17,2,104,ising2d_t17_r02_seed25053,25053,up,1720,42,validation,-0.56,0.075,0.075,0.5479999999999999
5243,d25_t17_r02_s043,3.5,17,2,104,ising2d_t17_r02_seed25053,25053,up,1760,43,validation,-0.66,-0.245,0.245,0.5615000000000001
5244,d25_t17_r02_s044,3.5,17,2,104,ising2d_t17_r02_seed25053,25053,up,1800,44,validation,-0.62,0.155,0.155,0.5578749999999999
5245,d25_t17_r02_s045,3.5,17,2,104,ising2d_t17_r02_seed25053,25053,up,1840,45,validation,-0.47,-0.125,0.125,0.5207499999999999
5246,d25_t17_r02_s046,3.5,17,2,104,ising2d_t17_r02_seed25053,25053,up,1880,46,validation,-0.71,-0.07,0.07,0.5453124999999999
5247,d25_t17_r02_s047,3.5,17,2,104,ising2d_t17_r02_seed25053,25053,up,1920,47,validation,-0.59,0.115,0.115,0.5453125
5248,d25_t17_r02_s048,3.5,17,2,104,ising2d_t17_r02_seed25053,25053,up,1960,48,validation,-0.67,0.165,0.165,0.536375
5249,d25_t17_r02_s049,3.5,17,2,104,ising2d_t17_r02_seed25053,25053,up,2000,49,validation,-0.61,0.0,0.0,0.5568124999999999
5250,d25_t17_r03_s000,3.5,17,3,105,ising2d_t17_r03_seed25071,25071,down,40,0,validation,-0.6,-0.02,0.02,0.55225
5251,d25_t17_r03_s001,3.5,17,3,105,ising2d_t17_r03_seed25071,25071,down,80,1,validation,-0.68,0.27,0.27,0.5330000000000001
5252,d25_t17_r03_s002,3.5,17,3,105,ising2d_t17_r03_seed25071,25071,down,120,2,validation,-0.7,-0.065,0.065,0.5508125
5253,d25_t17_r03_s003,3.5,17,3,105,ising2d_t17_r03_seed25071,25071,down,160,3,validation,-0.69,-0.05,0.05,0.5414375
5254,d25_t17_r03_s004,3.5,17,3,105,ising2d_t17_r03_seed25071,25071,down,200,4,validation,-0.69,-0.11,0.11,0.5481250000000001
5255,d25_t17_r03_s005,3.5,17,3,105,ising2d_t17_r03_seed25071,25071,down,240,5,validation,-0.72,-0.2,0.2,0.5296249999999999
5256,d25_t17_r03_s006,3.5,17,3,105,ising2d_t17_r03_seed25071,25071,down,280,6,validation,-0.7,0.07,0.07,0.5462500000000002
5257,d25_t17_r03_s007,3.5,17,3,105,ising2d_t17_r03_seed25071,25071,down,320,7,validation,-0.55,-0.1,0.1,0.556875
5258,d25_t17_r03_s008,3.5,17,3,105,ising2d_t17_r03_seed25071,25071,down,360,8,validation,-0.64,-0.105,0.105,0.5604375000000001
5259,d25_t17_r03_s009,3.5,17,3,105,ising2d_t17_r03_seed25071,25071,down,400,9,validation,-0.55,-0.06,0.06,0.5416875
5260,d25_t17_r03_s010,3.5,17,3,105,ising2d_t17_r03_seed25071,25071,down,440,10,validation,-0.66,0.135,0.135,0.5501874999999999
5261,d25_t17_r03_s011,3.5,17,3,105,ising2d_t17_r03_seed25071,25071,down,480,11,validation,-0.62,-0.03,0.03,0.5401874999999998
5262,d25_t17_r03_s012,3.5,17,3,105,ising2d_t17_r03_seed25071,25071,down,520,12,validation,-0.74,-0.14,0.14,0.5264999999999999
5263,d25_t17_r03_s013,3.5,17,3,105,ising2d_t17_r03_seed25071,25071,down,560,13,validation,-0.7,-0.04,0.04,0.5498749999999999
5264,d25_t17_r03_s014,3.5,17,3,105,ising2d_t17_r03_seed25071,25071,down,600,14,validation,-0.55,0.22,0.22,0.56925
5265,d25_t17_r03_s015,3.5,17,3,105,ising2d_t17_r03_seed25071,25071,down,640,15,validation,-0.63,0.085,0.085,0.5421874999999999
5266,d25_t17_r03_s016,3.5,17,3,105,ising2d_t17_r03_seed25071,25071,down,680,16,validation,-0.67,-0.005,0.005,0.5492499999999998
5267,d25_t17_r03_s017,3.5,17,3,105,ising2d_t17_r03_seed25071,25071,down,720,17,validation,-0.81,0.06,0.06,0.5435625
5268,d25_t17_r03_s018,3.5,17,3,105,ising2d_t17_r03_seed25071,25071,down,760,18,validation,-0.42,0.025,0.025,0.5476875
5269,d25_t17_r03_s019,3.5,17,3,105,ising2d_t17_r03_seed25071,25071,down,800,19,validation,-0.7,0.24,0.24,0.5558124999999998
5270,d25_t17_r03_s020,3.5,17,3,105,ising2d_t17_r03_seed25071,25071,down,840,20,validation,-0.58,0.005,0.005,0.5621875000000001
5271,d25_t17_r03_s021,3.5,17,3,105,ising2d_t17_r03_seed25071,25071,down,880,21,validation,-0.64,0.255,0.255,0.5466249999999999
5272,d25_t17_r03_s022,3.5,17,3,105,ising2d_t17_r03_seed25071,25071,down,920,22,validation,-0.61,0.015,0.015,0.5562500000000001
5273,d25_t17_r03_s023,3.5,17,3,105,ising2d_t17_r03_seed25071,25071,down,960,23,validation,-0.55,-0.085,0.085,0.549625
5274,d25_t17_r03_s024,3.5,17,3,105,ising2d_t17_r03_seed25071,25071,down,1000,24,validation,-0.65,0.13,0.13,0.5543124999999999
5275,d25_t17_r03_s025,3.5,17,3,105,ising2d_t17_r03_seed25071,25071,down,1040,25,validation,-0.57,-0.005,0.005,0.5551875000000001
5276,d25_t17_r03_s026,3.5,17,3,105,ising2d_t17_r03_seed25071,25071,down,1080,26,validation,-0.57,0.075,0.075,0.542375
5277,d25_t17_r03_s027,3.5,17,3,105,ising2d_t17_r03_seed25071,25071,down,1120,27,validation,-0.7,-0.195,0.195,0.540875
5278,d25_t17_r03_s028,3.5,17,3,105,ising2d_t17_r03_seed25071,25071,down,1160,28,validation,-0.84,-0.125,0.125,0.5527500000000001
5279,d25_t17_r03_s029,3.5,17,3,105,ising2d_t17_r03_seed25071,25071,down,1200,29,validation,-0.7,-0.075,0.075,0.5338749999999999
5280,d25_t17_r03_s030,3.5,17,3,105,ising2d_t17_r03_seed25071,25071,down,1240,30,validation,-0.69,0.115,0.115,0.5376250000000001
5281,d25_t17_r03_s031,3.5,17,3,105,ising2d_t17_r03_seed25071,25071,down,1280,31,validation,-0.87,-0.18,0.18,0.5430624999999998
5282,d25_t17_r03_s032,3.5,17,3,105,ising2d_t17_r03_seed25071,25071,down,1320,32,validation,-0.51,-0.07,0.07,0.542875
5283,d25_t17_r03_s033,3.5,17,3,105,ising2d_t17_r03_seed25071,25071,down,1360,33,validation,-0.56,0.11,0.11,0.5321250000000001
5284,d25_t17_r03_s034,3.5,17,3,105,ising2d_t17_r03_seed25071,25071,down,1400,34,validation,-0.64,-0.07,0.07,0.5603750000000001
5285,d25_t17_r03_s035,3.5,17,3,105,ising2d_t17_r03_seed25071,25071,down,1440,35,validation,-0.78,0.145,0.145,0.5308125000000001
5286,d25_t17_r03_s036,3.5,17,3,105,ising2d_t17_r03_seed25071,25071,down,1480,36,validation,-0.73,0.045,0.045,0.5388750000000001
5287,d25_t17_r03_s037,3.5,17,3,105,ising2d_t17_r03_seed25071,25071,down,1520,37,validation,-0.7,-0.05,0.05,0.5568124999999998
5288,d25_t17_r03_s038,3.5,17,3,105,ising2d_t17_r03_seed25071,25071,down,1560,38,validation,-0.53,0.015,0.015,0.5510625
5289,d25_t17_r03_s039,3.5,17,3,105,ising2d_t17_r03_seed25071,25071,down,1600,39,validation,-0.61,0.01,0.01,0.5603125000000001
5290,d25_t17_r03_s040,3.5,17,3,105,ising2d_t17_r03_seed25071,25071,down,1640,40,validation,-0.49,0.09,0.09,0.557125
5291,d25_t17_r03_s041,3.5,17,3,105,ising2d_t17_r03_seed25071,25071,down,1680,41,validation,-0.71,-0.08,0.08,0.5517500000000001
5292,d25_t17_r03_s042,3.5,17,3,105,ising2d_t17_r03_seed25071,25071,down,1720,42,validation,-0.61,-0.14,0.14,0.5481250000000001
5293,d25_t17_r03_s043,3.5,17,3,105,ising2d_t17_r03_seed25071,25071,down,1760,43,validation,-0.59,-0.165,0.165,0.5520625
5294,d25_t17_r03_s044,3.5,17,3,105,ising2d_t17_r03_seed25071,25071,down,1800,44,validation,-0.82,-0.065,0.065,0.549375
5295,d25_t17_r03_s045,3.5,17,3,105,ising2d_t17_r03_seed25071,25071,down,1840,45,validation,-0.84,-0.345,0.345,0.5419999999999999
5296,d25_t17_r03_s046,3.5,17,3,105,ising2d_t17_r03_seed25071,25071,down,1880,46,validation,-0.59,0.125,0.125,0.53575
5297,d25_t17_r03_s047,3.5,17,3,105,ising2d_t17_r03_seed25071,25071,down,1920,47,validation,-0.58,-0.165,0.165,0.5743750000000002
5298,d25_t17_r03_s048,3.5,17,3,105,ising2d_t17_r03_seed25071,25071,down,1960,48,validation,-0.62,0.03,0.03,0.5503124999999999
5299,d25_t17_r03_s049,3.5,17,3,105,ising2d_t17_r03_seed25071,25071,down,2000,49,validation,-0.66,0.065,0.065,0.5479375
5300,d25_t17_r04_s000,3.5,17,4,106,ising2d_t17_r04_seed25089,25089,up,40,0,test,-0.71,-0.22,0.22,0.5475000000000001
5301,d25_t17_r04_s001,3.5,17,4,106,ising2d_t17_r04_seed25089,25089,up,80,1,test,-0.67,0.15,0.15,0.540125
5302,d25_t17_r04_s002,3.5,17,4,106,ising2d_t17_r04_seed25089,25089,up,120,2,test,-0.64,-0.05,0.05,0.562375
5303,d25_t17_r04_s003,3.5,17,4,106,ising2d_t17_r04_seed25089,25089,up,160,3,test,-0.73,-0.045,0.045,0.5458125
5304,d25_t17_r04_s004,3.5,17,4,106,ising2d_t17_r04_seed25089,25089,up,200,4,test,-0.63,0.25,0.25,0.5450625
5305,d25_t17_r04_s005,3.5,17,4,106,ising2d_t17_r04_seed25089,25089,up,240,5,test,-0.7,0.19,0.19,0.5463749999999999
5306,d25_t17_r04_s006,3.5,17,4,106,ising2d_t17_r04_seed25089,25089,up,280,6,test,-0.67,0.03,0.03,0.5533750000000002
5307,d25_t17_r04_s007,3.5,17,4,106,ising2d_t17_r04_seed25089,25089,up,320,7,test,-0.74,0.07,0.07,0.557875
5308,d25_t17_r04_s008,3.5,17,4,106,ising2d_t17_r04_seed25089,25089,up,360,8,test,-0.71,-0.035,0.035,0.5628124999999998
5309,d25_t17_r04_s009,3.5,17,4,106,ising2d_t17_r04_seed25089,25089,up,400,9,test,-0.61,0.12,0.12,0.5395625
5310,d25_t17_r04_s010,3.5,17,4,106,ising2d_t17_r04_seed25089,25089,up,440,10,test,-0.67,-0.155,0.155,0.5528125
5311,d25_t17_r04_s011,3.5,17,4,106,ising2d_t17_r04_seed25089,25089,up,480,11,test,-0.69,-0.075,0.075,0.5530000000000002
5312,d25_t17_r04_s012,3.5,17,4,106,ising2d_t17_r04_seed25089,25089,up,520,12,test,-0.71,-0.115,0.115,0.5476249999999999
5313,d25_t17_r04_s013,3.5,17,4,106,ising2d_t17_r04_seed25089,25089,up,560,13,test,-0.57,-0.005,0.005,0.5250000000000001
5314,d25_t17_r04_s014,3.5,17,4,106,ising2d_t17_r04_seed25089,25089,up,600,14,test,-0.77,0.045,0.045,0.561875
5315,d25_t17_r04_s015,3.5,17,4,106,ising2d_t17_r04_seed25089,25089,up,640,15,test,-0.82,0.295,0.295,0.5592499999999998
5316,d25_t17_r04_s016,3.5,17,4,106,ising2d_t17_r04_seed25089,25089,up,680,16,test,-0.57,-0.28,0.28,0.5468124999999999
5317,d25_t17_r04_s017,3.5,17,4,106,ising2d_t17_r04_seed25089,25089,up,720,17,test,-0.61,0.12,0.12,0.555875
5318,d25_t17_r04_s018,3.5,17,4,106,ising2d_t17_r04_seed25089,25089,up,760,18,test,-0.43,0.015,0.015,0.5568125000000002
5319,d25_t17_r04_s019,3.5,17,4,106,ising2d_t17_r04_seed25089,25089,up,800,19,test,-0.59,0.1,0.1,0.5509375000000001
5320,d25_t17_r04_s020,3.5,17,4,106,ising2d_t17_r04_seed25089,25089,up,840,20,test,-0.54,0.025,0.025,0.5498125000000001
5321,d25_t17_r04_s021,3.5,17,4,106,ising2d_t17_r04_seed25089,25089,up,880,21,test,-0.71,0.05,0.05,0.5535625000000002
5322,d25_t17_r04_s022,3.5,17,4,106,ising2d_t17_r04_seed25089,25089,up,920,22,test,-0.83,-0.14,0.14,0.5631249999999997
5323,d25_t17_r04_s023,3.5,17,4,106,ising2d_t17_r04_seed25089,25089,up,960,23,test,-0.7,-0.08,0.08,0.5430000000000001
5324,d25_t17_r04_s024,3.5,17,4,106,ising2d_t17_r04_seed25089,25089,up,1000,24,test,-0.66,-0.005,0.005,0.5513125
5325,d25_t17_r04_s025,3.5,17,4,106,ising2d_t17_r04_seed25089,25089,up,1040,25,test,-0.6,-0.15,0.15,0.5480625
5326,d25_t17_r04_s026,3.5,17,4,106,ising2d_t17_r04_seed25089,25089,up,1080,26,test,-0.65,0.095,0.095,0.5460624999999999
5327,d25_t17_r04_s027,3.5,17,4,106,ising2d_t17_r04_seed25089,25089,up,1120,27,test,-0.58,0.165,0.165,0.5511250000000001
5328,d25_t17_r04_s028,3.5,17,4,106,ising2d_t17_r04_seed25089,25089,up,1160,28,test,-0.72,-0.13,0.13,0.5395625000000003
5329,d25_t17_r04_s029,3.5,17,4,106,ising2d_t17_r04_seed25089,25089,up,1200,29,test,-0.65,-0.1,0.1,0.5556250000000001
5330,d25_t17_r04_s030,3.5,17,4,106,ising2d_t17_r04_seed25089,25089,up,1240,30,test,-0.67,-0.035,0.035,0.5399375
5331,d25_t17_r04_s031,3.5,17,4,106,ising2d_t17_r04_seed25089,25089,up,1280,31,test,-0.66,0.045,0.045,0.5503750000000001
5332,d25_t17_r04_s032,3.5,17,4,106,ising2d_t17_r04_seed25089,25089,up,1320,32,test,-0.59,-0.01,0.01,0.5404375
5333,d25_t17_r04_s033,3.5,17,4,106,ising2d_t17_r04_seed25089,25089,up,1360,33,test,-0.56,0.06,0.06,0.5495000000000001
5334,d25_t17_r04_s034,3.5,17,4,106,ising2d_t17_r04_seed25089,25089,up,1400,34,test,-0.71,-0.04,0.04,0.5301250000000001
5335,d25_t17_r04_s035,3.5,17,4,106,ising2d_t17_r04_seed25089,25089,up,1440,35,test,-0.72,0.08,0.08,0.547125
5336,d25_t17_r04_s036,3.5,17,4,106,ising2d_t17_r04_seed25089,25089,up,1480,36,test,-0.69,0.015,0.015,0.5648125000000002
5337,d25_t17_r04_s037,3.5,17,4,106,ising2d_t17_r04_seed25089,25089,up,1520,37,test,-0.62,-0.125,0.125,0.5541249999999999
5338,d25_t17_r04_s038,3.5,17,4,106,ising2d_t17_r04_seed25089,25089,up,1560,38,test,-0.63,0.06,0.06,0.5459374999999999
5339,d25_t17_r04_s039,3.5,17,4,106,ising2d_t17_r04_seed25089,25089,up,1600,39,test,-0.68,0.07,0.07,0.5469999999999999
5340,d25_t17_r04_s040,3.5,17,4,106,ising2d_t17_r04_seed25089,25089,up,1640,40,test,-0.63,0.015,0.015,0.5544375000000001
5341,d25_t17_r04_s041,3.5,17,4,106,ising2d_t17_r04_seed25089,25089,up,1680,41,test,-0.69,0.25,0.25,0.5369374999999998
5342,d25_t17_r04_s042,3.5,17,4,106,ising2d_t17_r04_seed25089,25089,up,1720,42,test,-0.85,-0.3,0.3,0.544875
5343,d25_t17_r04_s043,3.5,17,4,106,ising2d_t17_r04_seed25089,25089,up,1760,43,test,-0.71,0.195,0.195,0.5454374999999999
5344,d25_t17_r04_s044,3.5,17,4,106,ising2d_t17_r04_seed25089,25089,up,1800,44,test,-0.6,-0.03,0.03,0.5441874999999998
5345,d25_t17_r04_s045,3.5,17,4,106,ising2d_t17_r04_seed25089,25089,up,1840,45,test,-0.81,0.125,0.125,0.5400625
5346,d25_t17_r04_s046,3.5,17,4,106,ising2d_t17_r04_seed25089,25089,up,1880,46,test,-0.81,0.085,0.085,0.5422499999999999
5347,d25_t17_r04_s047,3.5,17,4,106,ising2d_t17_r04_seed25089,25089,up,1920,47,test,-0.69,0.06,0.06,0.5461875
5348,d25_t17_r04_s048,3.5,17,4,106,ising2d_t17_r04_seed25089,25089,up,1960,48,test,-0.79,-0.18,0.18,0.553625
5349,d25_t17_r04_s049,3.5,17,4,106,ising2d_t17_r04_seed25089,25089,up,2000,49,test,-0.75,-0.09,0.09,0.5548749999999999
5350,d25_t17_r05_s000,3.5,17,5,107,ising2d_t17_r05_seed25107,25107,down,40,0,test,-0.59,0.06,0.06,0.54925
5351,d25_t17_r05_s001,3.5,17,5,107,ising2d_t17_r05_seed25107,25107,down,80,1,test,-0.64,-0.215,0.215,0.5526875
5352,d25_t17_r05_s002,3.5,17,5,107,ising2d_t17_r05_seed25107,25107,down,120,2,test,-0.82,0.16,0.16,0.5576875
5353,d25_t17_r05_s003,3.5,17,5,107,ising2d_t17_r05_seed25107,25107,down,160,3,test,-0.77,-0.095,0.095,0.5644374999999999
5354,d25_t17_r05_s004,3.5,17,5,107,ising2d_t17_r05_seed25107,25107,down,200,4,test,-0.65,0.12,0.12,0.5446875
5355,d25_t17_r05_s005,3.5,17,5,107,ising2d_t17_r05_seed25107,25107,down,240,5,test,-0.66,-0.27,0.27,0.555625
5356,d25_t17_r05_s006,3.5,17,5,107,ising2d_t17_r05_seed25107,25107,down,280,6,test,-0.59,0.1,0.1,0.548125
5357,d25_t17_r05_s007,3.5,17,5,107,ising2d_t17_r05_seed25107,25107,down,320,7,test,-0.6,-0.045,0.045,0.5591875000000003
5358,d25_t17_r05_s008,3.5,17,5,107,ising2d_t17_r05_seed25107,25107,down,360,8,test,-0.79,-0.095,0.095,0.5623750000000001
5359,d25_t17_r05_s009,3.5,17,5,107,ising2d_t17_r05_seed25107,25107,down,400,9,test,-0.73,0.28,0.28,0.5664374999999999
5360,d25_t17_r05_s010,3.5,17,5,107,ising2d_t17_r05_seed25107,25107,down,440,10,test,-0.56,-0.045,0.045,0.5576875
5361,d25_t17_r05_s011,3.5,17,5,107,ising2d_t17_r05_seed25107,25107,down,480,11,test,-0.73,-0.32,0.32,0.5500624999999999
5362,d25_t17_r05_s012,3.5,17,5,107,ising2d_t17_r05_seed25107,25107,down,520,12,test,-0.46,-0.01,0.01,0.56725
5363,d25_t17_r05_s013,3.5,17,5,107,ising2d_t17_r05_seed25107,25107,down,560,13,test,-0.61,0.095,0.095,0.5593125
5364,d25_t17_r05_s014,3.5,17,5,107,ising2d_t17_r05_seed25107,25107,down,600,14,test,-0.78,0.2,0.2,0.5398124999999999
5365,d25_t17_r05_s015,3.5,17,5,107,ising2d_t17_r05_seed25107,25107,down,640,15,test,-0.62,0.155,0.155,0.5440624999999999
5366,d25_t17_r05_s016,3.5,17,5,107,ising2d_t17_r05_seed25107,25107,down,680,16,test,-0.5,-0.05,0.05,0.5395625
5367,d25_t17_r05_s017,3.5,17,5,107,ising2d_t17_r05_seed25107,25107,down,720,17,test,-0.72,0.135,0.135,0.5465625000000001
5368,d25_t17_r05_s018,3.5,17,5,107,ising2d_t17_r05_seed25107,25107,down,760,18,test,-0.66,0.0,0.0,0.5574374999999999
5369,d25_t17_r05_s019,3.5,17,5,107,ising2d_t17_r05_seed25107,25107,down,800,19,test,-0.82,0.01,0.01,0.5438750000000001
5370,d25_t17_r05_s020,3.5,17,5,107,ising2d_t17_r05_seed25107,25107,down,840,20,test,-0.6,-0.15,0.15,0.5486250000000001
5371,d25_t17_r05_s021,3.5,17,5,107,ising2d_t17_r05_seed25107,25107,down,880,21,test,-0.67,-0.065,0.065,0.5521875000000002
5372,d25_t17_r05_s022,3.5,17,5,107,ising2d_t17_r05_seed25107,25107,down,920,22,test,-0.74,-0.13,0.13,0.5536875
5373,d25_t17_r05_s023,3.5,17,5,107,ising2d_t17_r05_seed25107,25107,down,960,23,test,-0.73,-0.09,0.09,0.5414999999999999
5374,d25_t17_r05_s024,3.5,17,5,107,ising2d_t17_r05_seed25107,25107,down,1000,24,test,-0.64,-0.06,0.06,0.5425000000000001
5375,d25_t17_r05_s025,3.5,17,5,107,ising2d_t17_r05_seed25107,25107,down,1040,25,test,-0.52,-0.015,0.015,0.5450625
5376,d25_t17_r05_s026,3.5,17,5,107,ising2d_t17_r05_seed25107,25107,down,1080,26,test,-0.65,0.005,0.005,0.548875
5377,d25_t17_r05_s027,3.5,17,5,107,ising2d_t17_r05_seed25107,25107,down,1120,27,test,-0.62,-0.03,0.03,0.5449375
5378,d25_t17_r05_s028,3.5,17,5,107,ising2d_t17_r05_seed25107,25107,down,1160,28,test,-0.7,0.05,0.05,0.5503750000000001
5379,d25_t17_r05_s029,3.5,17,5,107,ising2d_t17_r05_seed25107,25107,down,1200,29,test,-0.7,0.145,0.145,0.5503125000000001
5380,d25_t17_r05_s030,3.5,17,5,107,ising2d_t17_r05_seed25107,25107,down,1240,30,test,-0.63,-0.045,0.045,0.5397500000000001
5381,d25_t17_r05_s031,3.5,17,5,107,ising2d_t17_r05_seed25107,25107,down,1280,31,test,-0.75,-0.095,0.095,0.5556249999999999
5382,d25_t17_r05_s032,3.5,17,5,107,ising2d_t17_r05_seed25107,25107,down,1320,32,test,-0.52,0.095,0.095,0.5495
5383,d25_t17_r05_s033,3.5,17,5,107,ising2d_t17_r05_seed25107,25107,down,1360,33,test,-0.71,0.265,0.265,0.5657500000000001
5384,d25_t17_r05_s034,3.5,17,5,107,ising2d_t17_r05_seed25107,25107,down,1400,34,test,-0.67,-0.03,0.03,0.5530625
5385,d25_t17_r05_s035,3.5,17,5,107,ising2d_t17_r05_seed25107,25107,down,1440,35,test,-0.65,0.085,0.085,0.5485625
5386,d25_t17_r05_s036,3.5,17,5,107,ising2d_t17_r05_seed25107,25107,down,1480,36,test,-0.79,0.275,0.275,0.5281250000000001
5387,d25_t17_r05_s037,3.5,17,5,107,ising2d_t17_r05_seed25107,25107,down,1520,37,test,-0.75,0.205,0.205,0.5446250000000001
5388,d25_t17_r05_s038,3.5,17,5,107,ising2d_t17_r05_seed25107,25107,down,1560,38,test,-0.73,-0.07,0.07,0.5555625000000002
5389,d25_t17_r05_s039,3.5,17,5,107,ising2d_t17_r05_seed25107,25107,down,1600,39,test,-0.78,-0.03,0.03,0.5373749999999999
5390,d25_t17_r05_s040,3.5,17,5,107,ising2d_t17_r05_seed25107,25107,down,1640,40,test,-0.75,-0.015,0.015,0.5534375
5391,d25_t17_r05_s041,3.5,17,5,107,ising2d_t17_r05_seed25107,25107,down,1680,41,test,-0.66,0.24,0.24,0.5513125000000001
5392,d25_t17_r05_s042,3.5,17,5,107,ising2d_t17_r05_seed25107,25107,down,1720,42,test,-0.6,-0.135,0.135,0.5456874999999999
5393,d25_t17_r05_s043,3.5,17,5,107,ising2d_t17_r05_seed25107,25107,down,1760,43,test,-0.7,-0.02,0.02,0.5453125000000001
5394,d25_t17_r05_s044,3.5,17,5,107,ising2d_t17_r05_seed25107,25107,down,1800,44,test,-0.52,0.005,0.005,0.5505625000000001
5395,d25_t17_r05_s045,3.5,17,5,107,ising2d_t17_r05_seed25107,25107,down,1840,45,test,-0.79,0.16,0.16,0.5436874999999997
5396,d25_t17_r05_s046,3.5,17,5,107,ising2d_t17_r05_seed25107,25107,down,1880,46,test,-0.67,0.035,0.035,0.5528125
5397,d25_t17_r05_s047,3.5,17,5,107,ising2d_t17_r05_seed25107,25107,down,1920,47,test,-0.62,0.145,0.145,0.54525
5398,d25_t17_r05_s048,3.5,17,5,107,ising2d_t17_r05_seed25107,25107,down,1960,48,test,-0.75,0.15,0.15,0.5491874999999997
5399,d25_t17_r05_s049,3.5,17,5,107,ising2d_t17_r05_seed25107,25107,down,2000,49,test,-0.59,0.155,0.155,0.5430624999999999
